{"type":"FeatureCollection","features":[{"type":"Feature","id":"way/275862897","properties":{"access":"customers","amenity":"parking","building":"parking","fee":"yes","layer":"1","name":"Phoenix Mills Parking Lot","parking":"multi-storey","id":"way/275862897"},"geometry":{"type":"LineString","coordinates":[[72.8237766,18.9957191],[72.8232488,18.9943037],[72.8231916,18.9950215]]}},{"type":"Feature","id":"way/27036332","properties":{"amenity":"place_of_worship","building":"yes","name":"Siddhivinayak Mandir","name:en":"Siddhivinayak Temple","religion":"hindu","id":"way/27036332"},"geometry":{"type":"Point","coordinates":[72.8304017,19.0168831]}},{"type":"Feature","id":"way/27055930","properties":{"addr:city":"Mumbai","addr:postcode":"400050","alt_name":"Father Agnel College","alt_name:en":"Father Agnel College","amenity":"college","email":"crce@frcrce.ac.in","fax":"+91-22-67114100","name":"Fr Conceicao Rodrigues College of Engineering","name:en":"Fr Conceicao Rodrigues College of Engineering","phone":"+91-22-67114100","short_name":"FRCRCE","short_name:en":"FRCRCE","website":"https://fragnel.edu.in/","id":"way/27055930"},"geometry":{"type":"Point","coordinates":[72.8206694,19.0443385]}},{"type":"Feature","id":"way/27088816","properties":{"leisure":"golf_course","name":"Willingdon Sports Club","sport":"golf","wikidata":"Q7375016","wikipedia":"en:Royal Willingdon Sports Club","id":"way/27088816"},"geometry":{"type":"Point","coordinates":[72.8152758,18.976276]}},{"type":"Feature","id":"way/38718382","properties":{"name":"Girgaum Chowpatty Beach","name:en":"Girgaum Chowpatty Beach","name:hi":"गिरगांव चौपाटी","name:mr":"गिरगाव चौपाटी","natural":"beach","surface":"sand","tourism":"attraction","id":"way/38718382"},"geometry":{"type":"Point","coordinates":[72.8114236,18.9543869]}},{"type":"Feature","id":"way/38725419","properties":{"amenity":"school","building":"yes","name":"Walsingham House School","id":"way/38725419"},"geometry":{"type":"Point","coordinates":[72.7961926,18.9537631]}},{"type":"Feature","id":"way/38731826","properties":{"leisure":"park","name":"Aditya Birla Park","id":"way/38731826"},"geometry":{"type":"Point","coordinates":[72.7930645,18.9514565]}},{"type":"Feature","id":"way/38752100","properties":{"shop":"kiosk","id":"way/38752100"},"geometry":{"type":"Point","coordinates":[72.8012185,18.9605296]}},{"type":"Feature","id":"way/38757942","properties":{"barrier":"gate","description":"Park with jogging/walking tracks, tennis courts, gym/yoga studio, football field, children play area and running track.","leisure":"park","name":"Priyadarshini Park","id":"way/38757942"},"geometry":{"type":"Point","coordinates":[72.7990559,18.9578763]}},{"type":"Feature","id":"way/38758061","properties":{"leisure":"pitch","sport":"tennis","id":"way/38758061"},"geometry":{"type":"Point","coordinates":[72.7992617,18.9570869]}},{"type":"Feature","id":"way/38758062","properties":{"leisure":"pitch","sport":"tennis","id":"way/38758062"},"geometry":{"type":"Point","coordinates":[72.7991016,18.9568329]}},{"type":"Feature","id":"way/38763000","properties":{"leisure":"playground","sport":"basketball","id":"way/38763000"},"geometry":{"type":"Point","coordinates":[72.7967161,18.9533181]}},{"type":"Feature","id":"way/38763201","properties":{"amenity":"parking","id":"way/38763201"},"geometry":{"type":"Point","coordinates":[72.7963154,18.9537518]}},{"type":"Feature","id":"way/38833383","properties":{"leisure":"park","name":"Amarson's Park","id":"way/38833383"},"geometry":{"type":"Point","coordinates":[72.8022065,18.9694989]}},{"type":"Feature","id":"way/38833386","properties":{"building":"apartments","name":"Regency Hotel","source":"Yahoo","tourism":"hotel","id":"way/38833386"},"geometry":{"type":"Point","coordinates":[72.7980855,18.9540192]}},{"type":"Feature","id":"way/38883141","properties":{"leisure":"park","name":"Pherozeshah Mehta Gardens (Hanging Gardens)","name:etymology:wikidata":"Q3634940","opening_hours":"Mo-Su 05:00-21:00","source":"Yahoo","wikidata":"Q5647995","wikimedia_commons":"Category:Hanging Gardens of Mumbai","wikipedia":"en:Hanging Gardens of Mumbai","id":"way/38883141"},"geometry":{"type":"Point","coordinates":[72.8048197,18.9566065]}},{"type":"Feature","id":"way/38887980","properties":{"leisure":"slipway","source":"Yahoo","id":"way/38887980"},"geometry":{"type":"Point","coordinates":[72.8135291,18.9870736]}},{"type":"Feature","id":"way/38913637","properties":{"leisure":"park","name":"Lal Bahadur Shastri Udyan","name:etymology:wikidata":"Q244689","id":"way/38913637"},"geometry":{"type":"Point","coordinates":[72.8139877,18.9988803]}},{"type":"Feature","id":"way/38992576","properties":{"air_conditioning":"yes","amenity":"planetarium","building":"yes","check_date":"2026-03-20","name":"Nehru Planetarium","name:en":"Nehru Planetarium","name:hi":"नेहरू तारामंडल","website":"https://www.nehrucentremumbai.in/planetarium-about-us/","id":"way/38992576"},"geometry":{"type":"Point","coordinates":[72.814775,18.9900905]}},{"type":"Feature","id":"way/38993611","properties":{"leisure":"pitch","source":"Yahoo","sport":"tennis","id":"way/38993611"},"geometry":{"type":"Point","coordinates":[72.8148017,18.9855299]}},{"type":"Feature","id":"way/38993906","properties":{"leisure":"pitch","source":"Yahoo","sport":"tennis","id":"way/38993906"},"geometry":{"type":"Point","coordinates":[72.8149465,18.9855886]}},{"type":"Feature","id":"way/38994055","properties":{"leisure":"pitch","source":"Yahoo","sport":"tennis","id":"way/38994055"},"geometry":{"type":"Point","coordinates":[72.8164668,18.985239]}},{"type":"Feature","id":"way/38994097","properties":{"leisure":"pitch","source":"Yahoo","sport":"tennis","id":"way/38994097"},"geometry":{"type":"Point","coordinates":[72.81658,18.9852843]}},{"type":"Feature","id":"way/38994157","properties":{"leisure":"pitch","source":"Yahoo","sport":"tennis","id":"way/38994157"},"geometry":{"type":"Point","coordinates":[72.8167204,18.9853373]}},{"type":"Feature","id":"way/38994205","properties":{"leisure":"pitch","source":"Yahoo","sport":"tennis","id":"way/38994205"},"geometry":{"type":"Point","coordinates":[72.8168438,18.9853882]}},{"type":"Feature","id":"way/39112636","properties":{"leisure":"park","id":"way/39112636"},"geometry":{"type":"Point","coordinates":[72.8046603,18.9552329]}},{"type":"Feature","id":"way/39120805","properties":{"access":"private","leisure":"swimming_pool","name":"Malabar Hill Club Pool","source":"Yahoo","sport":"swimming","id":"way/39120805"},"geometry":{"type":"Point","coordinates":[72.8035277,18.954479]}},{"type":"Feature","id":"way/39124940","properties":{"leisure":"pitch","sport":"tennis","id":"way/39124940"},"geometry":{"type":"Point","coordinates":[72.8028599,18.9541156]}},{"type":"Feature","id":"way/39125011","properties":{"leisure":"pitch","source":"Yahoo","sport":"tennis","id":"way/39125011"},"geometry":{"type":"Point","coordinates":[72.8029645,18.9540482]}},{"type":"Feature","id":"way/39134293","properties":{"leisure":"pitch","sport":"tennis","id":"way/39134293"},"geometry":{"type":"Point","coordinates":[72.7985249,18.9562337]}},{"type":"Feature","id":"way/39162781","properties":{"amenity":"place_of_worship","building":"apartments","denomination":"parsi","name":"Shapoorji Fakirji Jokhi Agiary","religion":"zoroastrian","id":"way/39162781"},"geometry":{"type":"Point","coordinates":[72.8041379,18.9610611]}},{"type":"Feature","id":"way/39163544","properties":{"leisure":"garden","name":"Shantivan Garden","source":"GPS","id":"way/39163544"},"geometry":{"type":"Point","coordinates":[72.8036742,18.9580265]}},{"type":"Feature","id":"way/39163912","properties":{"addr:housenumber":"11","amenity":"place_of_worship","building":"apartments","denomination":"anglican","name":"All Saints Church","religion":"christian","id":"way/39163912"},"geometry":{"type":"Point","coordinates":[72.8034683,18.9558307]}},{"type":"Feature","id":"way/39165067","properties":{"building":"apartments","building:levels":"10","name":"Hotel Shalimar","source":"Yahoo","tourism":"hotel","id":"way/39165067"},"geometry":{"type":"Point","coordinates":[72.8060273,18.9640557]}},{"type":"Feature","id":"way/39165242","properties":{"amenity":"fuel; kiosk","highway":"services","operator":"IBP","id":"way/39165242"},"geometry":{"type":"Point","coordinates":[72.8056397,18.9643466]}},{"type":"Feature","id":"way/39165551","properties":{"leisure":"garden","id":"way/39165551"},"geometry":{"type":"Point","coordinates":[72.804542,18.9545532]}},{"type":"Feature","id":"way/39165552","properties":{"leisure":"garden","id":"way/39165552"},"geometry":{"type":"Point","coordinates":[72.8051855,18.9548689]}},{"type":"Feature","id":"way/39165930","properties":{"leisure":"playground","id":"way/39165930"},"geometry":{"type":"Point","coordinates":[72.8042158,18.9542285]}},{"type":"Feature","id":"way/39169074","properties":{"leisure":"playground","id":"way/39169074"},"geometry":{"type":"Point","coordinates":[72.7933477,18.9520368]}},{"type":"Feature","id":"way/39170299","properties":{"access":"no","leisure":"garden","id":"way/39170299"},"geometry":{"type":"Point","coordinates":[72.7972573,18.9525564]}},{"type":"Feature","id":"way/39181022","properties":{"leisure":"park","name":"Kamala Nehru Park","name:etymology:wikidata":"Q3633365","opening_hours":"05:00-21:00","wikidata":"Q6355601","wikipedia":"en:Kamala Nehru Park, Mumbai","id":"way/39181022"},"geometry":{"type":"Point","coordinates":[72.8048767,18.95502]}},{"type":"Feature","id":"way/39220797","properties":{"leisure":"pitch","name":"Gandhi Maidan","source":"GPS","id":"way/39220797"},"geometry":{"type":"Point","coordinates":[72.8190787,19.002795]}},{"type":"Feature","id":"way/39220946","properties":{"access":"private","leisure":"sports_centre","name":"Breach Candy Swimming Bath Trust","source":"GPS","id":"way/39220946"},"geometry":{"type":"Point","coordinates":[72.8037035,18.971825]}},{"type":"Feature","id":"way/39221054","properties":{"leisure":"swimming_pool","source":"GPS","id":"way/39221054"},"geometry":{"type":"Point","coordinates":[72.8036215,18.9716763]}},{"type":"Feature","id":"way/39221269","properties":{"access":"private","amenity":"parking","source":"GPS","id":"way/39221269"},"geometry":{"type":"Point","coordinates":[72.8045451,18.9720328]}},{"type":"Feature","id":"way/39221271","properties":{"leisure":"swimming_pool","source":"GPS","id":"way/39221271"},"geometry":{"type":"Point","coordinates":[72.8038318,18.9714571]}},{"type":"Feature","id":"way/39221473","properties":{"leisure":"pitch","source":"GPS","sport":"tennis","id":"way/39221473"},"geometry":{"type":"Point","coordinates":[72.8036043,18.9712502]}},{"type":"Feature","id":"way/39221474","properties":{"leisure":"pitch","source":"GPS","sport":"volleyball","id":"way/39221474"},"geometry":{"type":"Point","coordinates":[72.8037931,18.9713071]}},{"type":"Feature","id":"way/39223006","properties":{"access":"no","leisure":"park","id":"way/39223006"},"geometry":{"type":"Point","coordinates":[72.8013586,18.9578366]}},{"type":"Feature","id":"way/39223009","properties":{"access":"no","leisure":"park","id":"way/39223009"},"geometry":{"type":"Point","coordinates":[72.8031107,18.9577355]}},{"type":"Feature","id":"way/39223162","properties":{"amenity":"hospital","building:levels":"10","emergency":"yes","healthcare":"hospital","name":"ब्रीच कँडी हॉस्पिटल","name:en":"Breach Candy Hospital","name:hi":"ब्रीच कैंडी अस्पताल","source":"Yahoo","wikidata":"Q4959103","wikipedia":"en:Breach Candy Hospital","id":"way/39223162"},"geometry":{"type":"Point","coordinates":[72.8043143,18.9725946]}},{"type":"Feature","id":"way/39223605","properties":{"leisure":"swimming_pool","name":"Mafatlal Bath","source":"Yahoo","sport":"swimming","id":"way/39223605"},"geometry":{"type":"Point","coordinates":[72.8151184,18.9531287]}},{"type":"Feature","id":"way/39223607","properties":{"leisure":"swimming_pool","name":"Mafatlal Bath","source":"Yahoo","sport":"swimming","id":"way/39223607"},"geometry":{"type":"Point","coordinates":[72.8153974,18.9528039]}},{"type":"Feature","id":"way/39353075","properties":{"access":"private","amenity":"parking","building":"yes","name":"Siemens office parking","parking":"multi-storey","source":"Yahoo","id":"way/39353075"},"geometry":{"type":"Point","coordinates":[72.8210607,19.0059669]}},{"type":"Feature","id":"way/39477044","properties":{"leisure":"playground","source":"GPS","id":"way/39477044"},"geometry":{"type":"Point","coordinates":[72.804485,18.9713632]}},{"type":"Feature","id":"way/39487489","properties":{"addr:city":"Mumbai","addr:country":"IN","addr:state":"Maharastra","leisure":"park","name":"Desai Park","id":"way/39487489"},"geometry":{"type":"Point","coordinates":[72.8445727,19.0377645]}},{"type":"Feature","id":"way/39490158","properties":{"leisure":"park","id":"way/39490158"},"geometry":{"type":"Point","coordinates":[72.8189437,19.0424621]}},{"type":"Feature","id":"way/39834515","properties":{"amenity":"fire_station","building":"apartments","name":"Gowalia Tank Fire Station","id":"way/39834515"},"geometry":{"type":"Point","coordinates":[72.8127343,18.9617195]}},{"type":"Feature","id":"way/39834520","properties":{"amenity":"police","building":"apartments","name":"Gamdevi Police Station","id":"way/39834520"},"geometry":{"type":"Point","coordinates":[72.8123593,18.9605234]}},{"type":"Feature","id":"way/39835569","properties":{"building":"historic","description":"Mahatma Ghandi's home 1917-1932","name":"Mani Bhavan","tourism":"museum","wikidata":"Q3634413","wikimedia_commons":"Category:Mani Bhavan","wikipedia":"en:Mani Bhavan","id":"way/39835569"},"geometry":{"type":"Point","coordinates":[72.8114984,18.9598898]}},{"type":"Feature","id":"way/39836739","properties":{"addr:city":"Mumbai","addr:district":"Mumbai","addr:postcode":"400007","addr:street":"Gamdevi Lane","amenity":"school","building":"yes","name":"St. Columba High School","id":"way/39836739"},"geometry":{"type":"Point","coordinates":[72.8119913,18.9606918]}},{"type":"Feature","id":"way/39837371","properties":{"amenity":"place_of_worship","building":"apartments","denomination":"parsi","name":"Modi Sorabji Vachaghandhy Agiary","religion":"zoroastrian","source":"Yahoo","id":"way/39837371"},"geometry":{"type":"Point","coordinates":[72.8102802,18.9590929]}},{"type":"Feature","id":"way/39838498","properties":{"amenity":"hospital","building":"apartments","name":"Ruxmani Lying in Hospital","id":"way/39838498"},"geometry":{"type":"Point","coordinates":[72.8092739,18.9577305]}},{"type":"Feature","id":"way/39838814","properties":{"amenity":"fuel","operator":"Bharat Fuel","id":"way/39838814"},"geometry":{"type":"Point","coordinates":[72.8106697,18.9585436]}},{"type":"Feature","id":"way/39838821","properties":{"leisure":"park","id":"way/39838821"},"geometry":{"type":"Point","coordinates":[72.8085845,18.9564137]}},{"type":"Feature","id":"way/39838856","properties":{"amenity":"place_of_worship","building":"apartments","name":"Babunath Temple","religion":"hindu","source":"GPS","id":"way/39838856"},"geometry":{"type":"Point","coordinates":[72.8085682,18.958748]}},{"type":"Feature","id":"way/39839316","properties":{"addr:postcode":"400007","addr:street":"P Ramabai Marg","amenity":"fast_food","brand":"Cinnabon","brand:wikidata":"Q1092539","building":"apartments","cuisine":"dessert","name":"Cinnabon","name:en":"Cinnabon","opening_hours":"Mo-Su 07:30-00:00","phone":"022-23808324","takeaway":"yes","id":"way/39839316"},"geometry":{"type":"Point","coordinates":[72.81259,18.9606984]}},{"type":"Feature","id":"way/39839519","properties":{"amenity":"police","building":"apartments","layer":"1","name":"Traffic Police","id":"way/39839519"},"geometry":{"type":"Point","coordinates":[72.8128372,18.9615551]}},{"type":"Feature","id":"way/39839763","properties":{"amenity":"pharmacy","building":"apartments","healthcare":"pharmacy","name":"Nana Chowk Public Dispensary","id":"way/39839763"},"geometry":{"type":"Point","coordinates":[72.8128845,18.9612463]}},{"type":"Feature","id":"way/39841636","properties":{"amenity":"bank","building":"apartments","name":"Shanti Sadan","operator":"Dena Bank","id":"way/39841636"},"geometry":{"type":"Point","coordinates":[72.809791,18.9600786]}},{"type":"Feature","id":"way/39842003","properties":{"amenity":"school","building":"apartments","name":"BM Ruia Girls College","id":"way/39842003"},"geometry":{"type":"Point","coordinates":[72.810409,18.959695]}},{"type":"Feature","id":"way/40444670","properties":{"leisure":"garden","id":"way/40444670"},"geometry":{"type":"Point","coordinates":[72.8105481,18.9629015]}},{"type":"Feature","id":"way/40664413","properties":{"amenity":"market","building":"yes","landuse":"retail","name":"Dongri Market","id":"way/40664413"},"geometry":{"type":"Point","coordinates":[72.8382973,18.9598001]}},{"type":"Feature","id":"way/40729880","properties":{"addr:city":"Mumbai","addr:district":"mumbai","addr:housenumber":"1","addr:postcode":"400011","addr:street":"YMCA Road","leisure":"park","name":"Baby Garden","opening_hours":"Mo-Fr 08:00-17:00","operator":"xyz","operator:type":"public","source":"GPS;local knowledge","id":"way/40729880"},"geometry":{"type":"Point","coordinates":[72.8240105,18.9732738]}},{"type":"Feature","id":"way/40734136","properties":{"amenity":"waste_transfer_station","operator":"BMC","id":"way/40734136"},"geometry":{"type":"Point","coordinates":[72.8261326,18.984706]}},{"type":"Feature","id":"way/40734170","properties":{"amenity":"fuel","brand":"Mahanagar Gas","fuel:cng":"yes","id":"way/40734170"},"geometry":{"type":"Point","coordinates":[72.8308549,18.9852542]}},{"type":"Feature","id":"way/40734542","properties":{"alt_name":"Mumbai Central Prison","amenity":"prison","check_date":"2026-03-20","name":"Arthur Road Jail","wikidata":"Q4800141","id":"way/40734542"},"geometry":{"type":"Point","coordinates":[72.8294969,18.985162]}},{"type":"Feature","id":"way/40739096","properties":{"amenity":"restaurant","building":"apartments","cuisine":"Goan","name":"Goa Portuguesa","id":"way/40739096"},"geometry":{"type":"Point","coordinates":[72.840334,19.031794]}},{"type":"Feature","id":"way/40748778","properties":{"landuse":"recreation_ground","leisure":"park","name":"August Kranti Maidan","name:etymology:wikidata":"Q1992677","old_name":"Gowalia Tank","wikidata":"Q5589979","wikimedia_commons":"Category:Gowalia Tank","wikipedia":"en:Gowalia Tank","id":"way/40748778"},"geometry":{"type":"Point","coordinates":[72.8102102,18.9623097]}},{"type":"Feature","id":"way/42321798","properties":{"leisure":"garden","id":"way/42321798"},"geometry":{"type":"Point","coordinates":[72.8184173,18.9708281]}},{"type":"Feature","id":"way/42321804","properties":{"leisure":"pitch","source":"GPS","id":"way/42321804"},"geometry":{"type":"Point","coordinates":[72.8183668,18.970185]}},{"type":"Feature","id":"way/42441130","properties":{"addr:postcode":"400018","addr:street":"Dr Annie Besant Road","building":"commercial","check_date":"2026-03-20","contact:instagram":"atriamallworli","shop":"mall","source":"Yahoo","wheelchair":"limited","id":"way/42441130"},"geometry":{"type":"Point","coordinates":[72.814566,18.9911332]}},{"type":"Feature","id":"way/42441498","properties":{"amenity":"bus_station","bus":"yes","check_date":"2026-03-20","public_transport":"station","wheelchair":"limited","id":"way/42441498"},"geometry":{"type":"Point","coordinates":[72.814173,18.9867995]}},{"type":"Feature","id":"way/42441795","properties":{"leisure":"garden","name":"Nehru Planetarium Garden","source":"Yahoo","id":"way/42441795"},"geometry":{"type":"Point","coordinates":[72.8143236,18.9892449]}},{"type":"Feature","id":"way/42448433","properties":{"leisure":"park","id":"way/42448433"},"geometry":{"type":"Point","coordinates":[72.8146773,18.9809731]}},{"type":"Feature","id":"way/46721513","properties":{"building":"yes","name":"ITC Grand Central","tourism":"hotel","id":"way/46721513"},"geometry":{"type":"Point","coordinates":[72.8382792,18.9982254]}},{"type":"Feature","id":"way/46722125","properties":{"leisure":"park","name":"Nare Park","source":"Yahoo","id":"way/46722125"},"geometry":{"type":"Point","coordinates":[72.8389527,18.9997522]}},{"type":"Feature","id":"way/46722126","properties":{"leisure":"park","source":"Yahoo","id":"way/46722126"},"geometry":{"type":"Point","coordinates":[72.8393469,19.0010608]}},{"type":"Feature","id":"way/47977744","properties":{"amenity":"marketplace","building":"yes","check_date":"2026-03-20","name":"Lokmanya Tilak Market","old_name":"Gurunanak Market","source":"GPS","id":"way/47977744"},"geometry":{"type":"Point","coordinates":[72.8184931,18.9611708]}},{"type":"Feature","id":"way/47978361","properties":{"amenity":"cinema","building":"yes","name":"Naaz Cinema","id":"way/47978361"},"geometry":{"type":"Point","coordinates":[72.8183294,18.9588421]}},{"type":"Feature","id":"way/47978362","properties":{"amenity":"cinema","building":"yes","name":"Swastik Cinema","id":"way/47978362"},"geometry":{"type":"Point","coordinates":[72.8182866,18.959248]}},{"type":"Feature","id":"way/47978363","properties":{"amenity":"cinema","building":"yes","check_date":"2026-03-20","name":"Imperial Cinema","id":"way/47978363"},"geometry":{"type":"Point","coordinates":[72.8175704,18.9586037]}},{"type":"Feature","id":"way/47978479","properties":{"amenity":"cinema","building":"yes","name":"Dreamland","id":"way/47978479"},"geometry":{"type":"Point","coordinates":[72.8191502,18.9596793]}},{"type":"Feature","id":"way/48052290","properties":{"leisure":"garden","source":"GPS","id":"way/48052290"},"geometry":{"type":"Point","coordinates":[72.8053376,18.9688434]}},{"type":"Feature","id":"way/48055336","properties":{"leisure":"park","name":"Johnson & Johnson Garden","id":"way/48055336"},"geometry":{"type":"Point","coordinates":[72.8059492,18.9747267]}},{"type":"Feature","id":"way/48058450","properties":{"leisure":"pitch","sport":"athletics","id":"way/48058450"},"geometry":{"type":"Point","coordinates":[72.7985944,18.9571761]}},{"type":"Feature","id":"way/48058451","properties":{"leisure":"pitch","sport":"football","id":"way/48058451"},"geometry":{"type":"Point","coordinates":[72.7986131,18.9571406]}},{"type":"Feature","id":"way/48741850","properties":{"addr:city":"Mumbai","addr:country":"IN","addr:state":"Maharashtra","amenity":"place_of_worship","building":"mosque","name":"Haji Ali","opening_hours":"Mo-Su 08:00-22:00","religion":"muslim","id":"way/48741850"},"geometry":{"type":"Point","coordinates":[72.8089875,18.9828138]}},{"type":"Feature","id":"way/48748553","properties":{"addr:city":"Mumbai","addr:district":"Mumbai City","addr:housenumber":"Grant Road","addr:postcode":"400007","addr:street":"N Bharucha Marg","amenity":"school","building":"apartments","name":"Girton High School","source":"Yahoo","id":"way/48748553"},"geometry":{"type":"Point","coordinates":[72.8157116,18.9664065]}},{"type":"Feature","id":"way/48749227","properties":{"leisure":"garden","id":"way/48749227"},"geometry":{"type":"Point","coordinates":[72.8170635,18.967494]}},{"type":"Feature","id":"way/48749358","properties":{"addr:city":"Mumbai","addr:district":"Mumbai City","addr:postcode":"400007","addr:street":"N Bharucha Marg","amenity":"post_office","building":"yes","check_date":"2026-03-20","name":"Grant Road Post Office","postal_code":"400007","source":"Yahoo","id":"way/48749358"},"geometry":{"type":"Point","coordinates":[72.8166129,18.9655092]}},{"type":"Feature","id":"way/48754742","properties":{"amenity":"fuel","brand":"Hindustan Petroleum","brand:wikidata":"Q1619375","name":"HP","official_name":"Hindustan Petroleum","operator":"HP","short_name":"HP","id":"way/48754742"},"geometry":{"type":"Point","coordinates":[72.8139453,18.9740293]}},{"type":"Feature","id":"way/48754898","properties":{"addr:city":"Mumbai","addr:postcode":"400034","addr:street":"Tardeo Police Lane","amenity":"police","building":"yes","name":"Tardeo Police Station","name:mr":"ताडदेव पोलीस स्टेशन","id":"way/48754898"},"geometry":{"type":"Point","coordinates":[72.8141846,18.969526]}},{"type":"Feature","id":"way/48758133","properties":{"amenity":"place_of_worship","building":"apartments","denomination":"parsi","name":"Kappawala Fire Temple","religion":"zoroastrian","wheelchair":"yes","id":"way/48758133"},"geometry":{"type":"Point","coordinates":[72.8156688,18.9717529]}},{"type":"Feature","id":"way/48758957","properties":{"leisure":"park","name":"Vasant Dada Patil Udyan","source":"GPS","id":"way/48758957"},"geometry":{"type":"Point","coordinates":[72.8184302,18.9722577]}},{"type":"Feature","id":"way/48759073","properties":{"amenity":"post_office","building":"yes","building:levels":"7","name":"Tulsiwadi Post Office","postal_code":"400034","source":"Yahoo","id":"way/48759073"},"geometry":{"type":"Point","coordinates":[72.8184144,18.9728367]}},{"type":"Feature","id":"way/48803406","properties":{"access":"private","leisure":"garden","name":"Adenwala Baugh","source":"GPS","id":"way/48803406"},"geometry":{"type":"Point","coordinates":[72.8139599,18.9639399]}},{"type":"Feature","id":"way/48804708","properties":{"amenity":"restaurant","building":"apartments","check_date":"2026-03-20","date":"1914","name":"B Merwan & Co Bakers","id":"way/48804708"},"geometry":{"type":"Point","coordinates":[72.8161899,18.962461]}},{"type":"Feature","id":"way/48804992","properties":{"leisure":"playground","id":"way/48804992"},"geometry":{"type":"Point","coordinates":[72.8193813,18.9679573]}},{"type":"Feature","id":"way/48807842","properties":{"leisure":"park","id":"way/48807842"},"geometry":{"type":"Point","coordinates":[72.8211456,18.9665399]}},{"type":"Feature","id":"way/48808175","properties":{"leisure":"garden","name":"Jaysinghbhai P Solanki Garden","id":"way/48808175"},"geometry":{"type":"Point","coordinates":[72.8203788,18.9649068]}},{"type":"Feature","id":"way/48809212","properties":{"addr:city":"Mumbai","amenity":"place_of_worship","building":"yes","name":"Arab Lane Masjid","religion":"muslim","id":"way/48809212"},"geometry":{"type":"Point","coordinates":[72.8233373,18.9631564]}},{"type":"Feature","id":"way/48809455","properties":{"addr:city":"Mumbai","amenity":"place_of_worship","building":"yes","name":"Chhota Sonapur Masjid","religion":"muslim","id":"way/48809455"},"geometry":{"type":"Point","coordinates":[72.8248166,18.9624582]}},{"type":"Feature","id":"way/48811826","properties":{"leisure":"sports_centre","name":"Mastan YMCA Basket Ball Mini Stadium","sport":"basketball","id":"way/48811826"},"geometry":{"type":"Point","coordinates":[72.8303798,18.9644138]}},{"type":"Feature","id":"way/48865103","properties":{"leisure":"park","name":"YMCA Ground","operator":"swaiba","operator:type":"private","id":"way/48865103"},"geometry":{"type":"Point","coordinates":[72.8243738,18.972055]}},{"type":"Feature","id":"way/48865202","properties":{"leisure":"playground","name":"J Maidan","opening_hours":"Mo-Su 08:00-18:00","id":"way/48865202"},"geometry":{"type":"Point","coordinates":[72.8270982,18.9744122]}},{"type":"Feature","id":"way/49685673","properties":{"amenity":"bus_station","bus":"yes","check_date":"2026-03-20","name":"Mumbai Central Bus Station","operator":"MSRTC","public_transport":"station","id":"way/49685673"},"geometry":{"type":"Point","coordinates":[72.8220556,18.969326]}},{"type":"Feature","id":"way/53355635","properties":{"amenity":"place_of_worship","name":"Haji Ali","religion":"muslim","id":"way/53355635"},"geometry":{"type":"Point","coordinates":[72.8088762,18.9827493]}},{"type":"Feature","id":"way/53361712","properties":{"barrier":"city_wall","building":"yes","historic":"fort","name":"Worli Fort","name:en":"Worli Fort","name:mr":"वरळी किल्ला","name:zh":"沃利堡","tourism":"attraction","wikipedia":"en:Worli Fort","id":"way/53361712"},"geometry":{"type":"Point","coordinates":[72.8168371,19.0237394]}},{"type":"Feature","id":"way/53369531","properties":{"addr:city":"Mumbai","addr:postcode":"400027","building":"yes","name":"Dr. Bhau Daji Lad Museum","tourism":"museum","wikidata":"Q5303985","wikipedia":"en:Dr. Bhau Daji Lad Museum","id":"way/53369531"},"geometry":{"type":"Point","coordinates":[72.8348102,18.9791705]}},{"type":"Feature","id":"way/55783463","properties":{"amenity":"prison","name":"Byculla Prison","id":"way/55783463"},"geometry":{"type":"Point","coordinates":[72.8301293,18.9683933]}},{"type":"Feature","id":"way/56197941","properties":{"amenity":"community_centre","building":"yes","community_centre":"community_hall","name":"Allbless Baug","source":"Yahoo","id":"way/56197941"},"geometry":{"type":"Point","coordinates":[72.8176635,18.9538343]}},{"type":"Feature","id":"way/56199740","properties":{"addr:city":"Mumbai","addr:district":"Mumbai","addr:full":"15/17, Maharshi Karve Marg","addr:postcode":"400004","addr:state":"Maharashtra","addr:street":"Maharshi Karve Road","amenity":"hospital","building":"yes","email":"write@saifeehospital.com","emergency":"yes","healthcare":"hospital","healthcare:speciality":"general;gynaecology;cardiology;surgery","name":"Saifee Hospital","name:en":"Saifee Hospital","name:etymology:wikidata":"Q7675438","operator:type":"private","source":"OpenGovernmentData","website":"https://www.saifeehospital.com/","wikidata":"Q7400018","wikimedia_commons":"Category:Saifee Hospital","wikipedia":"en:Saifee Hospital","id":"way/56199740"},"geometry":{"type":"Point","coordinates":[72.8181834,18.9525375]}},{"type":"Feature","id":"way/57672665","properties":{"leisure":"park","name":"Kabutarkhana","source":"GPS","id":"way/57672665"},"geometry":{"type":"Point","coordinates":[72.8276571,18.9531754]}},{"type":"Feature","id":"way/57673386","properties":{"amenity":"animal_shelter","building":"yes","name":"cattle gaushala","id":"way/57673386"},"geometry":{"type":"Point","coordinates":[72.8288836,18.9546636]}},{"type":"Feature","id":"way/61652000","properties":{"leisure":"garden","source":"GPS","id":"way/61652000"},"geometry":{"type":"Point","coordinates":[72.821995,18.9982817]}},{"type":"Feature","id":"way/61652769","properties":{"leisure":"garden","source":"GPS","id":"way/61652769"},"geometry":{"type":"Point","coordinates":[72.8225877,18.9890501]}},{"type":"Feature","id":"way/72241443","properties":{"leisure":"park","name":"Shreeman Kherajbhai Ladiwala Chowk","source":"GPS","id":"way/72241443"},"geometry":{"type":"Point","coordinates":[72.8281359,18.9580785]}},{"type":"Feature","id":"way/72261093","properties":{"addr:city":"Mumbai","amenity":"place_of_worship","building":"yes","religion":"hindu","source":"GPS","id":"way/72261093"},"geometry":{"type":"Point","coordinates":[72.8374732,18.9545844]}},{"type":"Feature","id":"way/72265188","properties":{"access":"yes","leisure":"playground","source":"Yahoo","id":"way/72265188"},"geometry":{"type":"Point","coordinates":[72.8373557,18.9568362]}},{"type":"Feature","id":"way/72284665","properties":{"leisure":"playground","name":"Veer Sambhaji Maidan","id":"way/72284665"},"geometry":{"type":"Point","coordinates":[72.8378109,18.960508]}},{"type":"Feature","id":"way/72455636","properties":{"addr:city":"Mumbai","amenity":"cinema","building":"yes","name":"Moti Talkies","id":"way/72455636"},"geometry":{"type":"Point","coordinates":[72.8265995,18.9583854]}},{"type":"Feature","id":"way/72464370","properties":{"amenity":"social_facility","name":"Asha Sadan Rescue Home","old_name":"Umerkhadi Jail","social_facility":"shelter","social_facility:for":"juvenile","id":"way/72464370"},"geometry":{"type":"Point","coordinates":[72.8357522,18.9600196]}},{"type":"Feature","id":"way/72531981","properties":{"amenity":"place_of_worship","building":"yes","name":"Imamiya Masjid","religion":"muslim","source":"Yahoo","id":"way/72531981"},"geometry":{"type":"Point","coordinates":[72.8344381,18.9604274]}},{"type":"Feature","id":"way/72531982","properties":{"amenity":"place_of_worship","building":"yes","name":"Shirazi Mosque","religion":"muslim","source":"Yahoo","url":"http://shah-ast-hussain.com/2008/03/13/moghul-masjid-flipside-of-photography/","id":"way/72531982"},"geometry":{"type":"Point","coordinates":[72.8338494,18.9588989]}},{"type":"Feature","id":"way/72542774","properties":{"amenity":"place_of_worship","building":"yes","name":"St Joseph's Church","religion":"christian","source":"Yahoo","id":"way/72542774"},"geometry":{"type":"Point","coordinates":[72.8373054,18.9607837]}},{"type":"Feature","id":"way/72545869","properties":{"amenity":"place_of_worship","building":"yes","name":"Piru Lane Masjid","religion":"muslim","source":"Yahoo","id":"way/72545869"},"geometry":{"type":"Point","coordinates":[72.8329765,18.9597925]}},{"type":"Feature","id":"way/72546365","properties":{"amenity":"fuel","brand":"Hindustan Petroleum","brand:wikidata":"Q1619375","name":"HP","official_name":"Hindustan Petroleum","operator":"HP","id":"way/72546365"},"geometry":{"type":"Point","coordinates":[72.8377186,18.9585142]}},{"type":"Feature","id":"way/72547767","properties":{"amenity":"fuel","brand":"Hindustan Petroleum","brand:wikidata":"Q1619375","fuel:cng":"yes","fuel:diesel":"yes","fuel:petrol":"yes","name":"HP Petrol Station","official_name":"Hindustan Petroleum","operator":"HP","self_service":"no","id":"way/72547767"},"geometry":{"type":"Point","coordinates":[72.8321408,18.9608535]}},{"type":"Feature","id":"way/72547773","properties":{"addr:city":"Mumbai","addr:postcode":"400008","leisure":"playground","name":"Babula Tank Playground","id":"way/72547773"},"geometry":{"type":"Point","coordinates":[72.8335814,18.9603627]}},{"type":"Feature","id":"way/72547777","properties":{"leisure":"park","name":"Sitaram Shinoy Garden","id":"way/72547777"},"geometry":{"type":"Point","coordinates":[72.8379518,18.9616323]}},{"type":"Feature","id":"way/72557158","properties":{"leisure":"garden","id":"way/72557158"},"geometry":{"type":"Point","coordinates":[72.8296244,18.9631276]}},{"type":"Feature","id":"way/72557159","properties":{"leisure":"sports_centre","sport":"basketball","id":"way/72557159"},"geometry":{"type":"Point","coordinates":[72.8310299,18.9652914]}},{"type":"Feature","id":"way/72570780","properties":{"leisure":"garden","id":"way/72570780"},"geometry":{"type":"Point","coordinates":[72.833296,18.9630528]}},{"type":"Feature","id":"way/72571107","properties":{"addr:city":"Mumbai","amenity":"place_of_worship","building":"yes","denomination":"shia","name":"Raudat Tahera","religion":"muslim","source":"Yahoo","id":"way/72571107"},"geometry":{"type":"Point","coordinates":[72.8309928,18.9589433]}},{"type":"Feature","id":"way/74143794","properties":{"addr:city":"Mumbai","addr:postcode":"400050","addr:street":"Byramji Jeejeebhoy Road","brand":"Taj","brand:wikidata":"Q1521893","email":"reservations.mumbai@ihcltata.com","fax":"0091 22 6699-4488","name":"Taj Lands End","name:en":"Taj Lands End","official_name":"Taj Hotels","operator":"Taj Group","phone":"+91-22-66681234","stars":"5","tourism":"hotel","website":"https://www.tajhotels.com/en-in/hotels/taj-lands-end-mumbai","id":"way/74143794"},"geometry":{"type":"Point","coordinates":[72.8196888,19.0435761]}},{"type":"Feature","id":"way/76281335","properties":{"addr:city":"Naigaon, Dadar(East), Mumbai","addr:district":"Mumbai","addr:postcode":"400014","addr:street":"Jyotiba Phule Marg","leisure":"stadium","name":"Purandare Stadium","name:mr":"पुरंदरे स्टेडियम","sport":"cricket;running","toilets":"no","wheelchair":"yes","id":"way/76281335"},"geometry":{"type":"Point","coordinates":[72.8455365,19.0130526]}},{"type":"Feature","id":"way/76281423","properties":{"amenity":"school","check_date":"2026-03-20","name":"St. Pauls Convent","id":"way/76281423"},"geometry":{"type":"Point","coordinates":[72.8423907,19.0077826]}},{"type":"Feature","id":"way/89085506","properties":{"addr:city":"Mumbai","amenity":"post_office","building":"yes","name":"Chinchbunder Post Office","postal_code":"400009","source":"Yahoo","id":"way/89085506"},"geometry":{"type":"Point","coordinates":[72.8370508,18.9567557]}},{"type":"Feature","id":"way/95967089","properties":{"leisure":"park","id":"way/95967089"},"geometry":{"type":"Point","coordinates":[72.8504351,19.0431028]}},{"type":"Feature","id":"way/112796885","properties":{"addr:city":"Mumbai","addr:postcode":"400027","alt_name":"Rani Baug","barrier":"wall","fee":"yes","name":"Veermata Jijabai Bhosale Zoo & Botanical Garden","name:etymology:wikidata":"Q6192525","old_name":"Victoria Gardens","opening_hours":"Th-Tu 09:30-18:00","tourism":"zoo","wikidata":"Q647766","id":"way/112796885"},"geometry":{"type":"Point","coordinates":[72.8367841,18.9781478]}},{"type":"Feature","id":"way/112799262","properties":{"check_date":"2026-03-20","leisure":"sports_centre","name":"Matunga Gymkhana","id":"way/112799262"},"geometry":{"type":"Point","coordinates":[72.8496238,19.0253435]}},{"type":"Feature","id":"way/112799263","properties":{"check_date":"2026-03-20","leisure":"sports_centre","name":"Veer Major Ramesh Dadkar Playground","name:hi":"वीर मेजर रमेश दडकर क्रिडांगण","sport":"cricket","id":"way/112799263"},"geometry":{"type":"Point","coordinates":[72.8489458,19.0240095]}},{"type":"Feature","id":"way/113472641","properties":{"leisure":"park","name":"Mahatma Gandhi Udyan","name:etymology:wikidata":"Q1001","operator":"MCGM,Mumbai","operator:type":"government_facility-public","id":"way/113472641"},"geometry":{"type":"Point","coordinates":[72.8351332,18.9893531]}},{"type":"Feature","id":"way/113472644","properties":{"addr:city":"Mumbai","addr:district":"Mumbai","addr:postcode":"400012","addr:street":"Dr Babasaheb Ambedkar Marg","leisure":"park","name":"GaramKhada Maidan","id":"way/113472644"},"geometry":{"type":"Point","coordinates":[72.8360584,18.9907537]}},{"type":"Feature","id":"way/113476290","properties":{"leisure":"park","id":"way/113476290"},"geometry":{"type":"Point","coordinates":[72.8282809,18.9797006]}},{"type":"Feature","id":"way/113504604","properties":{"landuse":"recreation_ground","leisure":"sports_centre","name":"Kamgar Stadium","id":"way/113504604"},"geometry":{"type":"Point","coordinates":[72.8362092,19.0112276]}},{"type":"Feature","id":"way/113561019","properties":{"amenity":"hospital","check_date":"2026-03-20","healthcare":"hospital","name":"Mahatma Gandhi Memorial Hospital","name:etymology:wikidata":"Q1001","id":"way/113561019"},"geometry":{"type":"Point","coordinates":[72.8420761,18.9970247]}},{"type":"Feature","id":"way/113561022","properties":{"addr:city":"Mumbai","addr:district":"Mumbai","addr:housenumber":"23","addr:postcode":"400033","addr:street":"Shrikanth Hadkar Marg","leisure":"park","name":"poonam park","opening_hours":"03:00-07:00","id":"way/113561022"},"geometry":{"type":"Point","coordinates":[72.8442663,18.9889924]}},{"type":"Feature","id":"way/113566060","properties":{"amenity":"place_of_worship","check_date":"2026-03-20","name":"St Paul's Church","religion":"christian","id":"way/113566060"},"geometry":{"type":"Point","coordinates":[72.8424945,19.0081178]}},{"type":"Feature","id":"way/113566065","properties":{"leisure":"pitch","name":"Saint Xavier's Football Ground","sport":"soccer","id":"way/113566065"},"geometry":{"type":"Point","coordinates":[72.8423877,19.0065272]}},{"type":"Feature","id":"way/113566067","properties":{"alt_name":"Dadar TT Circle","alt_name:en":"Dadar TT Circle","leisure":"garden","name":"Khodadad Circle","name:en":"Khodadad Circle","name:hi":"खोदादाद सर्कल","id":"way/113566067"},"geometry":{"type":"Point","coordinates":[72.8478207,19.0178178]}},{"type":"Feature","id":"way/113570522","properties":{"addr:district":"Mumbai","addr:full":"Mumbai","addr:postcode":"400001","addr:state":"Maharashtra","amenity":"hospital","healthcare":"hospital","healthcare:speciality":"radiology","name":"Tata Memorial Cancer Hospital","source":"OpenGovernmentData","id":"way/113570522"},"geometry":{"type":"Point","coordinates":[72.8430551,19.0056725]}},{"type":"Feature","id":"way/113576203","properties":{"addr:city":"Mumbai","addr:postcode":"400012","addr:street":"Acharya Donde Marg","amenity":"hospital","healthcare":"hospital","historic":"public","name":"Haffkine Institute For Training, Research & Testing","old_name":"Government House","website":"http://www.haffkineinstitute.org/","id":"way/113576203"},"geometry":{"type":"Point","coordinates":[72.8454114,19.0024414]}},{"type":"Feature","id":"way/113578550","properties":{"amenity":"college","check_date":"2026-03-20","name":"Ramnarain Ruia College","id":"way/113578550"},"geometry":{"type":"Point","coordinates":[72.8501074,19.0237226]}},{"type":"Feature","id":"way/113586098","properties":{"leisure":"park","opening_hours":"Mo-Su 06:00-22:00","id":"way/113586098"},"geometry":{"type":"Point","coordinates":[72.8469334,19.0215018]}},{"type":"Feature","id":"way/113696486","properties":{"leisure":"park","name":"Veer Kotwal Udyan","id":"way/113696486"},"geometry":{"type":"Point","coordinates":[72.8424612,19.0213807]}},{"type":"Feature","id":"way/113696491","properties":{"amenity":"cinema","name":"Plaza Cinema","id":"way/113696491"},"geometry":{"type":"Point","coordinates":[72.842855,19.0219225]}},{"type":"Feature","id":"way/113696497","properties":{"amenity":"school","isced:level":"1;2;3","name":"Chhabildas Boys High School","school:gender":"male","id":"way/113696497"},"geometry":{"type":"Point","coordinates":[72.84227,19.0204219]}},{"type":"Feature","id":"way/113696502","properties":{"amenity":"marketplace","id":"way/113696502"},"geometry":{"type":"Point","coordinates":[72.8433072,19.0223911]}},{"type":"Feature","id":"way/113711205","properties":{"addr:postcode":"400028","landuse":"recreation_ground","leisure":"park","name":"Shivaji Park","name:en":"Shivaji Park","name:etymology:wikidata":"Q239505","name:hi":"शिवाजी पार्क","name:mr":"शिवाजी पार्क","official_name":"Chhatrapati Shivaji Maharaj Park","official_name:en":"Chhatrapati Shivaji Maharaj Park","official_name:mr":"छत्रपती शिवाजी महाराज उद्यान","operator":"Municipal Corporation of Greater Mumbai","operator:type":"government","wikidata":"Q7499285","wikimedia_commons":"Category:Shivaji Park","wikipedia":"en:Shivaji Park","id":"way/113711205"},"geometry":{"type":"Point","coordinates":[72.838188,19.0272817]}},{"type":"Feature","id":"way/113715163","properties":{"amenity":"college","name":"Institute of Catering Hotel Management & Applied Nutrition","id":"way/113715163"},"geometry":{"type":"Point","coordinates":[72.8352839,19.0234423]}},{"type":"Feature","id":"way/113715166","properties":{"amenity":"college","name":"Kirti M. Doongursee College of Arts, Science and Commerce","name:en":"Kirti M. Doongursee College of Arts, Science and Commerce","short_name":"Kirti College","short_name:en":"Kirti College","id":"way/113715166"},"geometry":{"type":"Point","coordinates":[72.8310887,19.0213587]}},{"type":"Feature","id":"way/113715167","properties":{"amenity":"school","isced:level":"1;2;3","name":"Dr. Antonio Da Silva Technical High School & Jr. College Of Science","id":"way/113715167"},"geometry":{"type":"Point","coordinates":[72.834934,19.0227356]}},{"type":"Feature","id":"way/113716553","properties":{"amenity":"school","name":"Bombay Scottish","old_name":"Scottish Orphanage","wikidata":"Q3631441","wikimedia_commons":"Category:Bombay Scottish School","wikipedia":"en:Bombay Scottish School, Mahim","id":"way/113716553"},"geometry":{"type":"Point","coordinates":[72.8394148,19.0341973]}},{"type":"Feature","id":"way/113716576","properties":{"amenity":"hospital","healthcare":"hospital","name":"Hinduja Clinic","id":"way/113716576"},"geometry":{"type":"Point","coordinates":[72.8390982,19.0330728]}},{"type":"Feature","id":"way/113716578","properties":{"amenity":"hospital","healthcare":"hospital","name":"Hinduja Hospital","id":"way/113716578"},"geometry":{"type":"Point","coordinates":[72.838172,19.0332293]}},{"type":"Feature","id":"way/113721904","properties":{"addr:city":"Mumbai","addr:housenumber":"807","addr:postcode":"400014","addr:street":"Tilak Road","building":"yes","name":"Hotel City Point","tourism":"hotel","id":"way/113721904"},"geometry":{"type":"Point","coordinates":[72.8480067,19.0170072]}},{"type":"Feature","id":"way/113792252","properties":{"amenity":"marketplace","landuse":"retail","name":"Gopi Tank Market","id":"way/113792252"},"geometry":{"type":"Point","coordinates":[72.8422365,19.0307372]}},{"type":"Feature","id":"way/115064729","properties":{"addr:postcode":"400008","amenity":"place_of_worship","building":"yes","name":"Magen David Synagogue","religion":"jewish","source":"Bing","wikidata":"Q16950011","wikipedia":"en:Magen David Synagogue (Byculla)","id":"way/115064729"},"geometry":{"type":"Point","coordinates":[72.8320783,18.9669496]}},{"type":"Feature","id":"way/115514599","properties":{"addr:city":"Mumbai","addr:housenumber":"90","addr:street":"Tantanpura Street","amenity":"place_of_worship","building":"yes","date":"1843","name":"Shaare Rason Synagogue","religion":"jewish","source":"GPS","id":"way/115514599"},"geometry":{"type":"Point","coordinates":[72.8361509,18.9547906]}},{"type":"Feature","id":"way/116072855","properties":{"amenity":"fire_station","building":"yes","name":"Dadar Fire Brigade","id":"way/116072855"},"geometry":{"type":"Point","coordinates":[72.8457054,19.0141798]}},{"type":"Feature","id":"way/116072869","properties":{"addr:city":"Mumbai","addr:housenumber":"MMGS Marg, Naigaon, near ST bus stop, Dadar East,","addr:postcode":"400014","addr:street":"Mumbai Marathi Granth Sangrahalaya Marg","amenity":"community_centre","building":"yes","community_centre":"community_hall","name":"Sharda Mangal Karyalaya","opening_hours":"Mo-Fr 08:00-17:00","id":"way/116072869"},"geometry":{"type":"Point","coordinates":[72.8463728,19.0137603]}},{"type":"Feature","id":"way/116328142","properties":{"designation":"Accommodation","name":"Adarsh Hotel","source":"http://www.adarshhotel.com/","tourism":"guest_house","id":"way/116328142"},"geometry":{"type":"Point","coordinates":[72.8287067,18.9506736]}},{"type":"Feature","id":"way/119488914","properties":{"air_conditioning":"yes","amenity":"bank","atm":"yes","building":"yes","drive_through":"no","name":"Mumbai District Central Co-Operative Bank","operator":"Mumbai Co-Opretaive Bank","id":"way/119488914"},"geometry":{"type":"Point","coordinates":[72.8472596,19.0029102]}},{"type":"Feature","id":"way/120169293","properties":{"amenity":"library","building":"yes","name":"Mahim Sarvajanik Vachnalaya","id":"way/120169293"},"geometry":{"type":"Point","coordinates":[72.8399217,19.0314533]}},{"type":"Feature","id":"way/120169295","properties":{"amenity":"cinema","building":"yes","name":"Star City Cinema","old_name":"Badal Bijlee Barkha Cinema","id":"way/120169295"},"geometry":{"type":"Point","coordinates":[72.8436477,19.0285629]}},{"type":"Feature","id":"way/120170849","properties":{"amenity":"place_of_worship","building":"temple","name":"Dattatreya Mandir","religion":"hindu","id":"way/120170849"},"geometry":{"type":"Point","coordinates":[72.8392724,19.0316693]}},{"type":"Feature","id":"way/120170866","properties":{"amenity":"community_centre","name":"Dadar-Matunga Cultural Centre","name:en":"Dadar-Matunga Cultural Centre","id":"way/120170866"},"geometry":{"type":"Point","coordinates":[72.8430463,19.0268934]}},{"type":"Feature","id":"way/120175206","properties":{"building":"yes","name":"Star Mall","shop":"mall","id":"way/120175206"},"geometry":{"type":"Point","coordinates":[72.8420014,19.0228603]}},{"type":"Feature","id":"way/120177533","properties":{"amenity":"marketplace","building":"retail","landuse":"retail","name":"Chhatrapati Shivaji Municipal Market","id":"way/120177533"},"geometry":{"type":"Point","coordinates":[72.841594,19.0196408]}},{"type":"Feature","id":"way/133599993","properties":{"leisure":"pitch","sport":"soccer","id":"way/133599993"},"geometry":{"type":"Point","coordinates":[72.835787,18.9691668]}},{"type":"Feature","id":"way/135730516","properties":{"building":"yes","name":"Cambridge","shop":"clothes","id":"way/135730516"},"geometry":{"type":"Point","coordinates":[72.842658,19.0228025]}},{"type":"Feature","id":"way/135730532","properties":{"amenity":"cinema","building":"yes","name":"Plaza Cinema","id":"way/135730532"},"geometry":{"type":"Point","coordinates":[72.8428828,19.0218638]}},{"type":"Feature","id":"way/135732924","properties":{"amenity":"place_of_worship","name:en":"Hanuman temple","id":"way/135732924"},"geometry":{"type":"Point","coordinates":[72.8403602,19.0195141]}},{"type":"Feature","id":"way/135732928","properties":{"amenity":"place_of_worship","building":"temple","name":"Shri Shantinath Maharaj Jain Shwetambar Deshsar","religion":"jain","id":"way/135732928"},"geometry":{"type":"Point","coordinates":[72.8401504,19.0189817]}},{"type":"Feature","id":"way/135732933","properties":{"amenity":"police","building":"yes","name":"Shivaji Park Police Station","id":"way/135732933"},"geometry":{"type":"Point","coordinates":[72.8409178,19.0232623]}},{"type":"Feature","id":"way/138134684","properties":{"leisure":"park","id":"way/138134684"},"geometry":{"type":"Point","coordinates":[72.8363217,19.0191182]}},{"type":"Feature","id":"way/139633373","properties":{"leisure":"sports_centre","name":"Mahatma Gandhi Swimming Pool","name:etymology:wikidata":"Q1001","sport":"swimming","id":"way/139633373"},"geometry":{"type":"Point","coordinates":[72.8361689,19.0280265]}},{"type":"Feature","id":"way/146468968","properties":{"amenity":"place_of_worship","building":"mosque","name":"Saifee Masjid","religion":"muslim","id":"way/146468968"},"geometry":{"type":"Point","coordinates":[72.8304185,18.9587146]}},{"type":"Feature","id":"way/149572368","properties":{"amenity":"grave_yard","name":"Shia Imami Ismaili Khoja Kabarastan","id":"way/149572368"},"geometry":{"type":"Point","coordinates":[72.8343239,18.9588075]}},{"type":"Feature","id":"way/150363473","properties":{"amenity":"place_of_worship","building":"mosque","name":"Pir Baghdadi Masjid","religion":"muslim","id":"way/150363473"},"geometry":{"type":"Point","coordinates":[72.8407963,19.0193262]}},{"type":"Feature","id":"way/150409378","properties":{"leisure":"garden","id":"way/150409378"},"geometry":{"type":"Point","coordinates":[72.8486691,19.0208853]}},{"type":"Feature","id":"way/150466934","properties":{"amenity":"place_of_worship","building":"yes","name":"Matunga Khalsa Sabha","religion":"sikh","id":"way/150466934"},"geometry":{"type":"Point","coordinates":[72.8407295,19.0308351]}},{"type":"Feature","id":"way/150485811","properties":{"addr:district":"Mumbai","addr:full":"15, Near Sophia College, Dr.G.Deshmukh Marg,Pedder Road, Cumballa Hill","addr:postcode":"400026","addr:state":"Maharashtra","addr:street":"Pedder Road (Gopalrao Deshmukh Marg)","amenity":"hospital","emergency":"yes","healthcare":"hospital","name":"Jaslok Hospital and Research Centre","name:hi":"जसलोक रुग्णालय","source":"OpenGovernmentData","wikidata":"Q6161662","wikipedia":"en:Jaslok Hospital","id":"way/150485811"},"geometry":{"type":"Point","coordinates":[72.8099417,18.9715529]}},{"type":"Feature","id":"way/151806615","properties":{"addr:city":"Mumbai","amenity":"hospital","building":"apartments","building:levels":"15","healthcare":"hospital","name":"Lalita Girdhar (Hinduja Hospital)","id":"way/151806615"},"geometry":{"type":"Point","coordinates":[72.8396234,19.0319344]}},{"type":"Feature","id":"way/151806616","properties":{"amenity":"bank","brand":"Union Bank of India","brand:wikidata":"Q2004078","brand:wikipedia":"en:Union Bank of India","building":"apartments","name":"Union Bank of India","name:en":"Union Bank of India","short_name":"UBI","website":"https://www.unionbankofindia.co.in/","id":"way/151806616"},"geometry":{"type":"Point","coordinates":[72.8408104,19.0317058]}},{"type":"Feature","id":"way/151806622","properties":{"alt_name":"City Light Cinema","amenity":"cinema","building":"yes","name":"Ashford City Light","id":"way/151806622"},"geometry":{"type":"Point","coordinates":[72.8414271,19.0305184]}},{"type":"Feature","id":"way/151807307","properties":{"amenity":"marketplace","landuse":"retail","name":"MUNCIPAL MARKED","id":"way/151807307"},"geometry":{"type":"Point","coordinates":[72.8413,19.0188644]}},{"type":"Feature","id":"way/184269197","properties":{"addr:city":"Mumbai","addr:postcode":"400016","amenity":"post_office","building":"apartments","name":"Mahim Post Office","id":"way/184269197"},"geometry":{"type":"Point","coordinates":[72.8407782,19.0320971]}},{"type":"Feature","id":"way/194654625","properties":{"addr:city":"Mumbai","amenity":"place_of_worship","building":"yes","loc_name":"Mahim Church","name":"St, Michael's Church","religion":"christian","wikidata":"Q7590663","wikimedia_commons":"Category:St. Michael's Church, Mumbai","wikipedia":"en:St. Michael's Church, Mumbai","id":"way/194654625"},"geometry":{"type":"Point","coordinates":[72.8407926,19.042772]}},{"type":"Feature","id":"way/202918725","properties":{"addr:district":"Mumbai","addr:full":"Raheja Rugnalaya Marg, Mahim (West)","addr:postcode":"400016","addr:state":"Maharashtra","addr:street":"SL Raheja Hospital Marg","amenity":"hospital","healthcare":"hospital","name":"S.L. Raheja Hospital","name:en":"S.L. Raheja Hospital","source":"OpenGovernmentData","id":"way/202918725"},"geometry":{"type":"Point","coordinates":[72.842497,19.0464144]}},{"type":"Feature","id":"way/204611183","properties":{"leisure":"swimming_pool","id":"way/204611183"},"geometry":{"type":"Point","coordinates":[72.8040404,18.9634261]}},{"type":"Feature","id":"way/205196571","properties":{"leisure":"park","name":"Worli Sports Club","id":"way/205196571"},"geometry":{"type":"Point","coordinates":[72.8215121,19.0149946]}},{"type":"Feature","id":"way/207538305","properties":{"addr:city":"Mumbai","amenity":"place_of_worship","building":"yes","name":"Khoja Sunnat Jamat Masjid","religion":"muslim","id":"way/207538305"},"geometry":{"type":"Point","coordinates":[72.8362586,18.9545682]}},{"type":"Feature","id":"way/207538306","properties":{"amenity":"place_of_worship","building":"mosque","name":"Masjid","religion":"muslim","source":"GPS","id":"way/207538306"},"geometry":{"type":"Point","coordinates":[72.8337345,18.9546627]}},{"type":"Feature","id":"way/207538307","properties":{"amenity":"place_of_worship","building":"mosque","denomination":"sunni","name":"Minara Masjid","religion":"muslim","id":"way/207538307"},"geometry":{"type":"Point","coordinates":[72.8332495,18.9545033]}},{"type":"Feature","id":"way/207538309","properties":{"amenity":"place_of_worship","building":"mosque","name":"Zakaria Masjid","religion":"muslim","id":"way/207538309"},"geometry":{"type":"Point","coordinates":[72.8346364,18.9532805]}},{"type":"Feature","id":"way/207538317","properties":{"amenity":"police","id":"way/207538317"},"geometry":{"type":"Point","coordinates":[72.8319773,18.9541543]}},{"type":"Feature","id":"way/207540467","properties":{"leisure":"park","id":"way/207540467"},"geometry":{"type":"Point","coordinates":[72.8202796,18.9693655]}},{"type":"Feature","id":"way/207540468","properties":{"leisure":"park","id":"way/207540468"},"geometry":{"type":"Point","coordinates":[72.8204604,18.9697604]}},{"type":"Feature","id":"way/207556891","properties":{"amenity":"place_of_worship","name":"Murgimohalla Masjid","religion":"muslim","source":"GPS","id":"way/207556891"},"geometry":{"type":"Point","coordinates":[72.8327637,18.9571548]}},{"type":"Feature","id":"way/208114815","properties":{"amenity":"place_of_worship","religion":"hindu","id":"way/208114815"},"geometry":{"type":"Point","coordinates":[72.830737,18.9524623]}},{"type":"Feature","id":"way/219425595","properties":{"addr:street":"Lala Lajpatrai Marg","building":"yes","check_date":"2026-03-20","leisure":"stadium","name":"सरदार वल्लाभाई पटेल इनडोअर स्टेडियम","name:en":"Sardar Vallabhbhai Patel Indoor Stadium","name:hi":"सरदार वल्लभाई पटेल स्टेडियम","sport":"athletics","wheelchair":"limited","id":"way/219425595"},"geometry":{"type":"Point","coordinates":[72.8155431,18.986475]}},{"type":"Feature","id":"way/219426802","properties":{"amenity":"school","check_date":"2026-03-20","name":"Happy Home and School for the Blind","school":"blind","source":"GPS","id":"way/219426802"},"geometry":{"type":"Point","coordinates":[72.8142833,18.9901788]}},{"type":"Feature","id":"way/219426807","properties":{"leisure":"sports_centre","name":"National Sports Club of India","toilets:wheelchair":"no","website":"https://www.nscimumbai.com","wheelchair":"limited","id":"way/219426807"},"geometry":{"type":"Point","coordinates":[72.8156518,18.9859694]}},{"type":"Feature","id":"way/220302518","properties":{"amenity":"college","name":"Xavier Institute of Engineering","id":"way/220302518"},"geometry":{"type":"Point","coordinates":[72.8417261,19.0449383]}},{"type":"Feature","id":"way/220303375","properties":{"amenity":"place_of_worship","denomination":"catholic","name":"Portuguese Church","religion":"christian","wikidata":"Q7232623","wikipedia":"en:Portuguese Church, Mumbai","id":"way/220303375"},"geometry":{"type":"Point","coordinates":[72.8364514,19.0186203]}},{"type":"Feature","id":"way/220311101","properties":{"amenity":"bus_station","bus":"yes","name":"Tardeo Bus Depot","operator":"BEST","public_transport":"station","id":"way/220311101"},"geometry":{"type":"Point","coordinates":[72.8209815,18.9645074]}},{"type":"Feature","id":"way/220425070","properties":{"amenity":"theatre","name":"Ravindra Natya Mandir","id":"way/220425070"},"geometry":{"type":"Point","coordinates":[72.8302805,19.0152648]}},{"type":"Feature","id":"way/220425075","properties":{"leisure":"garden","id":"way/220425075"},"geometry":{"type":"Point","coordinates":[72.8389318,19.0495594]}},{"type":"Feature","id":"way/220425076","properties":{"leisure":"garden","id":"way/220425076"},"geometry":{"type":"Point","coordinates":[72.8392002,19.0496514]}},{"type":"Feature","id":"way/220425077","properties":{"amenity":"fuel","brand":"Hindustan Petroleum","brand:wikidata":"Q1619375","brand:wikipedia":"en:Hindustan Petroleum","fuel:diesel":"yes","fuel:octane_91":"yes","fuel:octane_95":"yes","name":"HP","official_name":"Hindustan Petroleum","id":"way/220425077"},"geometry":{"type":"Point","coordinates":[72.8309052,19.0178266]}},{"type":"Feature","id":"way/220843437","properties":{"area":"yes","artwork_type":"statue","tourism":"artwork","id":"way/220843437"},"geometry":{"type":"Point","coordinates":[72.8172705,19.0152636]}},{"type":"Feature","id":"way/236185640","properties":{"amenity":"college","name":"Wilson College","name:en":"Wilson College","name:etymology:wikidata":"Q6264528","name:mr":"विल्सन कॉलेज","wikidata":"Q8023015","wikimedia_commons":"Category:Wilson College, Mumbai","wikipedia":"en:Wilson College, Mumbai","id":"way/236185640"},"geometry":{"type":"Point","coordinates":[72.8110607,18.9565449]}},{"type":"Feature","id":"way/236394151","properties":{"leisure":"pitch","name":"Shahu Nagar Playground","id":"way/236394151"},"geometry":{"type":"Point","coordinates":[72.8486411,19.0388545]}},{"type":"Feature","id":"way/236398155","properties":{"leisure":"playground","id":"way/236398155"},"geometry":{"type":"Point","coordinates":[72.8444931,19.0397837]}},{"type":"Feature","id":"way/236594134","properties":{"amenity":"bus_station","bus":"yes","name":"Asiad MSRTC Stand","public_transport":"station","id":"way/236594134"},"geometry":{"type":"Point","coordinates":[72.8461329,19.0156314]}},{"type":"Feature","id":"way/236629909","properties":{"amenity":"marketplace","name":"Dadar Flower Market","id":"way/236629909"},"geometry":{"type":"Point","coordinates":[72.8372248,19.0117531]}},{"type":"Feature","id":"way/236631072","properties":{"amenity":"school","isced:level":"1;2;3","name":"Our Lady Of Salvation School","school:gender":"male","id":"way/236631072"},"geometry":{"type":"Point","coordinates":[72.8348939,19.0178541]}},{"type":"Feature","id":"way/236631074","properties":{"alt_name":"People's Education Society","amenity":"school","isced:level":"1;2;3","name":"Maharashtra High School Number 2","id":"way/236631074"},"geometry":{"type":"Point","coordinates":[72.8344352,19.0172742]}},{"type":"Feature","id":"way/237025775","properties":{"amenity":"police","check_date":"2026-03-20","id":"way/237025775"},"geometry":{"type":"Point","coordinates":[72.8167794,18.9609597]}},{"type":"Feature","id":"way/237027559","properties":{"amenity":"bus_station","bus":"yes","name":"Bandra Reclamation Bus Station","name:en":"Bandra Reclamation Bus Station","operator":"BEST","public_transport":"station","id":"way/237027559"},"geometry":{"type":"Point","coordinates":[72.826703,19.0479453]}},{"type":"Feature","id":"way/237027561","properties":{"amenity":"university","check_date":"2025-01-10","name":"IES College Of Architecture","id":"way/237027561"},"geometry":{"type":"Point","coordinates":[72.8298033,19.0502184]}},{"type":"Feature","id":"way/237027567","properties":{"leisure":"park","id":"way/237027567"},"geometry":{"type":"Point","coordinates":[72.8193593,19.0459808]}},{"type":"Feature","id":"way/237027568","properties":{"leisure":"park","id":"way/237027568"},"geometry":{"type":"Point","coordinates":[72.8190369,19.0451584]}},{"type":"Feature","id":"way/237027569","properties":{"leisure":"sports_centre","name":"Wings Sports Centre - Bandra","name:en":"Wings Sports Centre - Bandra","sport":"multi","website":"https://wingsarenas.com/venue-and-locations3/","id":"way/237027569"},"geometry":{"type":"Point","coordinates":[72.8311294,19.0505534]}},{"type":"Feature","id":"way/242349637","properties":{"leisure":"swimming_pool","id":"way/242349637"},"geometry":{"type":"Point","coordinates":[72.8147358,18.9766055]}},{"type":"Feature","id":"node/245655797","properties":{"amenity":"parking","name":"Qamar","source":"AND","id":"node/245655797"},"geometry":{"type":"Point","coordinates":[72.8369017,18.9567099]}},{"type":"Feature","id":"node/245655916","properties":{"name":"Cecil","source":"AND","tourism":"hotel","id":"node/245655916"},"geometry":{"type":"Point","coordinates":[72.811296,18.958401]}},{"type":"Feature","id":"node/245656700","properties":{"amenity":"parking","name":"Kemp's Corner","source":"AND","id":"node/245656700"},"geometry":{"type":"Point","coordinates":[72.8058471,18.9643233]}},{"type":"Feature","id":"node/245657999","properties":{"bus":"yes","public_transport":"stop_position","source":"AND","id":"node/245657999"},"geometry":{"type":"Point","coordinates":[72.8140041,18.9784419]}},{"type":"Feature","id":"node/245658476","properties":{"amenity":"fuel","id":"node/245658476"},"geometry":{"type":"Point","coordinates":[72.8427,18.9859]}},{"type":"Feature","id":"node/245659178","properties":{"name":"Sunbeam Geeta","source":"AND","tourism":"hotel","id":"node/245659178"},"geometry":{"type":"Point","coordinates":[72.818454,18.9978253]}},{"type":"Feature","id":"node/245659835","properties":{"name":"Vivako","source":"AND","tourism":"hotel","id":"node/245659835"},"geometry":{"type":"Point","coordinates":[72.8186,19.0059]}},{"type":"Feature","id":"way/252028963","properties":{"amenity":"place_of_worship","building":"apartments","religion":"jain","id":"way/252028963"},"geometry":{"type":"Point","coordinates":[72.8018037,18.9604039]}},{"type":"Feature","id":"way/257073104","properties":{"addr:city":"Mumbai","amenity":"school","building":"yes","name":"Mahim Police Colony Municipal School","id":"way/257073104"},"geometry":{"type":"Point","coordinates":[72.8414789,19.0477066]}},{"type":"Feature","id":"way/258361639","properties":{"amenity":"bus_station","building":"yes","bus":"yes","check_date":"2026-03-20","landuse":"retail","name":"Bus Agencies","public_transport":"station","id":"way/258361639"},"geometry":{"type":"Point","coordinates":[72.8212142,18.9707064]}},{"type":"Feature","id":"way/275862897","properties":{"access":"customers","amenity":"parking","building":"parking","fee":"yes","layer":"1","name":"Phoenix Mills Parking Lot","parking":"multi-storey","id":"way/275862897"},"geometry":{"type":"Point","coordinates":[72.8234944,18.9950885]}},{"type":"Feature","id":"way/275865020","properties":{"air_conditioning":"yes","building":"retail","building:levels":"3","check_date":"2026-03-20","name":"East Zone","shop":"mall","id":"way/275865020"},"geometry":{"type":"Point","coordinates":[72.8252093,18.9947867]}},{"type":"Feature","id":"way/281241933","properties":{"addr:city":"Bandra, Mumbai","addr:postcode":"400050","addr:street":"Mount Mary Road","amenity":"place_of_worship","basilica":"minor","building":"church","denomination":"roman_catholic","name":"Mount Mary Church","name:en":"Mount Mary Church","name:fr":"Basilique Notre-Dame-du-Mont","name:mr":"माउंट मेरी चर्च","phone":"+91-22-2642-3152","religion":"christian","wikidata":"Q3635765","wikimedia_commons":"Category:Mount Mary Church, Bandra","wikipedia":"en:Basilica of Our Lady of the Mount, Bandra","id":"way/281241933"},"geometry":{"type":"Point","coordinates":[72.822641,19.0465683]}},{"type":"Feature","id":"way/281241934","properties":{"amenity":"monastery","building":"yes","name":"Mount Mary Convent","name:en":"Mount Mary Convent","id":"way/281241934"},"geometry":{"type":"Point","coordinates":[72.8225829,19.0463079]}},{"type":"Feature","id":"way/281241936","properties":{"amenity":"parking","id":"way/281241936"},"geometry":{"type":"Point","coordinates":[72.8224971,19.0468918]}},{"type":"Feature","id":"way/281241953","properties":{"access":"private","leisure":"swimming_pool","id":"way/281241953"},"geometry":{"type":"Point","coordinates":[72.8234805,19.0488002]}},{"type":"Feature","id":"way/281241954","properties":{"access":"private","leisure":"swimming_pool","id":"way/281241954"},"geometry":{"type":"Point","coordinates":[72.822957,19.0480857]}},{"type":"Feature","id":"way/286014465","properties":{"addr:city":"Mumbai","addr:postcode":"400011","addr:street":"N M Joshi Marg","amenity":"school","building":"yes","building:levels":"3","education":"school","name":"Byculla School","id":"way/286014465"},"geometry":{"type":"Point","coordinates":[72.8323862,18.9809141]}},{"type":"Feature","id":"way/288413670","properties":{"leisure":"park","name":"Navi wadi Garden","id":"way/288413670"},"geometry":{"type":"Point","coordinates":[72.8249634,18.9503008]}},{"type":"Feature","id":"way/288414125","properties":{"leisure":"park","name":"Zaoba Wadi Garden","id":"way/288414125"},"geometry":{"type":"Point","coordinates":[72.824834,18.950594]}},{"type":"Feature","id":"way/288426352","properties":{"addr:city":"Mumbai","addr:postcode":"400004","addr:street":"Khadilkar Marg (Kandewadi Lane)","amenity":"place_of_worship","building":"yes","name":"Jain Sthanakwasi Derasar","religion":"jain","id":"way/288426352"},"geometry":{"type":"Point","coordinates":[72.821397,18.9548412]}},{"type":"Feature","id":"way/288426456","properties":{"addr:city":"Mumbai","addr:postcode":"400004","addr:street":"Sadashiva Cross Lane","amenity":"school","building":"yes","building:levels":"5","name":"Chikitsak Samuh High School","id":"way/288426456"},"geometry":{"type":"Point","coordinates":[72.8214114,18.9551384]}},{"type":"Feature","id":"way/288426702","properties":{"addr:city":"Mumbai","addr:district":"Mumbai","addr:full":"8-10 S V Sovani Path Conwest Jain Clinic Chowk Khadilkar Road Girgaum","addr:postcode":"400004","addr:state":"Maharashtra","addr:street":"Kotachi Wadi","amenity":"hospital","building":"hospital","building:levels":"6","healthcare":"hospital","healthcare:speciality":"general","name":"Conwest And Manjula S. Badani Jain Hospital","source":"OpenGovernmentData","website":"https://www.cmjhospital.in/","id":"way/288426702"},"geometry":{"type":"Point","coordinates":[72.8210971,18.9547457]}},{"type":"Feature","id":"way/288439040","properties":{"addr:city":"Mumbai","addr:district":"Mumbai","addr:postcode":"400002","addr:street":"Nawroji Sheth Ln","leisure":"park","name":"SK Patil Garden","opening_hours":"sunrise-sunset","id":"way/288439040"},"geometry":{"type":"Point","coordinates":[72.8221211,18.9493348]}},{"type":"Feature","id":"way/288444822","properties":{"leisure":"garden","name":"Bal Bhavan","id":"way/288444822"},"geometry":{"type":"Point","coordinates":[72.8169128,18.9524953]}},{"type":"Feature","id":"way/288446227","properties":{"addr:city":"Mumbai","addr:district":"Mumbai","addr:full":"Padmashri Gordhanbapa Chowk, Raja Ram Mohan Roy Road Girgaon","addr:postcode":"400004","addr:state":"Maharashtra","addr:street":"Raja Ram Mohan Roy Road (Charni Road)","amenity":"hospital","building":"hospital","building:levels":"15","healthcare":"hospital","name":"Sir H. N. Hospital & Research Centre;Sir H.N Reliance foundation hospital","outdoor_seating":"no","source":"OpenGovernmentData","wikidata":"Q16892546","wikimedia_commons":"Category:Sir H. N. Reliance Foundation Hospital","wikipedia":"en:Sir H. N. Reliance Foundation Hospital","id":"way/288446227"},"geometry":{"type":"Point","coordinates":[72.8201232,18.9589651]}},{"type":"Feature","id":"node/296341039","properties":{"amenity":"fuel","name":"Worliway Service Station","operator":"BPCL","id":"node/296341039"},"geometry":{"type":"Point","coordinates":[72.817372,18.997908]}},{"type":"Feature","id":"way/332516150","properties":{"addr:city":"Mumbai","addr:housenumber":"68","addr:street":"Walkeshwar Road","amenity":"school","building":"yes","building:levels":"6","name":"Gopi Birla Memorial School","id":"way/332516150"},"geometry":{"type":"Point","coordinates":[72.8033764,18.9521161]}},{"type":"Feature","id":"node/342120208","properties":{"amenity":"place_of_worship","name":"Saint Stephens","religion":"christian","id":"node/342120208"},"geometry":{"type":"Point","coordinates":[72.8046198,18.964365]}},{"type":"Feature","id":"node/342120250","properties":{"name":"VAMA","shop":"clothes","id":"node/342120250"},"geometry":{"type":"Point","coordinates":[72.8072717,18.9652997]}},{"type":"Feature","id":"node/346611983","properties":{"created_by":"Potlatch 0.10f","name":"Amphitheatre","tourism":"attraction","id":"node/346611983"},"geometry":{"type":"Point","coordinates":[72.8188717,19.0425669]}},{"type":"Feature","id":"node/346619470","properties":{"name":"Nattu Cyclewalla","shop":"bicycle","id":"node/346619470"},"geometry":{"type":"Point","coordinates":[72.8263763,19.0499651]}},{"type":"Feature","id":"way/347010736","properties":{"addr:street":"Jagannath Shankarsheth Marg","amenity":"school","building":"yes","name":"Aryan E.S. High School","wikidata":"Q4802640","id":"way/347010736"},"geometry":{"type":"Point","coordinates":[72.8173833,18.9561135]}},{"type":"Feature","id":"way/347012133","properties":{"addr:city":"Mumbai","addr:postcode":"400004","addr:street":"Sardar Vallabhbhai Patel Marg (Sandhurst Road)","amenity":"school","building":"yes","name":"Marwari Vidyalaya High School","id":"way/347012133"},"geometry":{"type":"Point","coordinates":[72.8180194,18.9573233]}},{"type":"Feature","id":"way/353175766","properties":{"amenity":"school","building":"yes","isced:level":"1;2;3","name":"Sane Guruji Vidyalaya","name:etymology:wikidata":"Q55769","id":"way/353175766"},"geometry":{"type":"Point","coordinates":[72.8360023,19.0227772]}},{"type":"Feature","id":"way/353199868","properties":{"addr:city":"Mumbai","addr:postcode":"400050","amenity":"place_of_worship","building":"yes","name":"Fr. Agnel Ashram","religion":"christian","id":"way/353199868"},"geometry":{"type":"Point","coordinates":[72.8199678,19.0445586]}},{"type":"Feature","id":"way/353203398","properties":{"amenity":"school","building":"yes","education":"school","name":"KK Marg Municipal School","operator":"Brihanmumbai Municipal Corporation","operator:type":"public/government","id":"way/353203398"},"geometry":{"type":"Point","coordinates":[72.8222742,18.9660054]}},{"type":"Feature","id":"way/353204230","properties":{"leisure":"bleachers","id":"way/353204230"},"geometry":{"type":"Point","coordinates":[72.8211659,18.9816017]}},{"type":"Feature","id":"way/353205359","properties":{"building":"yes","leisure":"wellness","name":"The Retreat House","name:en":"The Retreat House","id":"way/353205359"},"geometry":{"type":"Point","coordinates":[72.8212176,19.0464173]}},{"type":"Feature","id":"way/353206096","properties":{"addr:city":"Mumbai","addr:postcode":"400027","amenity":"place_of_worship","building":"yes","denomination":"sunni","name":"Narialwadi Kabristan Masjid","religion":"muslim","id":"way/353206096"},"geometry":{"type":"Point","coordinates":[72.8425597,18.9752654]}},{"type":"Feature","id":"way/353206130","properties":{"amenity":"place_of_worship","building":"mosque","landuse":"religious","name":"Hasnabad Dargah","religion":"muslim","id":"way/353206130"},"geometry":{"type":"Point","coordinates":[72.8393449,18.9733498]}},{"type":"Feature","id":"way/353353382","properties":{"addr:district":"Mumbai City","addr:full":"Everest Building, 156, Tardeo Road, Tardeo, Mumbai","addr:postcode":"400034","addr:state":"Maharastra","amenity":"hospital","building":"hospital","building:levels":"10","healthcare":"hospital","name":"Apollo Spectra Hospitals","source":"Local Knowledge","id":"way/353353382"},"geometry":{"type":"Point","coordinates":[72.8146155,18.9703842]}},{"type":"Feature","id":"way/353354130","properties":{"addr:city":"Mumbai","building":"yes","name":"Relax","tourism":"guest_house","id":"way/353354130"},"geometry":{"type":"Point","coordinates":[72.8379765,18.9517157]}},{"type":"Feature","id":"way/353354801","properties":{"amenity":"school","building":"apartments","building:levels":"8","name":"Podar International School","id":"way/353354801"},"geometry":{"type":"Point","coordinates":[72.8141633,18.9973687]}},{"type":"Feature","id":"way/353354827","properties":{"amenity":"fuel","brand":"Indian Oil","brand:wikidata":"Q1289348","building":"roof","check_date":"2026-03-20","name":"Indian Oil","id":"way/353354827"},"geometry":{"type":"Point","coordinates":[72.8143856,18.9922536]}},{"type":"Feature","id":"way/353364856","properties":{"amenity":"school","building":"yes","name":"Sir Jacob Sasoon High School","id":"way/353364856"},"geometry":{"type":"Point","coordinates":[72.8324037,18.96703]}},{"type":"Feature","id":"way/353364867","properties":{"addr:city":"Mumbai","addr:postcode":"400008","addr:street":"Vasil Khan Marg (Tank Street)","amenity":"place_of_worship","building":"mosque","denomination":"sunni","name":"Badi masjid","name:ur":"بادی مسجد","religion":"muslim","id":"way/353364867"},"geometry":{"type":"Point","coordinates":[72.8292477,18.9626635]}},{"type":"Feature","id":"way/353364868","properties":{"addr:city":"mumbai","addr:housenumber":"292","addr:street":"Bellasis Road","building":"yes","check_date":"2026-03-20","internet_access":"yes","name":"The Sahil Hotel","stars":"3","tourism":"hotel","id":"way/353364868"},"geometry":{"type":"Point","coordinates":[72.8236491,18.9687453]}},{"type":"Feature","id":"way/353377165","properties":{"amenity":"school","building":"yes","name":"B.K.M. High School","id":"way/353377165"},"geometry":{"type":"Point","coordinates":[72.8073544,18.9560629]}},{"type":"Feature","id":"way/353394683","properties":{"amenity":"school","building":"yes","name":"St. Agnes' High School","id":"way/353394683"},"geometry":{"type":"Point","coordinates":[72.830444,18.9708637]}},{"type":"Feature","id":"way/353394704","properties":{"amenity":"school","building":"yes","building:levels":"4","name":"E.E.E. Sassoon High School","id":"way/353394704"},"geometry":{"type":"Point","coordinates":[72.8307703,18.967056]}},{"type":"Feature","id":"way/353395699","properties":{"amenity":"school","building":"yes","isced:level":"1;2;3","name":"D Y Patil International School","website":"https://www.dypisworli.in/","id":"way/353395699"},"geometry":{"type":"Point","coordinates":[72.8210703,19.0159012]}},{"type":"Feature","id":"way/353405013","properties":{"addr:city":"Mumbai","addr:postcode":"400008","addr:street":"Dimtimakar Road","amenity":"place_of_worship","building":"mosque","denomination":"sunni","name":"Sangtarash Masjid","religion":"muslim","id":"way/353405013"},"geometry":{"type":"Point","coordinates":[72.8308613,18.9648828]}},{"type":"Feature","id":"way/353405023","properties":{"addr:city":"mumbai","addr:district":"Mumbai","addr:postcode":"400009","addr:street":"A N Surve Marg (Umerkhadi Road)","amenity":"cafe","building":"yes","cuisine":"coffee_shop","internet_access":"yes","internet_access:fee":"customers","name":"bombay bites","opening_hours":"06:00-22:00","outdoor_seating":"yes","id":"way/353405023"},"geometry":{"type":"Point","coordinates":[72.8359164,18.9614552]}},{"type":"Feature","id":"way/353407984","properties":{"amenity":"school","building":"yes","building:levels":"7","name":"Fellowship International School","id":"way/353407984"},"geometry":{"type":"Point","coordinates":[72.8108474,18.9616576]}},{"type":"Feature","id":"way/353407985","properties":{"amenity":"school","building":"yes","building:levels":"7","name":"Fellowship School","id":"way/353407985"},"geometry":{"type":"Point","coordinates":[72.8109956,18.9620041]}},{"type":"Feature","id":"way/353407996","properties":{"amenity":"school","building":"yes","name":"DSB International School","id":"way/353407996"},"geometry":{"type":"Point","coordinates":[72.8081012,18.957157]}},{"type":"Feature","id":"way/353408029","properties":{"amenity":"veterinary","building":"yes","name":"Dr. Rustom K. Barucha","id":"way/353408029"},"geometry":{"type":"Point","coordinates":[72.8104474,18.9610098]}},{"type":"Feature","id":"way/353408060","properties":{"amenity":"school","building":"yes","name":"St. Columba Marathi Primary School","id":"way/353408060"},"geometry":{"type":"Point","coordinates":[72.812355,18.9615456]}},{"type":"Feature","id":"way/353408072","properties":{"addr:housenumber":"13","addr:street":"N S Patkar Marg","amenity":"school","building":"yes","name":"New Activity School","id":"way/353408072"},"geometry":{"type":"Point","coordinates":[72.8084638,18.9621672]}},{"type":"Feature","id":"way/353411203","properties":{"amenity":"school","name":"Christ Church School","wikidata":"Q5108823","wikipedia":"en:Christ Church School","id":"way/353411203"},"geometry":{"type":"Point","coordinates":[72.8316673,18.9697524]}},{"type":"Feature","id":"way/353424037","properties":{"amenity":"school","building":"yes","name":"Queen Mary's Girls School","school:gender":"female","id":"way/353424037"},"geometry":{"type":"Point","coordinates":[72.8150009,18.9591738]}},{"type":"Feature","id":"way/353427006","properties":{"amenity":"prep_school","building":"yes","name":"Shivvidya Prabodhini IAS Academy","id":"way/353427006"},"geometry":{"type":"Point","coordinates":[72.8287477,19.0123399]}},{"type":"Feature","id":"node/353471603","properties":{"name":"Dadar (Central)","name:en":"Dadar (Central)","name:hi":"दादर (सेंट्रल)","name:mr":"दादर (सेंट्रल)","public_transport":"stop_position","railway":"stop","ref":"12","train":"yes","id":"node/353471603"},"geometry":{"type":"Point","coordinates":[72.8431748,19.0172069]}},{"type":"Feature","id":"way/353750257","properties":{"addr:housenumber":"6","addr:street":"Khan Abdul Gaffar Khan Marg","amenity":"school","building":"yes","name":"Greenlawns School Worli","wikidata":"Q5604266","wikipedia":"en:Greenlawns School Worli","id":"way/353750257"},"geometry":{"type":"Point","coordinates":[72.8173628,19.012927]}},{"type":"Feature","id":"way/353751244","properties":{"addr:city":"Mumbai","addr:district":"Mumbai","addr:postcode":"400009","addr:street":"A N Surve Marg (Umerkhadi Road)","amenity":"place_of_worship","building":"yes","denomination":"shia","name":"ali masjid","religion":"muslim","id":"way/353751244"},"geometry":{"type":"Point","coordinates":[72.8363275,18.9614446]}},{"type":"Feature","id":"way/353757972","properties":{"addr:city":"Mumbai","addr:housenumber":"26","addr:postcode":"400025","addr:street":"Sasmira Marg, Municipal Colony, Shivaji Nagar, Worli","amenity":"school","building":"yes","name":"Sacred Heart High School","id":"way/353757972"},"geometry":{"type":"Point","coordinates":[72.8193292,19.0149678]}},{"type":"Feature","id":"way/353761087","properties":{"addr:housenumber":"4/B","addr:street":"Kashibai Navrange Marg (Alexandra Road)","amenity":"school","building":"yes","name":"The New Era School","id":"way/353761087"},"geometry":{"type":"Point","coordinates":[72.8088871,18.9618508]}},{"type":"Feature","id":"way/353762113","properties":{"amenity":"place_of_worship","building":"yes","name":"Damji Lakshmichand Jain Dharm Sthanak","name:gu":"દામજી લક્ષ્મીચંદ જૈના ધર્મ સ્થાનક","religion":"jain","id":"way/353762113"},"geometry":{"type":"Point","coordinates":[72.8349707,18.9877075]}},{"type":"Feature","id":"way/353772277","properties":{"amenity":"hospital","healthcare":"hospital","name":"Maru Hospital","id":"way/353772277"},"geometry":{"type":"Point","coordinates":[72.8370238,18.9982979]}},{"type":"Feature","id":"way/353773237","properties":{"amenity":"bank","brand":"Central Bank of India","brand:wikidata":"Q2007090","brand:wikipedia":"en:Central Bank of India","building":"yes","name":"Central Bank of India","id":"way/353773237"},"geometry":{"type":"Point","coordinates":[72.8096549,18.9582975]}},{"type":"Feature","id":"way/353790686","properties":{"amenity":"school","building:levels":"7","name":"Sitaram School","id":"way/353790686"},"geometry":{"type":"Point","coordinates":[72.82863,18.9909142]}},{"type":"Feature","id":"way/353799688","properties":{"amenity":"school","building":"yes","name":"N.M. Joshi Marg Municipal Secondary School","id":"way/353799688"},"geometry":{"type":"Point","coordinates":[72.8321729,18.9912214]}},{"type":"Feature","id":"way/353799754","properties":{"addr:district":"Mumbai","addr:full":"Victoria Road, Cross Lane No.Iii, Byculla (E)","addr:postcode":"400027","addr:state":"Maharashtra","amenity":"hospital","name":"Balaji Hospital","source":"OpenGovernmentData","id":"way/353799754"},"geometry":{"type":"Point","coordinates":[72.8353539,18.9772369]}},{"type":"Feature","id":"way/353810415","properties":{"amenity":"police","building":"yes","name":"Worli Police Station","name:en":"Worli Police Station","name:mr":"वरळी पोलीस ठाणे","id":"way/353810415"},"geometry":{"type":"Point","coordinates":[72.817387,19.0051624]}},{"type":"Feature","id":"way/353825818","properties":{"amenity":"school","building":"yes","name":"Maratha High School","id":"way/353825818"},"geometry":{"type":"Point","coordinates":[72.8224365,19.0011241]}},{"type":"Feature","id":"way/353825842","properties":{"amenity":"school","building":"yes","name":"Ganpatrao Kadam Marg BMC School","id":"way/353825842"},"geometry":{"type":"Point","coordinates":[72.824211,18.9979418]}},{"type":"Feature","id":"way/353995767","properties":{"amenity":"school","building":"yes","check_date":"2026-03-20","education":"school","name":"PES Maharashtra High School","id":"way/353995767"},"geometry":{"type":"Point","coordinates":[72.8316497,18.9939877]}},{"type":"Feature","id":"way/353996862","properties":{"amenity":"college","building":"yes","name":"The NAB Workshop For The Blind","school":"blind","id":"way/353996862"},"geometry":{"type":"Point","coordinates":[72.8208259,19.0115252]}},{"type":"Feature","id":"way/354015397","properties":{"amenity":"school","building":"yes","name":"Stephen High School For The Hearing Handicapped","id":"way/354015397"},"geometry":{"type":"Point","coordinates":[72.8317836,19.016825]}},{"type":"Feature","id":"way/354041997","properties":{"amenity":"school","building":"yes","name":"Talchekar Wadi Municipal School And Hall","id":"way/354041997"},"geometry":{"type":"Point","coordinates":[72.830918,18.9994082]}},{"type":"Feature","id":"way/354066127","properties":{"amenity":"police","building":"yes","name":"Dadar Police Station","wikidata":"Q6935316","wikipedia":"en:Mumbai Police","id":"way/354066127"},"geometry":{"type":"Point","coordinates":[72.835454,19.0150223]}},{"type":"Feature","id":"way/354228648","properties":{"building":"yes","name":"Kohinoor Building","tourism":"hotel","website":"https://www.kohinoorhotels.com/kohinoor_prabhadevi","id":"way/354228648"},"geometry":{"type":"Point","coordinates":[72.8293393,19.016891]}},{"type":"Feature","id":"way/354228682","properties":{"brand":"Vijay Sales","brand:wikidata":"Q7929200","brand:wikipedia":"en:Vijay Sales","building":"yes","building:levels":"4","name":"Vijay Sales","operator":"Vijay Sales","phone":"+91 2261711111","shop":"electronics","website":"https://www.vijaysales.com","id":"way/354228682"},"geometry":{"type":"Point","coordinates":[72.8305217,19.0181907]}},{"type":"Feature","id":"way/354262712","properties":{"amenity":"school","building":"yes","isced:level":"1;2;3","name":"IES Modern English School","id":"way/354262712"},"geometry":{"type":"Point","coordinates":[72.8362364,19.0223269]}},{"type":"Feature","id":"way/354262742","properties":{"amenity":"school","building":"yes","isced:level":"1;2;3","name":"Nabar Guruji School","id":"way/354262742"},"geometry":{"type":"Point","coordinates":[72.8368827,19.0196262]}},{"type":"Feature","id":"way/354262887","properties":{"amenity":"school","building":"yes","isced:level":"1;2;3","name":"Gokhale Road Municipal School","id":"way/354262887"},"geometry":{"type":"Point","coordinates":[72.834793,19.0167435]}},{"type":"Feature","id":"way/354278881","properties":{"addr:city":"mumbai","addr:postcode":"400013","addr:street":"Gokhale Road","air_conditioning":"yes","alt_name":"Carnival Cinemas","amenity":"cinema","building":"yes","name":"Deepak Talkies","screen":"1","id":"way/354278881"},"geometry":{"type":"Point","coordinates":[72.830629,19.0056481]}},{"type":"Feature","id":"way/354294903","properties":{"amenity":"bank","atm":"no","building":"yes","drive_through":"no","name":"Saraswat Bank Head Office","wikidata":"Q7423261","wikipedia":"en:Saraswat Co-operative Bank Ltd","id":"way/354294903"},"geometry":{"type":"Point","coordinates":[72.8298236,19.013625]}},{"type":"Feature","id":"way/354294947","properties":{"amenity":"fire_station","building":"yes","check_date":"2025-11-02","name":"Babasaheb Worlikar Fire Station","id":"way/354294947"},"geometry":{"type":"Point","coordinates":[72.8235338,19.013219]}},{"type":"Feature","id":"way/354473917","properties":{"leisure":"park","name":"Worli Sea Face Garden","id":"way/354473917"},"geometry":{"type":"Point","coordinates":[72.8166244,19.0145962]}},{"type":"Feature","id":"way/356187624","properties":{"amenity":"school","building":"yes","name":"M.S.P.T. High School","id":"way/356187624"},"geometry":{"type":"Point","coordinates":[72.8136475,18.960372]}},{"type":"Feature","id":"way/356187783","properties":{"addr:street":"Allibhai Premji Marg (Foras Road)","amenity":"school","building":"yes","check_date":"2026-03-20","name":"Our Own High School","id":"way/356187783"},"geometry":{"type":"Point","coordinates":[72.8163524,18.9626789]}},{"type":"Feature","id":"way/356207224","properties":{"addr:city":"Mumbai","amenity":"school","building":"yes","building:levels":"4","name":"Ahmed Sailor High School","id":"way/356207224"},"geometry":{"type":"Point","coordinates":[72.8301228,18.9651298]}},{"type":"Feature","id":"way/356207236","properties":{"addr:city":"Mumbai","addr:district":"Mumbai","addr:postcode":"400009","addr:street":"A N Surve Marg (Umerkhadi Road)","amenity":"hospital","emergency":"yes","healthcare":"hospital","healthcare:speciality":"gynaecology;radiology;orthodontics;emergency;maternity","name":"umerkhadi hospital","id":"way/356207236"},"geometry":{"type":"Point","coordinates":[72.8365872,18.9613939]}},{"type":"Feature","id":"way/356207240","properties":{"addr:city":"mumbai","addr:district":"Mumbai","addr:postcode":"400009","addr:street":"A N Surve Marg (Umerkhadi Road)","leisure":"park","name":"public park","opening_hours":"Mo-Su 06:00-22:00","id":"way/356207240"},"geometry":{"type":"Point","coordinates":[72.8367569,18.9613657]}},{"type":"Feature","id":"way/356208144","properties":{"amenity":"cafe","building":"apartments","building:levels":"10","id":"way/356208144"},"geometry":{"type":"Point","coordinates":[72.8032934,18.9570533]}},{"type":"Feature","id":"way/356294784","properties":{"amenity":"school","building":"yes","name":"Navbharat School","id":"way/356294784"},"geometry":{"type":"Point","coordinates":[72.8443389,19.0059112]}},{"type":"Feature","id":"way/356294928","properties":{"amenity":"school","building":"yes","name":"Dr. D.B.Kulkarni Vidhyalay","id":"way/356294928"},"geometry":{"type":"Point","coordinates":[72.8449161,19.0102671]}},{"type":"Feature","id":"way/356452040","properties":{"building":"yes","name":"NAVKAR CYRAMIC","shop":"yes","id":"way/356452040"},"geometry":{"type":"Point","coordinates":[72.8388877,19.0198528]}},{"type":"Feature","id":"way/356454559","properties":{"addr:city":"Mumbai","amenity":"place_of_worship","building":"yes","name:en":"Sonawala Agyari","religion":"zoroastrian","id":"way/356454559"},"geometry":{"type":"Point","coordinates":[72.8422428,19.0421553]}},{"type":"Feature","id":"way/356454578","properties":{"addr:city":"Mumbai","amenity":"school","building":"yes","name":"Mahim Mori Road Municipal Marathi School","id":"way/356454578"},"geometry":{"type":"Point","coordinates":[72.8424371,19.0419927]}},{"type":"Feature","id":"way/357187182","properties":{"amenity":"school","building":"yes","name":"Bombay Girls' High School","id":"way/357187182"},"geometry":{"type":"Point","coordinates":[72.848563,19.0336688]}},{"type":"Feature","id":"way/357187603","properties":{"addr:city":"Mumbai","amenity":"place_of_worship","building":"yes","name":"Moiniya Jama Masjid","religion":"muslim","id":"way/357187603"},"geometry":{"type":"Point","coordinates":[72.8464459,19.0444947]}},{"type":"Feature","id":"way/357360289","properties":{"addr:city":"Mumbai","addr:district":"Mumbai","addr:housenumber":"43","addr:postcode":"400016","addr:street":"Takandas H. Kataria Marg","amenity":"hospital","emergency":"yes","healthcare":"hospital","healthcare:speciality":"general","name":"smriti narvekar","opening_hours":"Mo-Fr 08:00-17:00","id":"way/357360289"},"geometry":{"type":"Point","coordinates":[72.8439961,19.0314175]}},{"type":"Feature","id":"way/357360555","properties":{"addr:city":"Mumbai","amenity":"college","building":"yes","name":"Lokmanya Vidya Mandir Jr College","id":"way/357360555"},"geometry":{"type":"Point","coordinates":[72.8439249,19.0329465]}},{"type":"Feature","id":"way/357360590","properties":{"addr:city":"mumbai","addr:district":"Mumbai","addr:housenumber":"28","addr:postcode":"400016","addr:street":"Taikalwadi Marg","building":"yes","building:levels":"0","name":"om medical","opening_hours":"24/7","shop":"medical","id":"way/357360590"},"geometry":{"type":"Point","coordinates":[72.8422759,19.0286477]}},{"type":"Feature","id":"way/357424038","properties":{"amenity":"place_of_worship","building":"yes","name":"St Anne's Church","religion":"christian","id":"way/357424038"},"geometry":{"type":"Point","coordinates":[72.8355355,18.9696459]}},{"type":"Feature","id":"way/357448147","properties":{"addr:city":"Mumbai","amenity":"place_of_worship","building":"mosque","denomination":"sunni","name":"Chuna Bhatti Markaz Masjid","name:ur":"چونا بھٹی مارکاز مسجد","religion":"muslim","id":"way/357448147"},"geometry":{"type":"Point","coordinates":[72.8330964,18.9553256]}},{"type":"Feature","id":"way/357448190","properties":{"addr:city":"Mumbai","addr:postcode":"400009","amenity":"place_of_worship","building":"yes","denomination":"sunni","name":"Shaafi Masjid","name:ur":"شافعی مسجد","religion":"muslim","id":"way/357448190"},"geometry":{"type":"Point","coordinates":[72.8361738,18.9585438]}},{"type":"Feature","id":"way/358341212","properties":{"amenity":"theatre","building":"yes","name":"Sahitya Sangh Mandir","id":"way/358341212"},"geometry":{"type":"Point","coordinates":[72.8195932,18.9529283]}},{"type":"Feature","id":"way/358341277","properties":{"addr:city":"Mumbai","addr:postcode":"400009","addr:street":"Imamwada Road behind shustry Imambara","amenity":"restaurant","building":"yes","cuisine":"chicken;american;burger;fast_food","delivery":"yes","diet:halal":"yes","name":"BGF - BakeGrillFry","opening_hours":"Mo-Su 15:30-23:30","phone":"+919137111676","takeaway":"only","website":"www.bgfindia.in","id":"way/358341277"},"geometry":{"type":"Point","coordinates":[72.8332812,18.9582004]}},{"type":"Feature","id":"way/358473244","properties":{"amenity":"planetarium","building":"yes","building:levels":"5","name":"Nehru Planetarium","id":"way/358473244"},"geometry":{"type":"Point","coordinates":[72.8185871,18.9906399]}},{"type":"Feature","id":"way/359528686","properties":{"amenity":"school","building":"yes","building:levels":"7","name":"Maulana Azad High School","id":"way/359528686"},"geometry":{"type":"Point","coordinates":[72.8277887,18.9761748]}},{"type":"Feature","id":"way/359561187","properties":{"addr:city":"Mumbai","addr:district":"Mumbai","addr:postcode":"400008","addr:street":"1st Balu Changu Patil Marg","amenity":"restaurant","building":"yes","cuisine":"indian","diet:halal":"yes","name":"good luck resto","id":"way/359561187"},"geometry":{"type":"Point","coordinates":[72.8366473,18.9610444]}},{"type":"Feature","id":"way/359690892","properties":{"amenity":"school","building":"yes","name":"St. Isabel High School","id":"way/359690892"},"geometry":{"type":"Point","coordinates":[72.8406141,18.9721095]}},{"type":"Feature","id":"way/359719464","properties":{"amenity":"place_of_worship","building":"apartments","religion":"hindu","id":"way/359719464"},"geometry":{"type":"Point","coordinates":[72.8042497,18.9539124]}},{"type":"Feature","id":"way/359780734","properties":{"amenity":"theatre","building":"yes","name":"Sophia Bhaba","id":"way/359780734"},"geometry":{"type":"Point","coordinates":[72.8069076,18.9693114]}},{"type":"Feature","id":"way/360330455","properties":{"amenity":"events_venue","building":"yes","name":"Corona Garden","name:en":"Corona Garden","id":"way/360330455"},"geometry":{"type":"Point","coordinates":[72.8263417,19.0488655]}},{"type":"Feature","id":"way/362705555","properties":{"description":"Only for senior (60+) citizens","leisure":"park","name":"Nana Nani Park","opening_hours":"Mo-Su 06:00-10:00,17:00-21:00","id":"way/362705555"},"geometry":{"type":"Point","coordinates":[72.8096908,18.9556527]}},{"type":"Feature","id":"way/362705556","properties":{"leisure":"park","name":"Lokmanya Tilak Udyan","name:etymology:wikidata":"Q312555","id":"way/362705556"},"geometry":{"type":"Point","coordinates":[72.8134703,18.9548676]}},{"type":"Feature","id":"way/362705557","properties":{"leisure":"park","name":"Kilachand Garden (Chowpatty Bandstand)","id":"way/362705557"},"geometry":{"type":"Point","coordinates":[72.8076111,18.9555432]}},{"type":"Feature","id":"way/362705558","properties":{"leisure":"park","name":"Public Garden","id":"way/362705558"},"geometry":{"type":"Point","coordinates":[72.8059906,18.9661185]}},{"type":"Feature","id":"way/362749148","properties":{"leisure":"pitch","id":"way/362749148"},"geometry":{"type":"Point","coordinates":[72.8253379,18.9917566]}},{"type":"Feature","id":"way/363147380","properties":{"leisure":"park","id":"way/363147380"},"geometry":{"type":"Point","coordinates":[72.8023972,18.9705807]}},{"type":"Feature","id":"way/363253490","properties":{"features":"gym, playing space","leisure":"park","name":"swami vivekanand garden","name:etymology:wikidata":"Q47478","opening_hours":"Mo-Su 08:00-22:00","id":"way/363253490"},"geometry":{"type":"Point","coordinates":[72.838936,19.0459983]}},{"type":"Feature","id":"way/363753992","properties":{"leisure":"garden","name":"Rose Garden","id":"way/363753992"},"geometry":{"type":"Point","coordinates":[72.83781,18.9779256]}},{"type":"Feature","id":"way/363858801","properties":{"leisure":"park","name":"ayooshi park","old_name":"Lion Garden","id":"way/363858801"},"geometry":{"type":"Point","coordinates":[72.8188325,19.0102651]}},{"type":"Feature","id":"way/363858802","properties":{"leisure":"park","name":"Adya Shankaracharya Garden","id":"way/363858802"},"geometry":{"type":"Point","coordinates":[72.8164751,19.0078832]}},{"type":"Feature","id":"way/374346197","properties":{"amenity":"place_of_worship","building":"mosque","check_date":"2026-03-20","religion":"muslim","id":"way/374346197"},"geometry":{"type":"Point","coordinates":[72.831248,18.9932522]}},{"type":"Feature","id":"way/384553865","properties":{"amenity":"place_of_worship","building":"mosque","name":"Haji Ali","religion":"muslim","id":"way/384553865"},"geometry":{"type":"Point","coordinates":[72.8089964,18.9829869]}},{"type":"Feature","id":"way/392751932","properties":{"amenity":"place_of_worship","building":"yes","name":"Swami Samartha Math","religion":"hindu","id":"way/392751932"},"geometry":{"type":"Point","coordinates":[72.8210281,18.9538515]}},{"type":"Feature","id":"way/402645524","properties":{"addr:city":"Mumbai","addr:housenumber":"1/136","addr:place":"Worli","addr:postcode":"400018","addr:street":"Dr E Moses Road","brand":"Four Seasons","brand:wikidata":"Q1424786","building":"commercial","check_date":"2026-03-20","name":"Four Seasons Hotel","operator":"Four Seasons Hotels Limited","smoking":"outside","tourism":"hotel","website":"https://www.fourseasons.com/mumbai","id":"way/402645524"},"geometry":{"type":"Point","coordinates":[72.8203935,18.994204]}},{"type":"Feature","id":"way/410860384","properties":{"access":"private","leisure":"park","id":"way/410860384"},"geometry":{"type":"Point","coordinates":[72.826119,18.9792044]}},{"type":"Feature","id":"way/411074111","properties":{"amenity":"parking","id":"way/411074111"},"geometry":{"type":"Point","coordinates":[72.8111614,18.9772575]}},{"type":"Feature","id":"way/423483192","properties":{"leisure":"playground","id":"way/423483192"},"geometry":{"type":"Point","coordinates":[72.8451038,18.9659726]}},{"type":"Feature","id":"way/423483193","properties":{"leisure":"pitch","id":"way/423483193"},"geometry":{"type":"Point","coordinates":[72.8408103,18.9674632]}},{"type":"Feature","id":"way/428199723","properties":{"amenity":"school","name":"St Peter's School","id":"way/428199723"},"geometry":{"type":"Point","coordinates":[72.8406495,18.9674525]}},{"type":"Feature","id":"way/430029987","properties":{"addr:district":"Mumbai","addr:full":"Parel","addr:postcode":"400012","addr:state":"Maharashtra","amenity":"hospital","check_date":"2026-03-20","healthcare":"hospital","name":"K B H B Charitable Ophthalmic and E.N.T Hospital","source":"OpenGovernmentData","id":"way/430029987"},"geometry":{"type":"Point","coordinates":[72.840422,19.0023454]}},{"type":"Feature","id":"way/430029988","properties":{"leisure":"park","id":"way/430029988"},"geometry":{"type":"Point","coordinates":[72.8392992,18.9966237]}},{"type":"Feature","id":"way/430179199","properties":{"leisure":"pitch","id":"way/430179199"},"geometry":{"type":"Point","coordinates":[72.8331601,18.9896669]}},{"type":"Feature","id":"way/430179200","properties":{"leisure":"playground","id":"way/430179200"},"geometry":{"type":"Point","coordinates":[72.8340948,18.9915653]}},{"type":"Feature","id":"way/430223744","properties":{"addr:district":"Mumbai","addr:full":"Dr. B.A.Ambedkar Central Railway Hospital, Opp. Ranibag, BYCULLA MUMBAI","addr:postcode":"400027","addr:state":"Maharashtra","amenity":"hospital","description":"Civil Hospital/General Hospital","healthcare":"hospital","name":"Dr. Babasaheb Ambedkar Memorial Central Railway Hospital","name:etymology:wikidata":"Q231690","source":"OpenGovernmentData","wheelchair":"yes","id":"way/430223744"},"geometry":{"type":"Point","coordinates":[72.8335812,18.9801469]}},{"type":"Feature","id":"way/430223746","properties":{"amenity":"college","check_date":"2026-03-20","name":"Dr Anandrao Nair Hospital and Topiwala Medical College","id":"way/430223746"},"geometry":{"type":"Point","coordinates":[72.8219795,18.9743311]}},{"type":"Feature","id":"way/436455880","properties":{"addr:postcode":"400010","addr:street":"S B Dhody Marg (Nesbit Road)","amenity":"school","name":"St. Mary's School (ICSE)","id":"way/436455880"},"geometry":{"type":"Point","coordinates":[72.8352728,18.9692127]}},{"type":"Feature","id":"way/441268775","properties":{"leisure":"park","name":"Matoshree Ramabai Thackrey Udyan","name:etymology:wikidata":"Q103980364","id":"way/441268775"},"geometry":{"type":"Point","coordinates":[72.8262555,18.999877]}},{"type":"Feature","id":"node/455270426","properties":{"amenity":"post_office","name":"Malabar Hill Post Office","postal_code":"400006","id":"node/455270426"},"geometry":{"type":"Point","coordinates":[72.8044801,18.9554402]}},{"type":"Feature","id":"node/458876984","properties":{"amenity":"place_of_worship","religion":"jain","id":"node/458876984"},"geometry":{"type":"Point","coordinates":[72.7989339,18.9506941]}},{"type":"Feature","id":"node/458905821","properties":{"amenity":"atm","brand":"HDFC Bank","brand:wikidata":"Q631047","name":"HDFC Bank","operator":"HDFC Bank","operator:wikidata":"Q631047","short_name":"HDFC","id":"node/458905821"},"geometry":{"type":"Point","coordinates":[72.7982525,18.9547792]}},{"type":"Feature","id":"node/458918694","properties":{"bus":"yes","highway":"bus_stop","public_transport":"platform","id":"node/458918694"},"geometry":{"type":"Point","coordinates":[72.7954921,18.9501583]}},{"type":"Feature","id":"node/459170289","properties":{"name":"Moksh Wines","shop":"alcohol","id":"node/459170289"},"geometry":{"type":"Point","coordinates":[72.7973374,18.9542416]}},{"type":"Feature","id":"node/459626234","properties":{"amenity":"toilets","id":"node/459626234"},"geometry":{"type":"Point","coordinates":[72.8003383,18.9585796]}},{"type":"Feature","id":"node/459663556","properties":{"amenity":"atm","brand":"State Bank of India","brand:wikidata":"Q1340361","name":"State Bank of India","operator":"State Bank of India","operator:wikidata":"Q1340361","short_name":"SBI","id":"node/459663556"},"geometry":{"type":"Point","coordinates":[72.7982096,18.9547386]}},{"type":"Feature","id":"node/459663557","properties":{"amenity":"bank","atm":"yes","brand":"Bank of India","brand:wikidata":"Q2004439","name":"Bank of India","operator":"Bank of India","id":"node/459663557"},"geometry":{"type":"Point","coordinates":[72.7980122,18.9545114]}},{"type":"Feature","id":"node/459667350","properties":{"amenity":"restaurant","name":"Jai Hind","id":"node/459667350"},"geometry":{"type":"Point","coordinates":[72.7976688,18.954073]}},{"type":"Feature","id":"node/461856747","properties":{"name":"Heera Panna","shop":"supermarket","id":"node/461856747"},"geometry":{"type":"Point","coordinates":[72.8109505,18.9775387]}},{"type":"Feature","id":"node/462270914","properties":{"amenity":"fuel","id":"node/462270914"},"geometry":{"type":"Point","coordinates":[72.8012499,18.9605094]}},{"type":"Feature","id":"node/469125308","properties":{"amenity":"toilets","id":"node/469125308"},"geometry":{"type":"Point","coordinates":[72.8025957,18.9579302]}},{"type":"Feature","id":"node/477241951","properties":{"amenity":"bar","name":"Golden Crown","id":"node/477241951"},"geometry":{"type":"Point","coordinates":[72.8118145,18.9623007]}},{"type":"Feature","id":"node/477616673","properties":{"amenity":"toilets","id":"node/477616673"},"geometry":{"type":"Point","coordinates":[72.8129144,18.96143]}},{"type":"Feature","id":"node/477642546","properties":{"amenity":"post_box","id":"node/477642546"},"geometry":{"type":"Point","coordinates":[72.8122395,18.9603023]}},{"type":"Feature","id":"way/481156374","properties":{"leisure":"park","name":"August Kranti Garden","id":"way/481156374"},"geometry":{"type":"Point","coordinates":[72.8106762,18.9624636]}},{"type":"Feature","id":"way/487790870","properties":{"access":"yes","dog":"no","leisure":"park","name":"BWSL Promenade","name:en":"BWSL Promenade","opening_hours":"Mo-Su 06:00-10:00, 16:30-21:30","operator":"MSRDC","operator:type":"government","id":"way/487790870"},"geometry":{"type":"Point","coordinates":[72.8319564,19.0471015]}},{"type":"Feature","id":"way/492698234","properties":{"addr:city":"Mumbai","addr:country":"IN","addr:postcode":"400016","addr:state":"Maharastra","leisure":"park","name":"MM Chhotani Garden","opening_hours":"Mo-Su 08:00-22:00","operator":"BMC","operator:type":"public","id":"way/492698234"},"geometry":{"type":"Point","coordinates":[72.8439383,19.0397694]}},{"type":"Feature","id":"node/494772647","properties":{"name":"Castella de Aguada","name:es":"Castillo de Aguada","name:pt":"Castelo de Aguada","tourism":"attraction","id":"node/494772647"},"geometry":{"type":"Point","coordinates":[72.8184995,19.0419788]}},{"type":"Feature","id":"node/527987797","properties":{"loc_ref":"2","name":"Grant Road","public_transport":"stop_position","railway":"stop","train":"yes","id":"node/527987797"},"geometry":{"type":"Point","coordinates":[72.8159839,18.9632656]}},{"type":"Feature","id":"node/527987828","properties":{"name":"Charni Road","name:hi":"चर्नी रोड","network":"WR","operator":"IR","public_transport":"stop_position","railway":"stop","train":"yes","id":"node/527987828"},"geometry":{"type":"Point","coordinates":[72.8179252,18.9520361]}},{"type":"Feature","id":"node/528074073","properties":{"loc_ref":"3","name":"Grant Road","public_transport":"stop_position","railway":"stop","train":"yes","id":"node/528074073"},"geometry":{"type":"Point","coordinates":[72.8159021,18.962847]}},{"type":"Feature","id":"node/528074116","properties":{"loc_ref":"4","name":"Grant Road","public_transport":"stop_position","railway":"stop","train":"yes","id":"node/528074116"},"geometry":{"type":"Point","coordinates":[72.815886,18.9626624]}},{"type":"Feature","id":"node/528079150","properties":{"name":"Charni Road","name:hi":"चर्नी रोड","network":"WR","operator":"IR","public_transport":"stop_position","railway":"stop","train":"yes","id":"node/528079150"},"geometry":{"type":"Point","coordinates":[72.8168508,18.9527932]}},{"type":"Feature","id":"node/528082473","properties":{"name":"Charni Road","name:hi":"चर्नी रोड","network":"WR","operator":"IR","public_transport":"stop_position","railway":"stop","train":"yes","id":"node/528082473"},"geometry":{"type":"Point","coordinates":[72.818007,18.9521256]}},{"type":"Feature","id":"node/528082558","properties":{"name":"Charni Road","name:hi":"चर्नी रोड","network":"WR","operator":"IR","public_transport":"stop_position","railway":"stop","train":"yes","id":"node/528082558"},"geometry":{"type":"Point","coordinates":[72.8179808,18.9520922]}},{"type":"Feature","id":"node/528216004","properties":{"IR:zone":"WR:CCG","local_ref":"2","name":"Mumbai Central (local)","name:hi":"मुम्बई सेन्ट्रल","name:mr":"मुंबई सेंट्रल","network":"WR","old_name":"Bellasis Road","operator":"IR","public_transport":"stop_position","railway":"stop","ref":"MMCT","train":"yes","id":"node/528216004"},"geometry":{"type":"Point","coordinates":[72.8188347,18.9707096]}},{"type":"Feature","id":"node/537766323","properties":{"historic":"fort","name":"माहीम किल्ला","name:en":"Mahim Fort","tourism":"attraction","wikidata":"Q3633207","wikimedia_commons":"Category:Mahim Fort","wikipedia":"en:Mahim Fort","id":"node/537766323"},"geometry":{"type":"Point","coordinates":[72.8381267,19.0420113]}},{"type":"Feature","id":"way/543846807","properties":{"addr:city":"Mumbai","addr:postcode":"400050","addr:street":"Byramji Jeejeebhoy Road","amenity":"cafe","building":"yes","name":"Café Sea Side","id":"way/543846807"},"geometry":{"type":"Point","coordinates":[72.8192559,19.0456642]}},{"type":"Feature","id":"way/543960011","properties":{"addr:city":"Mumbai","addr:postcode":"400050","addr:street":"Mount Mary Road","amenity":"place_of_worship","building":"yes","denomination":"church_of_north_india","name":"St. Stephen's Church","name:en":"St. Stephen's Church","religion":"christian","service_times":"Su 07:00,09:00,18:00","id":"way/543960011"},"geometry":{"type":"Point","coordinates":[72.8225303,19.049234]}},{"type":"Feature","id":"way/552083701","properties":{"leisure":"park","name":"Mount Blanc Park","id":"way/552083701"},"geometry":{"type":"Point","coordinates":[72.8039594,18.9634897]}},{"type":"Feature","id":"way/555183321","properties":{"leisure":"park","name":"Signature Garden","id":"way/555183321"},"geometry":{"type":"Point","coordinates":[72.8030116,18.968395]}},{"type":"Feature","id":"way/557943378","properties":{"leisure":"park","name":"Grand Paradi Park","id":"way/557943378"},"geometry":{"type":"Point","coordinates":[72.8045279,18.9627115]}},{"type":"Feature","id":"way/564618854","properties":{"leisure":"swimming_pool","id":"way/564618854"},"geometry":{"type":"Point","coordinates":[72.8360923,19.0106015]}},{"type":"Feature","id":"way/571791052","properties":{"amenity":"toilets","building":"yes","operator":"BBRT","id":"way/571791052"},"geometry":{"type":"Point","coordinates":[72.8187545,19.0445413]}},{"type":"Feature","id":"way/574769583","properties":{"amenity":"port","id":"way/574769583"},"geometry":{"type":"Point","coordinates":[72.8154298,19.0259153]}},{"type":"Feature","id":"way/574791454","properties":{"leisure":"park","id":"way/574791454"},"geometry":{"type":"Point","coordinates":[72.818158,19.0223375]}},{"type":"Feature","id":"way/574791456","properties":{"leisure":"park","id":"way/574791456"},"geometry":{"type":"Point","coordinates":[72.8180582,19.022495]}},{"type":"Feature","id":"way/574791457","properties":{"leisure":"park","id":"way/574791457"},"geometry":{"type":"Point","coordinates":[72.8184718,19.021978]}},{"type":"Feature","id":"way/574791458","properties":{"leisure":"park","id":"way/574791458"},"geometry":{"type":"Point","coordinates":[72.8175099,19.0214984]}},{"type":"Feature","id":"way/574791459","properties":{"leisure":"park","id":"way/574791459"},"geometry":{"type":"Point","coordinates":[72.8172755,19.0219607]}},{"type":"Feature","id":"way/574791460","properties":{"leisure":"park","id":"way/574791460"},"geometry":{"type":"Point","coordinates":[72.8174378,19.0219515]}},{"type":"Feature","id":"way/574791461","properties":{"leisure":"park","id":"way/574791461"},"geometry":{"type":"Point","coordinates":[72.8163417,19.0229956]}},{"type":"Feature","id":"way/574791462","properties":{"leisure":"park","id":"way/574791462"},"geometry":{"type":"Point","coordinates":[72.8169052,19.0230216]}},{"type":"Feature","id":"way/574791463","properties":{"leisure":"park","id":"way/574791463"},"geometry":{"type":"Point","coordinates":[72.8161895,19.0221445]}},{"type":"Feature","id":"way/574791464","properties":{"leisure":"park","name":"Golpha Devi Park","id":"way/574791464"},"geometry":{"type":"Point","coordinates":[72.816251,19.0215844]}},{"type":"Feature","id":"way/574791465","properties":{"leisure":"park","id":"way/574791465"},"geometry":{"type":"Point","coordinates":[72.8182277,19.0211034]}},{"type":"Feature","id":"way/574791466","properties":{"leisure":"park","id":"way/574791466"},"geometry":{"type":"Point","coordinates":[72.8185774,19.0211394]}},{"type":"Feature","id":"way/574805578","properties":{"amenity":"parking","id":"way/574805578"},"geometry":{"type":"Point","coordinates":[72.816894,19.0203423]}},{"type":"Feature","id":"way/574805723","properties":{"leisure":"park","id":"way/574805723"},"geometry":{"type":"Point","coordinates":[72.8162524,19.0208719]}},{"type":"Feature","id":"way/574805724","properties":{"leisure":"park","id":"way/574805724"},"geometry":{"type":"Point","coordinates":[72.8170248,19.0197103]}},{"type":"Feature","id":"way/574805725","properties":{"leisure":"park","id":"way/574805725"},"geometry":{"type":"Point","coordinates":[72.8184244,19.0197812]}},{"type":"Feature","id":"way/574805726","properties":{"leisure":"park","id":"way/574805726"},"geometry":{"type":"Point","coordinates":[72.8183151,19.0196251]}},{"type":"Feature","id":"way/574805728","properties":{"leisure":"park","id":"way/574805728"},"geometry":{"type":"Point","coordinates":[72.8166992,19.0201662]}},{"type":"Feature","id":"way/574805729","properties":{"leisure":"park","id":"way/574805729"},"geometry":{"type":"Point","coordinates":[72.816435,19.0200542]}},{"type":"Feature","id":"way/574805730","properties":{"amenity":"parking","id":"way/574805730"},"geometry":{"type":"Point","coordinates":[72.8170517,19.0203732]}},{"type":"Feature","id":"way/574805731","properties":{"leisure":"park","id":"way/574805731"},"geometry":{"type":"Point","coordinates":[72.8184751,19.0202101]}},{"type":"Feature","id":"way/574805732","properties":{"leisure":"park","id":"way/574805732"},"geometry":{"type":"Point","coordinates":[72.8186957,19.0194142]}},{"type":"Feature","id":"way/574805733","properties":{"leisure":"park","id":"way/574805733"},"geometry":{"type":"Point","coordinates":[72.8187879,19.0201122]}},{"type":"Feature","id":"way/574805735","properties":{"amenity":"parking","id":"way/574805735"},"geometry":{"type":"Point","coordinates":[72.816492,19.0202362]}},{"type":"Feature","id":"way/574805736","properties":{"amenity":"parking","id":"way/574805736"},"geometry":{"type":"Point","coordinates":[72.8165867,19.0205476]}},{"type":"Feature","id":"way/574808465","properties":{"amenity":"parking","id":"way/574808465"},"geometry":{"type":"Point","coordinates":[72.816367,19.0211153]}},{"type":"Feature","id":"way/574808467","properties":{"leisure":"park","id":"way/574808467"},"geometry":{"type":"Point","coordinates":[72.8179979,19.0218962]}},{"type":"Feature","id":"way/574808469","properties":{"leisure":"park","id":"way/574808469"},"geometry":{"type":"Point","coordinates":[72.81776,19.0215419]}},{"type":"Feature","id":"way/575659931","properties":{"leisure":"park","id":"way/575659931"},"geometry":{"type":"Point","coordinates":[72.8189473,19.018039]}},{"type":"Feature","id":"way/575659932","properties":{"leisure":"park","id":"way/575659932"},"geometry":{"type":"Point","coordinates":[72.818539,19.0174119]}},{"type":"Feature","id":"way/575659933","properties":{"leisure":"park","id":"way/575659933"},"geometry":{"type":"Point","coordinates":[72.8181114,19.0172853]}},{"type":"Feature","id":"way/575659934","properties":{"leisure":"park","id":"way/575659934"},"geometry":{"type":"Point","coordinates":[72.8183868,19.0172704]}},{"type":"Feature","id":"way/575659935","properties":{"leisure":"park","id":"way/575659935"},"geometry":{"type":"Point","coordinates":[72.8178404,19.0171661]}},{"type":"Feature","id":"way/575659936","properties":{"leisure":"park","id":"way/575659936"},"geometry":{"type":"Point","coordinates":[72.8177721,19.017007]}},{"type":"Feature","id":"way/575659939","properties":{"leisure":"park","id":"way/575659939"},"geometry":{"type":"Point","coordinates":[72.8175461,19.0170828]}},{"type":"Feature","id":"way/575659947","properties":{"leisure":"park","id":"way/575659947"},"geometry":{"type":"Point","coordinates":[72.818473,19.0179994]}},{"type":"Feature","id":"way/575659975","properties":{"leisure":"park","id":"way/575659975"},"geometry":{"type":"Point","coordinates":[72.817426,19.0178992]}},{"type":"Feature","id":"way/575659977","properties":{"leisure":"park","id":"way/575659977"},"geometry":{"type":"Point","coordinates":[72.8182755,19.018254]}},{"type":"Feature","id":"way/575659978","properties":{"leisure":"park","id":"way/575659978"},"geometry":{"type":"Point","coordinates":[72.8174969,19.0187792]}},{"type":"Feature","id":"way/575659979","properties":{"leisure":"park","id":"way/575659979"},"geometry":{"type":"Point","coordinates":[72.8175532,19.0190377]}},{"type":"Feature","id":"way/575659980","properties":{"leisure":"park","id":"way/575659980"},"geometry":{"type":"Point","coordinates":[72.819017,19.0189697]}},{"type":"Feature","id":"way/575659981","properties":{"leisure":"park","id":"way/575659981"},"geometry":{"type":"Point","coordinates":[72.819558,19.0180431]}},{"type":"Feature","id":"way/575659982","properties":{"leisure":"park","id":"way/575659982"},"geometry":{"type":"Point","coordinates":[72.8217099,19.0171488]}},{"type":"Feature","id":"way/575659983","properties":{"amenity":"parking","id":"way/575659983"},"geometry":{"type":"Point","coordinates":[72.8177379,19.0174359]}},{"type":"Feature","id":"way/575659984","properties":{"amenity":"parking","id":"way/575659984"},"geometry":{"type":"Point","coordinates":[72.8186985,19.0172614]}},{"type":"Feature","id":"way/575659985","properties":{"amenity":"parking","id":"way/575659985"},"geometry":{"type":"Point","coordinates":[72.8184735,19.0183438]}},{"type":"Feature","id":"way/594407882","properties":{"addr:city":"Mumbai","addr:housenumber":"462","addr:postcode":"400013","addr:street":"Senapati Bapat Marg","air_conditioning":"yes","building":"retail","building:levels":"4","check_date":"2026-03-20","layer":"1","name":"Palladium","shop":"mall","id":"way/594407882"},"geometry":{"type":"Point","coordinates":[72.8241384,18.9941924]}},{"type":"Feature","id":"way/595020463","properties":{"addr:city":"Mumbai","addr:postcode":"400036","addr:street":"August Kranti Marg","amenity":"place_of_worship","building":"apartments","name":"Soonaiji Agiari","religion":"zoroastrian","id":"way/595020463"},"geometry":{"type":"Point","coordinates":[72.8108311,18.9637866]}},{"type":"Feature","id":"way/596409229","properties":{"building":"apartments","leisure":"fitness_centre","id":"way/596409229"},"geometry":{"type":"Point","coordinates":[72.7977029,18.9567835]}},{"type":"Feature","id":"way/601141841","properties":{"amenity":"parking","id":"way/601141841"},"geometry":{"type":"Point","coordinates":[72.8457136,18.9840138]}},{"type":"Feature","id":"way/601141843","properties":{"amenity":"parking","id":"way/601141843"},"geometry":{"type":"Point","coordinates":[72.8446387,18.986118]}},{"type":"Feature","id":"way/601141845","properties":{"amenity":"parking","id":"way/601141845"},"geometry":{"type":"Point","coordinates":[72.8453023,18.9842193]}},{"type":"Feature","id":"way/601141847","properties":{"amenity":"parking","parking:lane":"perpendicular","id":"way/601141847"},"geometry":{"type":"Point","coordinates":[72.8447212,18.9838577]}},{"type":"Feature","id":"way/601141849","properties":{"amenity":"parking","id":"way/601141849"},"geometry":{"type":"Point","coordinates":[72.8434334,18.9846516]}},{"type":"Feature","id":"way/601141886","properties":{"amenity":"parking","id":"way/601141886"},"geometry":{"type":"Point","coordinates":[72.8450772,18.9860566]}},{"type":"Feature","id":"node/610242127","properties":{"addr:housename":"Church Mission House","amenity":"place_of_worship","check_date":"2026-03-20","date":"1921","id":"node/610242127"},"geometry":{"type":"Point","coordinates":[72.8153373,18.9604654]}},{"type":"Feature","id":"node/610270325","properties":{"amenity":"restaurant","check_date":"2026-03-20","name":"Ever Green","id":"node/610270325"},"geometry":{"type":"Point","coordinates":[72.81716,18.9598264]}},{"type":"Feature","id":"node/610271821","properties":{"amenity":"restaurant","check_date":"2026-03-20","name":"Shriram","id":"node/610271821"},"geometry":{"type":"Point","coordinates":[72.8172244,18.959522]}},{"type":"Feature","id":"way/618791586","properties":{"addr:district":"Mumbai","addr:full":"Acharya Donde Marg, Parel East, Parel","addr:postcode":"400012","addr:state":"Maharashtra","amenity":"hospital","check_date":"2026-03-20","healthcare":"hospital","healthcare:speciality":"paediatrics","name":"Nowrosjee Wadia Maternity Hospital","source":"OpenGovernmentData","id":"way/618791586"},"geometry":{"type":"Point","coordinates":[72.8423727,19.0036051]}},{"type":"Feature","id":"node/619218674","properties":{"amenity":"toilets","id":"node/619218674"},"geometry":{"type":"Point","coordinates":[72.8131528,18.9642231]}},{"type":"Feature","id":"node/619252273","properties":{"name":"Mahim Junction","name:en":"Mahim Junction","name:mr":"माहिम रेल्वे स्थानक","public_transport":"stop_position","railway":"stop","ref":"1","train":"yes","id":"node/619252273"},"geometry":{"type":"Point","coordinates":[72.846697,19.0407051]}},{"type":"Feature","id":"node/619252274","properties":{"name":"Mahim Junction","name:en":"Mahim Junction","name:mr":"माहिम रेल्वे स्थानक","public_transport":"stop_position","railway":"stop","ref":"6","train":"yes","id":"node/619252274"},"geometry":{"type":"Point","coordinates":[72.847205,19.0409046]}},{"type":"Feature","id":"node/619263306","properties":{"access":"yes","amenity":"toilets","toilets:disposal":"flush","id":"node/619263306"},"geometry":{"type":"Point","coordinates":[72.8227477,18.9654477]}},{"type":"Feature","id":"node/619290482","properties":{"name":"Dockyard Road","public_transport":"stop_position","railway":"stop","ref":"2","train":"yes","id":"node/619290482"},"geometry":{"type":"Point","coordinates":[72.8442814,18.9664287]}},{"type":"Feature","id":"node/619293660","properties":{"alt_name":"Masjid Bunder","alt_name:en":"Masjid Bunder","alt_name:hi":"मस्जिद बंदर;मशीद बंदर","alt_name:mr":"मस्जिद बंदर","name":"Masjid","name:en":"Masjid","name:hi":"मस्जिद","name:mr":"मस्जिद","official_name:hi":"मशीद","public_transport":"stop_position","railway":"stop","ref":"3","train":"yes","id":"node/619293660"},"geometry":{"type":"Point","coordinates":[72.8382092,18.9518287]}},{"type":"Feature","id":"node/619293667","properties":{"name":"Sandhurst Road","name:en":"Sandhurst Road","name:hi":"सैंडहर्स्ट रोड","name:ml":"സാൻഡ്ഹർസ്റ്റ് റോഡ്","name:mr":"सँडहर्स्ट रोड","public_transport":"stop_position","railway":"stop","ref":"1","train":"yes","id":"node/619293667"},"geometry":{"type":"Point","coordinates":[72.8393604,18.9618375]}},{"type":"Feature","id":"node/619293686","properties":{"level":"-1","name":"Chinchpokli","name:en":"Chinchpokli","name:hi":"चिंचपोकली","name:ml":"ചിഞ്ച്പൊക്ലി","name:mr":"चिंचपोकळी","public_transport":"stop_position","railway":"stop","train":"yes","id":"node/619293686"},"geometry":{"type":"Point","coordinates":[72.8327477,18.9874068]}},{"type":"Feature","id":"node/619302834","properties":{"amenity":"toilets","wheelchair":"no","id":"node/619302834"},"geometry":{"type":"Point","coordinates":[72.8262418,18.9618929]}},{"type":"Feature","id":"node/619306065","properties":{"amenity":"toilets","id":"node/619306065"},"geometry":{"type":"Point","coordinates":[72.8280227,18.9631612]}},{"type":"Feature","id":"node/619313252","properties":{"amenity":"toilets","source":"GPS","id":"node/619313252"},"geometry":{"type":"Point","coordinates":[72.8287094,18.9653123]}},{"type":"Feature","id":"node/619325927","properties":{"amenity":"toilets","id":"node/619325927"},"geometry":{"type":"Point","coordinates":[72.8249221,18.9644701]}},{"type":"Feature","id":"node/619344379","properties":{"amenity":"cinema","check_date":"2026-03-20","name":"Goodwill Theatre","id":"node/619344379"},"geometry":{"type":"Point","coordinates":[72.8186387,18.9620981]}},{"type":"Feature","id":"node/619345972","properties":{"amenity":"place_of_worship","check_date":"2026-03-20","denomination":"parsi","name":"Mahela Patel Agyari","religion":"zoroastrian","id":"node/619345972"},"geometry":{"type":"Point","coordinates":[72.8190105,18.9628974]}},{"type":"Feature","id":"node/619357320","properties":{"amenity":"toilets","id":"node/619357320"},"geometry":{"type":"Point","coordinates":[72.8273658,18.9611803]}},{"type":"Feature","id":"node/619377230","properties":{"amenity":"cinema","name":"New Roshan Talkies","id":"node/619377230"},"geometry":{"type":"Point","coordinates":[72.8234361,18.9612251]}},{"type":"Feature","id":"node/619377234","properties":{"amenity":"cinema","name":"Alfred Talkies","id":"node/619377234"},"geometry":{"type":"Point","coordinates":[72.8231708,18.9615152]}},{"type":"Feature","id":"node/619377620","properties":{"amenity":"cinema","name":"Super Plaza Cinema","id":"node/619377620"},"geometry":{"type":"Point","coordinates":[72.821185,18.9618801]}},{"type":"Feature","id":"node/621906366","properties":{"alt_name":"Masjid Bunder","alt_name:en":"Masjid Bunder","alt_name:hi":"मस्जिद बंदर;मशीद बंदर","alt_name:mr":"मस्जिद बंदर","name":"Masjid","name:en":"Masjid","name:hi":"मस्जिद","name:mr":"मस्जिद","official_name:hi":"मशीद","public_transport":"stop_position","railway":"stop","ref":"1","train":"yes","id":"node/621906366"},"geometry":{"type":"Point","coordinates":[72.8380655,18.9518279]}},{"type":"Feature","id":"node/621911847","properties":{"ele":"5","internet_access":"no","name":"Lower Parel","name:hi":"लोअर परेल","name:ml":"ലോവർ പരൾ","name:mr":"लोअर परळ","network":"Mumbai Suburban Railway","network:wikidata":"Q3273422","operator":"WR","public_transport":"station","railway":"station","ref":"PL","start_date":"1867","train":"yes","wikidata":"Q6693696","wikipedia":"en:Lower Parel railway station","id":"node/621911847"},"geometry":{"type":"Point","coordinates":[72.8302756,18.99568]}},{"type":"Feature","id":"way/625809278","properties":{"amenity":"marketplace","name":"Sewri Fish Market","id":"way/625809278"},"geometry":{"type":"Point","coordinates":[72.8494932,18.9991592]}},{"type":"Feature","id":"way/625809287","properties":{"amenity":"school","name":"Baradevi Municipal School","id":"way/625809287"},"geometry":{"type":"Point","coordinates":[72.8479402,19.0000399]}},{"type":"Feature","id":"way/625813783","properties":{"addr:city":"Mumbai","addr:postcode":"400031","addr:street":"G.D. Ambedkar Marg","historic:landuse":"industrial","historic:name":"Spring Mills (Bombay Dyeing)","leisure":"park","id":"way/625813783"},"geometry":{"type":"Point","coordinates":[72.850971,19.0090259]}},{"type":"Feature","id":"way/627262049","properties":{"shop":"greengrocer","id":"way/627262049"},"geometry":{"type":"Point","coordinates":[72.8430973,18.9902118]}},{"type":"Feature","id":"way/629535787","properties":{"amenity":"kindergarten","name":"Keraliya Samaj School","id":"way/629535787"},"geometry":{"type":"Point","coordinates":[72.8372274,19.0285633]}},{"type":"Feature","id":"node/631525227","properties":{"name":"Dadar (Central)","name:en":"Dadar (Central)","name:hi":"दादर (सेंट्रल)","name:mr":"दादर (सेंट्रल)","public_transport":"stop_position","railway":"stop","ref":"10","train":"yes","id":"node/631525227"},"geometry":{"type":"Point","coordinates":[72.8430625,19.0172817]}},{"type":"Feature","id":"node/631525245","properties":{"loc_ref":"3","name":"Dadar (Western)","public_transport":"stop_position","railway":"stop","ref":"DDR","train":"yes","id":"node/631525245"},"geometry":{"type":"Point","coordinates":[72.8429524,19.0189017]}},{"type":"Feature","id":"node/631525247","properties":{"loc_ref":"1","name":"Dadar","public_transport":"stop_position","railway":"stop","train":"yes","id":"node/631525247"},"geometry":{"type":"Point","coordinates":[72.8428066,19.0190355]}},{"type":"Feature","id":"node/631525335","properties":{"IR:zone":"WR:CCG","name:hi":"माटुंगा रोड","public_transport":"stop_position","railway":"stop","ref":"MRU","train":"yes","id":"node/631525335"},"geometry":{"type":"Point","coordinates":[72.8467302,19.0281578]}},{"type":"Feature","id":"node/631547822","properties":{"IR:zone":"WR:CCG","local_ref":"1","name":"Prabhadevi","name:hi":"प्रभादेवी","name:mr":"प्रभादेवी","network":"WR","operator":"IR","public_transport":"stop_position","railway":"stop","ref":"PBHD","train":"yes","id":"node/631547822"},"geometry":{"type":"Point","coordinates":[72.8357556,19.0073669]}},{"type":"Feature","id":"node/631579580","properties":{"internet_access":"no","name":"Grant Road","name:hi":"ग्रांट रोड","name:ml":"ഗ്രാന്റ് റോഡ്","name:mr":"ग्रँट रोड","network":"Mumbai Suburban Railway","network:wikidata":"Q3273422","operator":"WR","public_transport":"station","railway":"station","ref":"GTR","train":"yes","wikidata":"Q5226483","wikipedia":"en:Grant Road railway station","id":"node/631579580"},"geometry":{"type":"Point","coordinates":[72.8158261,18.9633549]}},{"type":"Feature","id":"way/635294994","properties":{"access":"customers","leisure":"swimming_pool","id":"way/635294994"},"geometry":{"type":"Point","coordinates":[72.8200068,19.0433956]}},{"type":"Feature","id":"way/635488341","properties":{"addr:city":"Mumbai","addr:housenumber":"462","addr:postcode":"400013","addr:street":"Senapati Bapat Marg","air_conditioning":"yes","building":"hotel","building:levels":"40","check_date":"2026-03-20","name":"The St. Regis Mumbai","operator":"Starwood Hotels & Resorts","tourism":"hotel","id":"way/635488341"},"geometry":{"type":"Point","coordinates":[72.8240431,18.9941376]}},{"type":"Feature","id":"way/668548492","properties":{"leisure":"pitch","sport":"tennis","id":"way/668548492"},"geometry":{"type":"Point","coordinates":[72.8382457,19.0257025]}},{"type":"Feature","id":"way/668548494","properties":{"leisure":"pitch","sport":"tennis","id":"way/668548494"},"geometry":{"type":"Point","coordinates":[72.8380932,19.0257028]}},{"type":"Feature","id":"way/668548495","properties":{"leisure":"swimming_pool","id":"way/668548495"},"geometry":{"type":"Point","coordinates":[72.8362022,19.0283307]}},{"type":"Feature","id":"way/668548498","properties":{"leisure":"swimming_pool","id":"way/668548498"},"geometry":{"type":"Point","coordinates":[72.8361382,19.0281729]}},{"type":"Feature","id":"way/668548500","properties":{"leisure":"swimming_pool","id":"way/668548500"},"geometry":{"type":"Point","coordinates":[72.8360322,19.0279744]}},{"type":"Feature","id":"way/668548501","properties":{"leisure":"swimming_pool","id":"way/668548501"},"geometry":{"type":"Point","coordinates":[72.8363427,19.0279758]}},{"type":"Feature","id":"way/669392130","properties":{"leisure":"park","name":"Linear Park by Lodha","id":"way/669392130"},"geometry":{"type":"Point","coordinates":[72.827149,19.0016349]}},{"type":"Feature","id":"node/674769829","properties":{"amenity":"place_of_worship","name":"हाजी अली दर्गा","name:en":"Haji Ali Dargah","name:hi":"हाजी अली दरगाह","phone":"+91-22-2352-9082","religion":"muslim","website":"https://www.hajialidargah.in/","wikidata":"Q542756","wikimedia_commons":"Category:Haji Ali Dargah","wikipedia":"en:Haji Ali Dargah","id":"node/674769829"},"geometry":{"type":"Point","coordinates":[72.8089926,18.9828229]}},{"type":"Feature","id":"node/674906629","properties":{"name":"भाऊ दाजी लाड संग्रहालय","name:en":"Bhau Daji Lad Museum (Victoria & Albert Museum)","old_name":"Victoria & Albert Museum","tourism":"museum","wikidata":"Q5303985","wikimedia_commons":"Category:Dr. Bhau Daji Lad Museum","wikipedia":"en:Dr. Bhau Daji Lad Museum","id":"node/674906629"},"geometry":{"type":"Point","coordinates":[72.8348012,18.9791636]}},{"type":"Feature","id":"way/675133628","properties":{"building":"yes","shop":"convenience","id":"way/675133628"},"geometry":{"type":"Point","coordinates":[72.8410392,19.0184437]}},{"type":"Feature","id":"way/675133629","properties":{"building":"yes","shop":"convenience","id":"way/675133629"},"geometry":{"type":"Point","coordinates":[72.8410494,19.0188363]}},{"type":"Feature","id":"way/675133632","properties":{"amenity":"social_facility","building":"yes","social_facility":"nursing_home","social_facility:for":"senior","id":"way/675133632"},"geometry":{"type":"Point","coordinates":[72.8385005,19.0194627]}},{"type":"Feature","id":"way/675133650","properties":{"addr:city":"Mumbai","addr:district":"Mumbai","addr:postcode":"400028","addr:street":"Ranade Road Extension","building":"yes","name":"Nakshatra Mall","opening_hours":"Mo-Su 08:00-22:00","shop":"mall","id":"way/675133650"},"geometry":{"type":"Point","coordinates":[72.8413256,19.0198917]}},{"type":"Feature","id":"way/680077236","properties":{"amenity":"marketplace","name":"Dongri Bazaar","id":"way/680077236"},"geometry":{"type":"Point","coordinates":[72.8374994,18.9593702]}},{"type":"Feature","id":"way/684562354","properties":{"leisure":"schoolyard","id":"way/684562354"},"geometry":{"type":"Point","coordinates":[72.8384942,19.0052411]}},{"type":"Feature","id":"way/684616389","properties":{"amenity":"place_of_worship","building":"yes","religion":"christian","id":"way/684616389"},"geometry":{"type":"Point","coordinates":[72.8374358,19.0063527]}},{"type":"Feature","id":"way/685548839","properties":{"amenity":"school","building":"yes","check_date":"2026-03-20","fee":"yes","name":"IES V N Sule Guruji","id":"way/685548839"},"geometry":{"type":"Point","coordinates":[72.8486723,19.0219579]}},{"type":"Feature","id":"way/685548841","properties":{"amenity":"school","building":"yes","fee":"yes","isced:level":"1;2;3","name":"Raja Shivaji Vidyalay","id":"way/685548841"},"geometry":{"type":"Point","coordinates":[72.8489849,19.0217209]}},{"type":"Feature","id":"way/685548843","properties":{"amenity":"school","building":"yes","check_date":"2026-03-20","fee":"yes","isced:level":"1;2;3","name":"Digambar Patkar Vidyalaya","id":"way/685548843"},"geometry":{"type":"Point","coordinates":[72.8487567,19.021341]}},{"type":"Feature","id":"way/685548846","properties":{"amenity":"school","building":"yes","check_date":"2026-03-20","fee":"yes","isced:level":"2;3","name":"IES Orion","id":"way/685548846"},"geometry":{"type":"Point","coordinates":[72.8481565,19.0214133]}},{"type":"Feature","id":"way/686914516","properties":{"amenity":"courthouse","name":"Bhoiwada Court","id":"way/686914516"},"geometry":{"type":"Point","coordinates":[72.8447422,19.006509]}},{"type":"Feature","id":"node/691519675","properties":{"amenity":"restaurant","name":"Cafe Noorani","id":"node/691519675"},"geometry":{"type":"Point","coordinates":[72.8117849,18.9771417]}},{"type":"Feature","id":"way/700634718","properties":{"leisure":"park","name":"Joggers Park","operator":"Local","id":"way/700634718"},"geometry":{"type":"Point","coordinates":[72.8492155,19.0027207]}},{"type":"Feature","id":"way/700635434","properties":{"leisure":"park","name":"Local Park","operator":"Tata","id":"way/700635434"},"geometry":{"type":"Point","coordinates":[72.8458155,19.0032697]}},{"type":"Feature","id":"node/700725781","properties":{"amenity":"fire_station","name":"Byculla","id":"node/700725781"},"geometry":{"type":"Point","coordinates":[72.8319615,18.9724562]}},{"type":"Feature","id":"node/700736528","properties":{"amenity":"ferry_terminal","ferry":"yes","public_transport":"station","id":"node/700736528"},"geometry":{"type":"Point","coordinates":[72.8491974,18.9558676]}},{"type":"Feature","id":"node/700736540","properties":{"amenity":"bus_station","bus":"yes","name":"Bhaucha Dhakka / Ferry Wharf","network":"BEST","public_transport":"station","id":"node/700736540"},"geometry":{"type":"Point","coordinates":[72.8495292,18.9569402]}},{"type":"Feature","id":"node/700774352","properties":{"amenity":"fuel","id":"node/700774352"},"geometry":{"type":"Point","coordinates":[72.8467663,18.9761344]}},{"type":"Feature","id":"node/700886292","properties":{"amenity":"parking","name":"Diamond","source":"AND","tourism":"hotel","id":"node/700886292"},"geometry":{"type":"Point","coordinates":[72.8486524,18.99282]}},{"type":"Feature","id":"node/700886403","properties":{"name":"Cotton Green","name:hi":"कॉटन ग्रीन","network":"IR","operator":"CR","public_transport":"station","railway":"station","ref":"CTGN","wikidata":"Q5175691","wikipedia":"en:Cotton Green railway station","id":"node/700886403"},"geometry":{"type":"Point","coordinates":[72.8438965,18.9871866]}},{"type":"Feature","id":"way/703804286","properties":{"leisure":"playground","id":"way/703804286"},"geometry":{"type":"Point","coordinates":[72.8084384,18.9562997]}},{"type":"Feature","id":"way/703805306","properties":{"leisure":"pitch","name":"Volleyball/Tennis Court","id":"way/703805306"},"geometry":{"type":"Point","coordinates":[72.8158389,18.9527539]}},{"type":"Feature","id":"node/705149077","properties":{"amenity":"restaurant","name":"Little Italy","id":"node/705149077"},"geometry":{"type":"Point","coordinates":[72.8184244,18.9544525]}},{"type":"Feature","id":"node/705151807","properties":{"amenity":"parking","id":"node/705151807"},"geometry":{"type":"Point","coordinates":[72.8187582,18.954849]}},{"type":"Feature","id":"way/714721856","properties":{"dog":"no","leisure":"park","name":"Bhagwan Gautam Buddha Udyan","name:etymology:wikidata":"Q9441","name:hi":"भगवान गौतम बुद्ध उद्यान","opening_hours":"06:00-12:00, 15:00-21:00","id":"way/714721856"},"geometry":{"type":"Point","coordinates":[72.815075,19.008494]}},{"type":"Feature","id":"node/714829538","properties":{"amenity":"marketplace","goods":"wood work; mouldings","id":"node/714829538"},"geometry":{"type":"Point","coordinates":[72.8297178,18.9558508]}},{"type":"Feature","id":"node/714858844","properties":{"amenity":"marketplace","goods":"flowers","id":"node/714858844"},"geometry":{"type":"Point","coordinates":[72.8302604,18.952807]}},{"type":"Feature","id":"node/714858847","properties":{"amenity":"place_of_worship","name":"Mota Mandir","religion":"hindu","id":"node/714858847"},"geometry":{"type":"Point","coordinates":[72.8289145,18.9539279]}},{"type":"Feature","id":"node/714896920","properties":{"amenity":"place_of_worship","name":"Suryenarayan Mandir","religion":"hindu","id":"node/714896920"},"geometry":{"type":"Point","coordinates":[72.8260061,18.958069]}},{"type":"Feature","id":"node/714896949","properties":{"amenity":"place_of_worship","religion":"jain","id":"node/714896949"},"geometry":{"type":"Point","coordinates":[72.8265662,18.9545241]}},{"type":"Feature","id":"node/714973133","properties":{"addr:city":"Mumbai","addr:district":"Mumbai","addr:housenumber":"184","addr:postcode":"400008","addr:street":"Dimtimkar Road","amenity":"restaurant","cuisine":"indian","diet:healthy":"yes","name":"Sarvi Restaurant","opening_hours":"Mo-Su 09:00-21:00","phone":"7947140132","website":"http://www.justdail.com","id":"node/714973133"},"geometry":{"type":"Point","coordinates":[72.8291706,18.9667686]}},{"type":"Feature","id":"node/715015489","properties":{"amenity":"post_office","name":"Madhavbaug PO","postal_code":"400004","id":"node/715015489"},"geometry":{"type":"Point","coordinates":[72.827395,18.9541461]}},{"type":"Feature","id":"way/725098202","properties":{"addr:city":"Mumbai","addr:postcode":"400013","addr:street":"Ganpatrao Kadam Mar","amenity":"school","building":"yes","building:levels":"9","name":"French International School of Mumbai","name:fr":"Ecole Francaise Internationale Bombay","source":"http://www.efib.in/fr/wp-admin/wp-content/uploads/sites/2/2015/PDF/Presentation%20Building%20EFIB%20compressed%20x.pdf","website":"http://www.efib.in","id":"way/725098202"},"geometry":{"type":"Point","coordinates":[72.8282382,18.9966244]}},{"type":"Feature","id":"way/725782282","properties":{"amenity":"place_of_worship","building":"mosque","name":"Khalid bin Abdur Rahman Masjid","religion":"muslim","id":"way/725782282"},"geometry":{"type":"Point","coordinates":[72.8310103,18.9637594]}},{"type":"Feature","id":"way/725785605","properties":{"amenity":"place_of_worship","building":"mosque","denomination":"sunni","name":"Nawab Masjid","religion":"muslim","id":"way/725785605"},"geometry":{"type":"Point","coordinates":[72.8318319,18.9568757]}},{"type":"Feature","id":"way/725787244","properties":{"leisure":"park","name":"Memonwada Playground","id":"way/725787244"},"geometry":{"type":"Point","coordinates":[72.832623,18.957439]}},{"type":"Feature","id":"way/725787839","properties":{"amenity":"place_of_worship","building":"mosque","denomination":"sunni","name":"Hamidiya Masjid","religion":"muslim","id":"way/725787839"},"geometry":{"type":"Point","coordinates":[72.8317186,18.9544682]}},{"type":"Feature","id":"way/725788339","properties":{"amenity":"place_of_worship","building":"mosque","denomination":"sunni","name":"Temkar Street Masjid","religion":"muslim","id":"way/725788339"},"geometry":{"type":"Point","coordinates":[72.8309498,18.9620012]}},{"type":"Feature","id":"way/725794947","properties":{"addr:city":"Mumbai","addr:postcode":"400008","addr:street":"B Virani Marg (Hazaria Street)","amenity":"place_of_worship","building":"mosque","denomination":"sunni","name":"Huzaria Street Masjid","religion":"muslim","id":"way/725794947"},"geometry":{"type":"Point","coordinates":[72.830574,18.9633324]}},{"type":"Feature","id":"way/725794948","properties":{"addr:city":"Mumbai","addr:postcode":"400008","addr:street":"Undria Street","amenity":"place_of_worship","building":"mosque","denomination":"sunni","name":"Chowki Mohalla Masjid","religion":"muslim","id":"way/725794948"},"geometry":{"type":"Point","coordinates":[72.8300876,18.9633888]}},{"type":"Feature","id":"way/748898387","properties":{"access":"yes","addr:street":"Warden Road (Bhula Bhai Desai Marg)","amenity":"parking","building":"yes","building:levels":"20","description":"Akriti Skypark","fee":"yes","operator":"MCGM","parking":"multi-storey","supervised":"yes","id":"way/748898387"},"geometry":{"type":"Point","coordinates":[72.8059988,18.9752033]}},{"type":"Feature","id":"way/752114567","properties":{"amenity":"school","name":"Activity High School","operator:type":"private","id":"way/752114567"},"geometry":{"type":"Point","coordinates":[72.8088626,18.9743163]}},{"type":"Feature","id":"way/753815723","properties":{"amenity":"school","isced:level":"3","name":"Mahalaxmi Municipal School","operator:type":"public","id":"way/753815723"},"geometry":{"type":"Point","coordinates":[72.8073644,18.9765698]}},{"type":"Feature","id":"way/754305596","properties":{"addr:postcode":"400026","addr:street":"Pedder Road (Gopalrao Deshmukh Marg)","amenity":"fuel","compressed_air":"yes","fuel:diesel":"yes","fuel:petrol":"yes","name":"Bharat petroleum","id":"way/754305596"},"geometry":{"type":"Point","coordinates":[72.8095391,18.9724355]}},{"type":"Feature","id":"way/763400845","properties":{"addr:city":"Mumbai","addr:postcode":"400008","addr:street":"Shaik Burhan Kamruddin Street","amenity":"place_of_worship","building":"mosque","name":"Rasool Masjid","name:ur":"رسول مسجد","religion":"muslim","id":"way/763400845"},"geometry":{"type":"Point","coordinates":[72.831408,18.9626188]}},{"type":"Feature","id":"node/771136777","properties":{"amenity":"place_of_worship","name":"Maa Hajjani Masjid and Dargah","religion":"muslim","id":"node/771136777"},"geometry":{"type":"Point","coordinates":[72.8114617,18.9874184]}},{"type":"Feature","id":"way/794424283","properties":{"amenity":"school","name":"Worli Naka Upper Primary Marathi School No.2","id":"way/794424283"},"geometry":{"type":"Point","coordinates":[72.8162217,19.0074047]}},{"type":"Feature","id":"way/800664296","properties":{"addr:city":"Mumbai","addr:postcode":"400009","amenity":"place_of_worship","building":"yes","denomination":"sunni","name":"Noor Masjid","name:ur":"نور مسجد","religion":"muslim","id":"way/800664296"},"geometry":{"type":"Point","coordinates":[72.835364,18.9583356]}},{"type":"Feature","id":"way/803325198","properties":{"addr:city":"Mumbai","addr:district":"Mumbai City","addr:postcode":"400008","addr:state":"Maharastra","amenity":"hospital","beds":"2844","email":"info@ggmcjjh.com","health_amenity:type":"emergency_department;intensive_care_unit;operating_theater;ultrasound;x_ray","healthcare":"hospital","name":"J. J. Hospital","name:en":"Grant Medical College and Sir Jamshedjee Jeejeebhoy Group of Hospitals","name:etymology:wikidata":"Q13604560","phone":"+912223735555","source":"Local Knowledge","website":"https://ggmcjjh.com/","id":"way/803325198"},"geometry":{"type":"Point","coordinates":[72.8347891,18.9638574]}},{"type":"Feature","id":"way/803334951","properties":{"leisure":"playground","surface":"dirt","id":"way/803334951"},"geometry":{"type":"Point","coordinates":[72.834704,18.9800916]}},{"type":"Feature","id":"way/803339785","properties":{"access":"customers","amenity":"parking","fee":"yes","parking":"surface","id":"way/803339785"},"geometry":{"type":"Point","coordinates":[72.8346775,18.9786789]}},{"type":"Feature","id":"way/824809087","properties":{"amenity":"restaurant","building":"yes","name":"Dil Bahar Hotel","id":"way/824809087"},"geometry":{"type":"Point","coordinates":[72.8466331,19.0452452]}},{"type":"Feature","id":"way/824809089","properties":{"amenity":"restaurant","building":"yes","name":"Shalimar","id":"way/824809089"},"geometry":{"type":"Point","coordinates":[72.8472601,19.045423]}},{"type":"Feature","id":"way/824809118","properties":{"amenity":"cafe","building":"yes","name":"The cake house","id":"way/824809118"},"geometry":{"type":"Point","coordinates":[72.8475515,19.0451662]}},{"type":"Feature","id":"way/824809141","properties":{"amenity":"restaurant","building":"yes","name":"Abhinandan Family Restaurant and bar","id":"way/824809141"},"geometry":{"type":"Point","coordinates":[72.8480565,19.04559]}},{"type":"Feature","id":"way/824809156","properties":{"amenity":"restaurant","building":"yes","name":"Nogauri Ama Milk center","id":"way/824809156"},"geometry":{"type":"Point","coordinates":[72.8479324,19.0454303]}},{"type":"Feature","id":"way/824809183","properties":{"amenity":"restaurant","building":"yes","name":"Datar Darbar","id":"way/824809183"},"geometry":{"type":"Point","coordinates":[72.8478448,19.0448]}},{"type":"Feature","id":"way/824809184","properties":{"amenity":"restaurant","building":"yes","name":"Datar Darbar","id":"way/824809184"},"geometry":{"type":"Point","coordinates":[72.8478445,19.0447549]}},{"type":"Feature","id":"way/824826799","properties":{"amenity":"cafe","building":"yes","name":"Bakery","id":"way/824826799"},"geometry":{"type":"Point","coordinates":[72.8471122,19.045414]}},{"type":"Feature","id":"way/824826838","properties":{"amenity":"place_of_worship","building":"yes","denomination":"methodist","name":"Good News Methodist Kannada Church","religion":"christian","id":"way/824826838"},"geometry":{"type":"Point","coordinates":[72.8465161,19.0447192]}},{"type":"Feature","id":"way/824826865","properties":{"amenity":"place_of_worship","building":"yes","name":"Ahl e Hadid","religion":"muslim","id":"way/824826865"},"geometry":{"type":"Point","coordinates":[72.8469626,19.043734]}},{"type":"Feature","id":"way/829610657","properties":{"addr:city":"Mumbai","addr:postcode":"400010","addr:street":"Seth Moti Shah Road (Love Lane)","amenity":"police","name":"Byculla Police Station","operator":"Mumbai Police","id":"way/829610657"},"geometry":{"type":"Point","coordinates":[72.8339943,18.9732779]}},{"type":"Feature","id":"way/830139723","properties":{"access":"private","leisure":"swimming_pool","location":"outdoor","id":"way/830139723"},"geometry":{"type":"Point","coordinates":[72.8264142,19.0116801]}},{"type":"Feature","id":"way/830141082","properties":{"leisure":"swimming_pool","id":"way/830141082"},"geometry":{"type":"Point","coordinates":[72.8316779,19.0084958]}},{"type":"Feature","id":"way/837580929","properties":{"amenity":"bus_station","building":"yes","bus":"yes","internet_access":"no","layer":"-1","name":"Vasantrao Naik Chowk Tardeo Bus Station","name:mr":"वसंतराव नाईक चौक ताडदेव बस स्थानक","network":"BEST","operator":"BEST","public_transport":"station","website":"https://www.bestundertaking.com/","wikidata":"Q916927","wikimedia_commons":"Category:Brihanmumbai Electric Supply and Transport","wikipedia":"en:Brihanmumbai Electric Supply and Transport","id":"way/837580929"},"geometry":{"type":"Point","coordinates":[72.8154565,18.9697638]}},{"type":"Feature","id":"way/851756494","properties":{"amenity":"hospital","healthcare":"hospital","id":"way/851756494"},"geometry":{"type":"Point","coordinates":[72.8387699,18.9675374]}},{"type":"Feature","id":"node/858463543","properties":{"amenity":"place_of_worship","name":"Kazi Masjid","religion":"muslim","id":"node/858463543"},"geometry":{"type":"Point","coordinates":[72.8310417,18.9553242]}},{"type":"Feature","id":"node/858473413","properties":{"amenity":"post_office","name":"Mandvi Post Office","postal_code":"400003","source":"GPS","id":"node/858473413"},"geometry":{"type":"Point","coordinates":[72.8322731,18.9568053]}},{"type":"Feature","id":"node/858509797","properties":{"amenity":"toilets","source":"GPS","id":"node/858509797"},"geometry":{"type":"Point","coordinates":[72.831428,18.9529397]}},{"type":"Feature","id":"node/858544370","properties":{"amenity":"police","name":"Null Bazaar Police Chowkie","id":"node/858544370"},"geometry":{"type":"Point","coordinates":[72.8290329,18.9570075]}},{"type":"Feature","id":"node/858544419","properties":{"amenity":"police","name":"Pydhoni Police Station","id":"node/858544419"},"geometry":{"type":"Point","coordinates":[72.832021,18.9541719]}},{"type":"Feature","id":"node/858565491","properties":{"amenity":"place_of_worship","name":"Gol Deval","religion":"hindu","id":"node/858565491"},"geometry":{"type":"Point","coordinates":[72.8281645,18.9580758]}},{"type":"Feature","id":"node/858582359","properties":{"amenity":"toilets","source":"GPS","id":"node/858582359"},"geometry":{"type":"Point","coordinates":[72.8344964,18.9568564]}},{"type":"Feature","id":"node/858582376","properties":{"addr:housenumber":"141","amenity":"restaurant","name":"Umar Pulaowala","id":"node/858582376"},"geometry":{"type":"Point","coordinates":[72.8303122,18.9592105]}},{"type":"Feature","id":"node/858606552","properties":{"amenity":"place_of_worship","name":"Masjid","religion":"muslim","source":"GPS","id":"node/858606552"},"geometry":{"type":"Point","coordinates":[72.8365671,18.9574653]}},{"type":"Feature","id":"node/858643701","properties":{"name":"Hotel Mogul Palace","tourism":"hotel","id":"node/858643701"},"geometry":{"type":"Point","coordinates":[72.8354513,18.9546342]}},{"type":"Feature","id":"node/858668418","properties":{"amenity":"place_of_worship","religion":"muslim","id":"node/858668418"},"geometry":{"type":"Point","coordinates":[72.8350129,18.9544601]}},{"type":"Feature","id":"node/858714691","properties":{"amenity":"toilets","source":"GPS","id":"node/858714691"},"geometry":{"type":"Point","coordinates":[72.838627,18.9533405]}},{"type":"Feature","id":"node/858714694","properties":{"amenity":"toilets","source":"GPS","id":"node/858714694"},"geometry":{"type":"Point","coordinates":[72.8405529,18.954203]}},{"type":"Feature","id":"node/860271204","properties":{"amenity":"place_of_worship","name":"Dhakhni Mohalla Masjid","religion":"muslim","source":"GPS","id":"node/860271204"},"geometry":{"type":"Point","coordinates":[72.8280732,18.9593695]}},{"type":"Feature","id":"node/860303669","properties":{"amenity":"post_office","name":"Null Bazaar Post Office","postal_code":"400003","source":"GPS","id":"node/860303669"},"geometry":{"type":"Point","coordinates":[72.8307064,18.9614163]}},{"type":"Feature","id":"node/860314687","properties":{"addr:housenumber":"39","name":"Imadadiya Bakery","shop":"bakery","id":"node/860314687"},"geometry":{"type":"Point","coordinates":[72.8300988,18.9597672]}},{"type":"Feature","id":"node/860314998","properties":{"addr:housenumber":"29","name":"Firoz Farsan","shop":"bakery","id":"node/860314998"},"geometry":{"type":"Point","coordinates":[72.8309377,18.9599275]}},{"type":"Feature","id":"node/860315256","properties":{"amenity":"hospital","healthcare":"hospital","name":"Saifee Ambulance","source":"GPS","id":"node/860315256"},"geometry":{"type":"Point","coordinates":[72.8314957,18.9599377]}},{"type":"Feature","id":"node/860348747","properties":{"amenity":"police","name":"Dongri Police Station","postal_code":"400009","id":"node/860348747"},"geometry":{"type":"Point","coordinates":[72.8390488,18.9621396]}},{"type":"Feature","id":"node/861039769","properties":{"alt_name":"J.J. Hospital","amenity":"place_of_worship","date":"1888","name":"एटझ चाईम प्रार्थना हॉल;Dr M. Iqbal Chowk","name:en":"Etz Haeem Prayer Hall","religion":"jewish","source":"GPS","url":"http://mumbai.mfa.gov.il/mfm/web/main/Print.asp?DocumentID=123576","id":"node/861039769"},"geometry":{"type":"Point","coordinates":[72.8321028,18.9617015]}},{"type":"Feature","id":"node/861060131","properties":{"amenity":"cold_storage","name":"Milan Cold Storage","id":"node/861060131"},"geometry":{"type":"Point","coordinates":[72.8347573,18.9592884]}},{"type":"Feature","id":"node/861184746","properties":{"amenity":"atm","brand":"IDBI Bank","brand:wikidata":"Q3633485","operator":"IDBI Bank","operator:wikidata":"Q3633485","short_name":"IDBI","id":"node/861184746"},"geometry":{"type":"Point","coordinates":[72.8322092,18.9608459]}},{"type":"Feature","id":"node/861219171","properties":{"amenity":"place_of_worship","name":"Dawni Masjid","religion":"muslim","id":"node/861219171"},"geometry":{"type":"Point","coordinates":[72.8317756,18.9652609]}},{"type":"Feature","id":"node/861219177","properties":{"amenity":"place_of_worship","name":"Choti Masjid","religion":"muslim","id":"node/861219177"},"geometry":{"type":"Point","coordinates":[72.8293294,18.9635614]}},{"type":"Feature","id":"node/861219218","properties":{"amenity":"place_of_worship","name":"Masjid","religion":"muslim","id":"node/861219218"},"geometry":{"type":"Point","coordinates":[72.8293279,18.964215]}},{"type":"Feature","id":"node/861239805","properties":{"amenity":"police","name":"Sir JJ Marg Police Station","id":"node/861239805"},"geometry":{"type":"Point","coordinates":[72.832291,18.963006]}},{"type":"Feature","id":"node/861411346","properties":{"amenity":"fire_station","name":"Umerkhadi Fire Station","id":"node/861411346"},"geometry":{"type":"Point","coordinates":[72.8326392,18.9579623]}},{"type":"Feature","id":"way/880764878","properties":{"addr:city":"Mumbai","addr:postcode":"400028","addr:street":"Gokhale Road","amenity":"fuel","brand":"Bharat Petrolium","name":"Nattional Bharat PetrolPump","id":"way/880764878"},"geometry":{"type":"Point","coordinates":[72.837192,19.0215231]}},{"type":"Feature","id":"node/899832827","properties":{"amenity":"place_of_worship","check_date":"2026-03-20","name":"Buddhist Temple","religion":"buddhist","id":"node/899832827"},"geometry":{"type":"Point","coordinates":[72.8412359,19.0063255]}},{"type":"Feature","id":"node/907757781","properties":{"check_date":"2026-03-20","name":"Hotel Shantidoot","tourism":"hotel","id":"node/907757781"},"geometry":{"type":"Point","coordinates":[72.8405638,19.0084975]}},{"type":"Feature","id":"way/913915640","properties":{"leisure":"pitch","sport":"tennis","id":"way/913915640"},"geometry":{"type":"Point","coordinates":[72.8264282,18.9801416]}},{"type":"Feature","id":"way/923901180","properties":{"leisure":"pitch","location":"roof","sport":"badminton","id":"way/923901180"},"geometry":{"type":"Point","coordinates":[72.8257421,19.0018387]}},{"type":"Feature","id":"way/923901181","properties":{"leisure":"pitch","location":"roof","sport":"badminton","id":"way/923901181"},"geometry":{"type":"Point","coordinates":[72.8255674,19.0018257]}},{"type":"Feature","id":"way/923901182","properties":{"access":"private","leisure":"swimming_pool","location":"roof","id":"way/923901182"},"geometry":{"type":"Point","coordinates":[72.8261822,19.001869]}},{"type":"Feature","id":"way/923901184","properties":{"leisure":"pitch","sport":"badminton","id":"way/923901184"},"geometry":{"type":"Point","coordinates":[72.8258501,19.0013545]}},{"type":"Feature","id":"way/923901190","properties":{"access":"private","leisure":"swimming_pool","lit":"yes","location":"roof","swimming_pool":"wading","id":"way/923901190"},"geometry":{"type":"Point","coordinates":[72.829638,19.0042461]}},{"type":"Feature","id":"way/923901192","properties":{"floor":"7","leisure":"park","location":"roof","operator":"Lodha","operator:type":"private","id":"way/923901192"},"geometry":{"type":"Point","coordinates":[72.8299815,19.0042215]}},{"type":"Feature","id":"way/923901195","properties":{"access":"private","leisure":"pitch","level":"7","lit":"yes","name":"Lodha Park - Cricket Ground","sport":"cricket","surface":"grass","id":"way/923901195"},"geometry":{"type":"Point","coordinates":[72.8288009,19.0046867]}},{"type":"Feature","id":"way/923901196","properties":{"access":"private","leisure":"pitch","lit":"yes","sport":"badminton","id":"way/923901196"},"geometry":{"type":"Point","coordinates":[72.8290801,19.0045666]}},{"type":"Feature","id":"way/923901197","properties":{"access":"private","leisure":"pitch","lit":"yes","sport":"badminton","id":"way/923901197"},"geometry":{"type":"Point","coordinates":[72.8292047,19.0045193]}},{"type":"Feature","id":"way/923901198","properties":{"access":"private","leisure":"pitch","lit":"yes","sport":"basketball","id":"way/923901198"},"geometry":{"type":"Point","coordinates":[72.8294647,19.0045401]}},{"type":"Feature","id":"way/923901210","properties":{"access":"private","leisure":"swimming_pool","id":"way/923901210"},"geometry":{"type":"Point","coordinates":[72.8401484,19.0015578]}},{"type":"Feature","id":"way/923901211","properties":{"leisure":"park","id":"way/923901211"},"geometry":{"type":"Point","coordinates":[72.8404777,19.0014288]}},{"type":"Feature","id":"way/924125622","properties":{"access":"private","leisure":"swimming_pool","location":"outdoor","id":"way/924125622"},"geometry":{"type":"Point","coordinates":[72.8497297,19.003601]}},{"type":"Feature","id":"way/924125623","properties":{"addr:city":"Mumbai","addr:street":"Jerbai Wadia Marg","leisure":"park","id":"way/924125623"},"geometry":{"type":"Point","coordinates":[72.8498185,19.0037301]}},{"type":"Feature","id":"way/924453770","properties":{"leisure":"playground","id":"way/924453770"},"geometry":{"type":"Point","coordinates":[72.8209491,19.002609]}},{"type":"Feature","id":"way/924453778","properties":{"addr:city":"Mumbai","addr:postcode":"400018","addr:street":"Ganapatrao Kadam Marg","leisure":"swimming_pool","id":"way/924453778"},"geometry":{"type":"Point","coordinates":[72.8207087,18.9978415]}},{"type":"Feature","id":"way/924453797","properties":{"addr:city":"Mumbai","addr:postcode":"400018","addr:street":"Ganapatrao Kadam Marg","leisure":"park","id":"way/924453797"},"geometry":{"type":"Point","coordinates":[72.8206016,18.9981251]}},{"type":"Feature","id":"way/924453800","properties":{"access":"private","addr:city":"Mumbai","addr:postcode":"400018","addr:street":"Ganapatrao Kadam Marg","leisure":"pitch","sport":"soccer","id":"way/924453800"},"geometry":{"type":"Point","coordinates":[72.8213371,18.997065]}},{"type":"Feature","id":"way/924453801","properties":{"access":"private","addr:city":"Mumbai","addr:postcode":"400018","addr:street":"Ganapatrao Kadam Marg","leisure":"pitch","sport":"badminton","id":"way/924453801"},"geometry":{"type":"Point","coordinates":[72.8214967,18.9969039]}},{"type":"Feature","id":"way/924453802","properties":{"access":"private","addr:city":"Mumbai","addr:postcode":"400018","addr:street":"Ganapatrao Kadam Marg","leisure":"pitch","sport":"badminton","id":"way/924453802"},"geometry":{"type":"Point","coordinates":[72.8215457,18.9971729]}},{"type":"Feature","id":"way/933788401","properties":{"leisure":"swimming_pool","location":"outdoor","id":"way/933788401"},"geometry":{"type":"Point","coordinates":[72.8271641,19.0115839]}},{"type":"Feature","id":"way/933788403","properties":{"access":"private","leisure":"pitch","sport":"tennis","id":"way/933788403"},"geometry":{"type":"Point","coordinates":[72.8282856,19.0118842]}},{"type":"Feature","id":"way/933788404","properties":{"access":"private","leisure":"pitch","sport":"tennis","id":"way/933788404"},"geometry":{"type":"Point","coordinates":[72.8281702,19.0117988]}},{"type":"Feature","id":"way/933788405","properties":{"access":"private","hoops":"1","layer":"1","leisure":"pitch","sport":"basketball","id":"way/933788405"},"geometry":{"type":"Point","coordinates":[72.8280166,19.0120091]}},{"type":"Feature","id":"way/933788411","properties":{"access":"private","fee":"no","garden:type":"residential","layer":"1","leisure":"garden","location":"roof","id":"way/933788411"},"geometry":{"type":"Point","coordinates":[72.8308287,19.010652]}},{"type":"Feature","id":"way/933788412","properties":{"access":"private","layer":"1","leisure":"pitch","lit":"no","location":"roof","sport":"tennis;basketball","surface":"artificial_turf","id":"way/933788412"},"geometry":{"type":"Point","coordinates":[72.8312715,19.0111343]}},{"type":"Feature","id":"way/935074801","properties":{"leisure":"swimming_pool","id":"way/935074801"},"geometry":{"type":"Point","coordinates":[72.8393427,18.9978613]}},{"type":"Feature","id":"way/935074802","properties":{"leisure":"swimming_pool","id":"way/935074802"},"geometry":{"type":"Point","coordinates":[72.8392805,18.9979943]}},{"type":"Feature","id":"way/935074803","properties":{"leisure":"pitch","sport":"tennis","id":"way/935074803"},"geometry":{"type":"Point","coordinates":[72.8401004,18.9981164]}},{"type":"Feature","id":"way/935074809","properties":{"leisure":"park","id":"way/935074809"},"geometry":{"type":"Point","coordinates":[72.8425042,18.9988665]}},{"type":"Feature","id":"way/935074810","properties":{"leisure":"swimming_pool","id":"way/935074810"},"geometry":{"type":"Point","coordinates":[72.8424905,18.9982227]}},{"type":"Feature","id":"way/935074816","properties":{"leisure":"swimming_pool","id":"way/935074816"},"geometry":{"type":"Point","coordinates":[72.8422515,18.9936486]}},{"type":"Feature","id":"way/935083296","properties":{"leisure":"park","id":"way/935083296"},"geometry":{"type":"Point","coordinates":[72.8404367,18.9918805]}},{"type":"Feature","id":"way/935083297","properties":{"leisure":"swimming_pool","id":"way/935083297"},"geometry":{"type":"Point","coordinates":[72.8407604,18.9918516]}},{"type":"Feature","id":"way/936795318","properties":{"amenity":"school","name":"Central Railway Primary Education School","id":"way/936795318"},"geometry":{"type":"Point","coordinates":[72.8377945,19.0020622]}},{"type":"Feature","id":"way/936795319","properties":{"leisure":"park","name":"Railway Ground","operator":"Central Railway Parel Branch","id":"way/936795319"},"geometry":{"type":"Point","coordinates":[72.8377105,19.0015273]}},{"type":"Feature","id":"way/938406135","properties":{"leisure":"pitch","sport":"tennis","id":"way/938406135"},"geometry":{"type":"Point","coordinates":[72.8155093,18.9761699]}},{"type":"Feature","id":"way/938406136","properties":{"leisure":"pitch","sport":"tennis","id":"way/938406136"},"geometry":{"type":"Point","coordinates":[72.8153792,18.9761446]}},{"type":"Feature","id":"way/938406137","properties":{"leisure":"pitch","sport":"tennis","id":"way/938406137"},"geometry":{"type":"Point","coordinates":[72.8152398,18.9761192]}},{"type":"Feature","id":"way/938406138","properties":{"leisure":"pitch","sport":"tennis","id":"way/938406138"},"geometry":{"type":"Point","coordinates":[72.8150949,18.97609]}},{"type":"Feature","id":"way/938406139","properties":{"leisure":"pitch","sport":"tennis","id":"way/938406139"},"geometry":{"type":"Point","coordinates":[72.8149394,18.9760609]}},{"type":"Feature","id":"way/938406140","properties":{"leisure":"pitch","sport":"tennis","id":"way/938406140"},"geometry":{"type":"Point","coordinates":[72.814773,18.9760304]}},{"type":"Feature","id":"way/944078279","properties":{"amenity":"place_of_worship","building":"yes","name":"Mahalakshmi Mandir","religion":"hindu","wikidata":"Q6732911","wikimedia_commons":"Category:Mahalaxmi Temple, Mumbai","wikipedia":"en:Mahalakshmi Temple, Mumbai","id":"way/944078279"},"geometry":{"type":"Point","coordinates":[72.8064638,18.9773657]}},{"type":"Feature","id":"way/960803422","properties":{"leisure":"park","id":"way/960803422"},"geometry":{"type":"Point","coordinates":[72.8227975,19.0116716]}},{"type":"Feature","id":"way/961376713","properties":{"amenity":"school","check_date":"2026-03-20","name":"JBCN International School","id":"way/961376713"},"geometry":{"type":"Point","coordinates":[72.8456969,18.9990376]}},{"type":"Feature","id":"way/961376715","properties":{"leisure":"park","id":"way/961376715"},"geometry":{"type":"Point","coordinates":[72.8490953,18.9976785]}},{"type":"Feature","id":"way/961376716","properties":{"leisure":"pitch","sport":"basketball","id":"way/961376716"},"geometry":{"type":"Point","coordinates":[72.8493898,18.9980733]}},{"type":"Feature","id":"way/961376717","properties":{"leisure":"pitch","sport":"tennis","id":"way/961376717"},"geometry":{"type":"Point","coordinates":[72.8492515,18.9981392]}},{"type":"Feature","id":"way/961376722","properties":{"leisure":"park","id":"way/961376722"},"geometry":{"type":"Point","coordinates":[72.8484312,18.9948901]}},{"type":"Feature","id":"way/961376723","properties":{"leisure":"pitch","sport":"tennis","id":"way/961376723"},"geometry":{"type":"Point","coordinates":[72.8463103,18.9948864]}},{"type":"Feature","id":"way/961376725","properties":{"leisure":"swimming_pool","id":"way/961376725"},"geometry":{"type":"Point","coordinates":[72.8476787,18.9951328]}},{"type":"Feature","id":"way/961376726","properties":{"leisure":"park","id":"way/961376726"},"geometry":{"type":"Point","coordinates":[72.8470641,18.9953657]}},{"type":"Feature","id":"way/961376735","properties":{"leisure":"swimming_pool","id":"way/961376735"},"geometry":{"type":"Point","coordinates":[72.8479914,18.9929985]}},{"type":"Feature","id":"way/961376736","properties":{"leisure":"park","id":"way/961376736"},"geometry":{"type":"Point","coordinates":[72.8479986,18.9930629]}},{"type":"Feature","id":"way/970357483","properties":{"addr:city":"Mumbai","addr:housenumber":"23","addr:postcode":"400027","addr:street":"Haji Ali Causeway","amenity":"place_of_worship","building":"yes","check_date":"2024-09-25","denomination":"sufi","layer":"1","name":"haji ali","religion":"muslim","service_times":"5:00 to 17::00","id":"way/970357483"},"geometry":{"type":"Point","coordinates":[72.8088762,18.9827493]}},{"type":"Feature","id":"way/975603216","properties":{"addr:city":"Mumbai","addr:housenumber":"8","addr:postcode":"400008","addr:street":"M Shibli Marg (Shepherd Road)","amenity":"college","contact:phone":"022 23012922","name":"Anjuman-I-Islam's M.H. Saboo Siddik College of Engineering","website":"https://www.mhssce.ac.in/","id":"way/975603216"},"geometry":{"type":"Point","coordinates":[72.8310564,18.968232]}},{"type":"Feature","id":"way/975880708","properties":{"addr:city":"Mumbai","addr:postcode":"400025","addr:street":"New Prabhadevi Marg","amenity":"place_of_worship","building":"yes","name":"Prabhadevi Mandir","opening_hours":"Mo-Su 06:00-12:00,15:00-21:00","religion":"hindu","id":"way/975880708"},"geometry":{"type":"Point","coordinates":[72.82753,19.0144723]}},{"type":"Feature","id":"way/976172500","properties":{"access":"private","leisure":"swimming_pool","location":"outdoor","id":"way/976172500"},"geometry":{"type":"Point","coordinates":[72.8300536,19.0129757]}},{"type":"Feature","id":"way/976176023","properties":{"access":"yes","leisure":"pitch","lit":"yes","sport":"multi","surface":"earth","id":"way/976176023"},"geometry":{"type":"Point","coordinates":[72.8268841,19.0135766]}},{"type":"Feature","id":"way/976182986","properties":{"access":"yes","barrier":"wall","leisure":"park","name":"Rajabhau Salvi Udyaan","id":"way/976182986"},"geometry":{"type":"Point","coordinates":[72.8285552,19.0118178]}},{"type":"Feature","id":"way/978614994","properties":{"amenity":"school","isced:level":"1;2;3","name":"Globe Mill Passage Municipal School","id":"way/978614994"},"geometry":{"type":"Point","coordinates":[72.8298994,19.0065663]}},{"type":"Feature","id":"way/978614995","properties":{"leisure":"schoolyard","id":"way/978614995"},"geometry":{"type":"Point","coordinates":[72.8318553,19.005874]}},{"type":"Feature","id":"way/978614996","properties":{"addr:postcode":"400013","addr:street":"Senapati Bapat Marg (Tulsi Pipe Road)","amenity":"school","isced:level":"1;2;3","name":"Holy Cross High School","id":"way/978614996"},"geometry":{"type":"Point","coordinates":[72.8319183,19.005935]}},{"type":"Feature","id":"way/978614998","properties":{"amenity":"cafe","building":"yes","id":"way/978614998"},"geometry":{"type":"Point","coordinates":[72.845499,19.02662]}},{"type":"Feature","id":"way/978614999","properties":{"amenity":"college","landuse":"education","name":"D G Ruparel College of Arts, Science and Commerce","id":"way/978614999"},"geometry":{"type":"Point","coordinates":[72.8449849,19.0270706]}},{"type":"Feature","id":"way/978615000","properties":{"leisure":"schoolyard","id":"way/978615000"},"geometry":{"type":"Point","coordinates":[72.8430355,19.0074464]}},{"type":"Feature","id":"way/978615003","properties":{"leisure":"schoolyard","surface":"earth","id":"way/978615003"},"geometry":{"type":"Point","coordinates":[72.8316003,19.0163478]}},{"type":"Feature","id":"way/978615005","properties":{"leisure":"playground","surface":"grass","id":"way/978615005"},"geometry":{"type":"Point","coordinates":[72.8348936,19.0176267]}},{"type":"Feature","id":"way/978615006","properties":{"amenity":"school","building":"yes","name":"Balmohan Vidyamandir","id":"way/978615006"},"geometry":{"type":"Point","coordinates":[72.839202,19.0253532]}},{"type":"Feature","id":"way/978615010","properties":{"amenity":"school","building":"yes","check_date":"2026-03-20","fee":"yes","isced:level":"1","name":"IES Padmakar Dhamdhere","id":"way/978615010"},"geometry":{"type":"Point","coordinates":[72.8480713,19.0218132]}},{"type":"Feature","id":"way/979362799","properties":{"amenity":"school","building":"yes","building:levels":"3","name":"St. Teresa High School","wikidata":"Q17153100","wikimedia_commons":"Category:St. Teresa's High School, Charni Road","wikipedia":"en:St. Teresa's High School, Charni Road","id":"way/979362799"},"geometry":{"type":"Point","coordinates":[72.8191173,18.9527833]}},{"type":"Feature","id":"way/979362800","properties":{"leisure":"schoolyard","id":"way/979362800"},"geometry":{"type":"Point","coordinates":[72.8116543,18.9563021]}},{"type":"Feature","id":"way/979362802","properties":{"leisure":"pitch","sport":"soccer","id":"way/979362802"},"geometry":{"type":"Point","coordinates":[72.8127134,18.9729726]}},{"type":"Feature","id":"way/979362804","properties":{"amenity":"school","building":"school","name":"Victoria Memorial School for the Blind","school":"blind","id":"way/979362804"},"geometry":{"type":"Point","coordinates":[72.8140025,18.9743336]}},{"type":"Feature","id":"way/979362805","properties":{"leisure":"schoolyard","id":"way/979362805"},"geometry":{"type":"Point","coordinates":[72.8179716,18.9732993]}},{"type":"Feature","id":"way/979362806","properties":{"amenity":"school","name":"Yusuf Meherali Vidyalaya","id":"way/979362806"},"geometry":{"type":"Point","coordinates":[72.8178937,18.973345]}},{"type":"Feature","id":"way/979362809","properties":{"amenity":"school","building":"yes","building:levels":"3","name":"Sir C. J. High School (Secondary)","id":"way/979362809"},"geometry":{"type":"Point","coordinates":[72.8167337,18.9719994]}},{"type":"Feature","id":"way/979362811","properties":{"leisure":"schoolyard","id":"way/979362811"},"geometry":{"type":"Point","coordinates":[72.818966,18.9686168]}},{"type":"Feature","id":"way/979362813","properties":{"leisure":"schoolyard","id":"way/979362813"},"geometry":{"type":"Point","coordinates":[72.8128842,18.9730064]}},{"type":"Feature","id":"way/979362815","properties":{"amenity":"school","name":"Hill Spring International School","id":"way/979362815"},"geometry":{"type":"Point","coordinates":[72.812737,18.9729563]}},{"type":"Feature","id":"way/979362816","properties":{"amenity":"school","building":"yes","check_date":"2026-03-20","name":"Bai Ruttonbai F D Panday Girls' High School","id":"way/979362816"},"geometry":{"type":"Point","coordinates":[72.8180127,18.9672012]}},{"type":"Feature","id":"way/979362817","properties":{"amenity":"kindergarten","building":"yes","name":"The Cathedral & John Connon Infant School","id":"way/979362817"},"geometry":{"type":"Point","coordinates":[72.803436,18.9560239]}},{"type":"Feature","id":"way/979371198","properties":{"leisure":"schoolyard","id":"way/979371198"},"geometry":{"type":"Point","coordinates":[72.8350814,18.9695186]}},{"type":"Feature","id":"way/979371199","properties":{"amenity":"school","building":"yes","name":"Bai Ratan F. Pavri High School","id":"way/979371199"},"geometry":{"type":"Point","coordinates":[72.8215919,18.9609663]}},{"type":"Feature","id":"way/979371200","properties":{"amenity":"school","name":"St. Mary's High School (S.S.C.)","wikidata":"Q7590421","wikipedia":"en:St. Mary's School, Mumbai","id":"way/979371200"},"geometry":{"type":"Point","coordinates":[72.8360905,18.9700631]}},{"type":"Feature","id":"way/979371201","properties":{"amenity":"school","check_date":"2026-03-20","education":"school","name":"St. Joseph's Girls' High School","id":"way/979371201"},"geometry":{"type":"Point","coordinates":[72.8256628,18.9733905]}},{"type":"Feature","id":"way/979371202","properties":{"amenity":"school","name":"Regina Pacis Convent High School","school:gender":"female","id":"way/979371202"},"geometry":{"type":"Point","coordinates":[72.8347158,18.9738943]}},{"type":"Feature","id":"way/979371204","properties":{"amenity":"school","education":"school","name":"Hume High School","id":"way/979371204"},"geometry":{"type":"Point","coordinates":[72.8334143,18.9672434]}},{"type":"Feature","id":"way/979371205","properties":{"amenity":"school","name":"St. Anthony's Home And Girl's High School","id":"way/979371205"},"geometry":{"type":"Point","coordinates":[72.8257761,18.9674337]}},{"type":"Feature","id":"way/979371206","properties":{"amenity":"school","education":"school","name":"Kamathipura BMC Municipal School","id":"way/979371206"},"geometry":{"type":"Point","coordinates":[72.8254601,18.9650418]}},{"type":"Feature","id":"way/979386027","properties":{"amenity":"school","check_date":"2026-03-20","name":"Social Service League High School","id":"way/979386027"},"geometry":{"type":"Point","coordinates":[72.8384314,19.0051834]}},{"type":"Feature","id":"way/979386029","properties":{"museum":"science","name":"Nehru Science Centre","name:etymology:wikidata":"Q1047","subject":"science","tourism":"museum","wikidata":"Q6987907","wikipedia":"en:Nehru Science Centre","id":"way/979386029"},"geometry":{"type":"Point","coordinates":[72.8187964,18.9906494]}},{"type":"Feature","id":"way/979397731","properties":{"amenity":"school","name":"Victoria High school","id":"way/979397731"},"geometry":{"type":"Point","coordinates":[72.8419304,19.0350475]}},{"type":"Feature","id":"way/979397732","properties":{"amenity":"school","name":"SaS Billabong High International School","id":"way/979397732"},"geometry":{"type":"Point","coordinates":[72.8391902,19.0393991]}},{"type":"Feature","id":"way/979397734","properties":{"alt_name":"Saraswati Mandir Education Society's High School","amenity":"school","building":"yes","name":"SMES High School","website":"https://www.smesschoolmahim.edu.in/","id":"way/979397734"},"geometry":{"type":"Point","coordinates":[72.8474457,19.0347486]}},{"type":"Feature","id":"way/979397736","properties":{"amenity":"school","name":"Mahim Causeway Municipal Marathi School","id":"way/979397736"},"geometry":{"type":"Point","coordinates":[72.8380082,19.0473358]}},{"type":"Feature","id":"way/979397737","properties":{"amenity":"school","name":"Canossa Special School","id":"way/979397737"},"geometry":{"type":"Point","coordinates":[72.8440117,19.0380579]}},{"type":"Feature","id":"way/979397738","properties":{"amenity":"school","name":"Canossa Girls High School","opening_hours":"Mo-Fr 07:00-15:00; Sa 07:00-15:00","id":"way/979397738"},"geometry":{"type":"Point","coordinates":[72.8433285,19.0395689]}},{"type":"Feature","id":"way/979397741","properties":{"amenity":"college","name":"A.I.’s Allana Boys High School & Jr. College","id":"way/979397741"},"geometry":{"type":"Point","coordinates":[72.8485721,19.0332913]}},{"type":"Feature","id":"way/979397745","properties":{"amenity":"school","name":"St. Michael High School","website":"https://www.stmichaelshighschool.com/","id":"way/979397745"},"geometry":{"type":"Point","coordinates":[72.8407723,19.0423617]}},{"type":"Feature","id":"way/979583328","properties":{"alt_name":"Muktangan School","amenity":"school","building":"yes","isced:level":"1;2;3","name":"Elphinstone Road Municipal School","operator":"BMC","operator:type":"government","id":"way/979583328"},"geometry":{"type":"Point","coordinates":[72.8354724,19.0075113]}},{"type":"Feature","id":"way/979583329","properties":{"amenity":"college","education":"college","name":"Lala Lajpatrai College","name:etymology:wikidata":"Q1395763","id":"way/979583329"},"geometry":{"type":"Point","coordinates":[72.8144135,18.9812332]}},{"type":"Feature","id":"way/979583330","properties":{"amenity":"school","name":"Worli Seaface BMC High School","id":"way/979583330"},"geometry":{"type":"Point","coordinates":[72.8158338,19.0096347]}},{"type":"Feature","id":"way/979610950","properties":{"amenity":"school","building":"yes","check_date":"2026-03-20","education":"school","name":"Omkar Education Sangh","id":"way/979610950"},"geometry":{"type":"Point","coordinates":[72.8425324,19.0120041]}},{"type":"Feature","id":"way/979610953","properties":{"amenity":"school","name":"Abhyudaya Nagar Municipal School","operator":"BMC","operator:type":"government","id":"way/979610953"},"geometry":{"type":"Point","coordinates":[72.8429131,18.9906119]}},{"type":"Feature","id":"way/980647061","properties":{"amenity":"parking","id":"way/980647061"},"geometry":{"type":"Point","coordinates":[72.8170098,19.0170185]}},{"type":"Feature","id":"way/980647062","properties":{"amenity":"coast_guard","landuse":"military","military":"base","military_service":"coast_guard","name":"Headquarters, Indian Coast Guard Region West","operator":"Indian Coast Guard","operator:type":"military","website":"https://indiancoastguard.gov.in/content/252_0_West.aspx","id":"way/980647062"},"geometry":{"type":"Point","coordinates":[72.8168782,19.0168352]}},{"type":"Feature","id":"way/981822226","properties":{"amenity":"school","isced:level":"1;2;3","name":"Sayani Road Municipal School","operator":"BMC","operator:type":"government","id":"way/981822226"},"geometry":{"type":"Point","coordinates":[72.8322785,19.0139108]}},{"type":"Feature","id":"way/981822227","properties":{"amenity":"college","name":"Rachana Sansad's Academy Of Architecture","id":"way/981822227"},"geometry":{"type":"Point","coordinates":[72.8312361,19.0148468]}},{"type":"Feature","id":"way/981951741","properties":{"amenity":"waste_transfer_station","name":"G South Waste Collection Centre","id":"way/981951741"},"geometry":{"type":"Point","coordinates":[72.8303057,19.009188]}},{"type":"Feature","id":"way/981951747","properties":{"amenity":"marketplace","check_date:opening_hours":"2025-09-15","name:signed":"no","opening_hours:signed":"no","id":"way/981951747"},"geometry":{"type":"Point","coordinates":[72.8296245,19.0099076]}},{"type":"Feature","id":"way/981956935","properties":{"leisure":"park","name":"Central Ground","id":"way/981956935"},"geometry":{"type":"Point","coordinates":[72.8202641,19.0156785]}},{"type":"Feature","id":"way/981956936","properties":{"leisure":"park","id":"way/981956936"},"geometry":{"type":"Point","coordinates":[72.8208753,19.0164552]}},{"type":"Feature","id":"way/981962241","properties":{"amenity":"school","name":"Muktangan School","id":"way/981962241"},"geometry":{"type":"Point","coordinates":[72.8303204,19.0068416]}},{"type":"Feature","id":"way/981962245","properties":{"amenity":"parking","id":"way/981962245"},"geometry":{"type":"Point","coordinates":[72.8314166,19.0075912]}},{"type":"Feature","id":"way/981962249","properties":{"access":"private","amenity":"parking","id":"way/981962249"},"geometry":{"type":"Point","coordinates":[72.8318694,19.0081945]}},{"type":"Feature","id":"way/988138269","properties":{"amenity":"place_of_worship","building":"yes","religion":"zoroastrian","source":"MaxarPremium","id":"way/988138269"},"geometry":{"type":"Point","coordinates":[72.8203123,18.9510931]}},{"type":"Feature","id":"way/993108603","properties":{"air_conditioning":"no","amenity":"events_venue","building":"yes","name":"Hindveer Seva Sangh","id":"way/993108603"},"geometry":{"type":"Point","coordinates":[72.8349104,19.0079123]}},{"type":"Feature","id":"way/993108604","properties":{"amenity":"place_of_worship","name":"Hanuman Temple","religion":"hindu","id":"way/993108604"},"geometry":{"type":"Point","coordinates":[72.8338065,19.0088372]}},{"type":"Feature","id":"way/993108611","properties":{"amenity":"motorcycle_parking","id":"way/993108611"},"geometry":{"type":"Point","coordinates":[72.8357684,19.0076174]}},{"type":"Feature","id":"way/999818344","properties":{"amenity":"parking","id":"way/999818344"},"geometry":{"type":"Point","coordinates":[72.8286856,19.0078585]}},{"type":"Feature","id":"way/1003386614","properties":{"access":"yes","addr:city":"Mumbai","addr:postcode":"400050","addr:street":"Mount Mary Road","leisure":"park","name":"Sukoon Park","name:mr":"सुकून उद्यान","opening_hours":"Mo-Fr 05:00-13:00,15:00-22:00; Sa-Su 05:00-22:00; PH 05:00-22:00","operator":"BMC","operator:type":"government","id":"way/1003386614"},"geometry":{"type":"Point","coordinates":[72.8225939,19.0498224]}},{"type":"Feature","id":"way/1006878176","properties":{"amenity":"shelter","building":"yes","id":"way/1006878176"},"geometry":{"type":"Point","coordinates":[72.8372813,18.9788184]}},{"type":"Feature","id":"way/1018435440","properties":{"addr:city":"Mumbai","addr:housenumber":"456","addr:postcode":"400079","addr:street":"Brathod Lane","dog":"yes","leisure":"park","name":"Lakshmi Park","opening_hours":"sunrise-sunset","operator":"Lakshmi Enterprises.Ltd","id":"way/1018435440"},"geometry":{"type":"Point","coordinates":[72.8181783,18.9779548]}},{"type":"Feature","id":"node/1033625162","properties":{"amenity":"place_of_worship","name":"Sayyed Ashiq Shah Bukhari Dargah Masjid","religion":"muslim","source":"GPS","id":"node/1033625162"},"geometry":{"type":"Point","coordinates":[72.8364554,18.9572985]}},{"type":"Feature","id":"node/1033625169","properties":{"amenity":"place_of_worship","name":"Khoja Jama Masjid","religion":"muslim","wpt_symbol":"Flag, Red","id":"node/1033625169"},"geometry":{"type":"Point","coordinates":[72.8363803,18.9565679]}},{"type":"Feature","id":"node/1033641246","properties":{"amenity":"toilets","source":"GPS","id":"node/1033641246"},"geometry":{"type":"Point","coordinates":[72.8345993,18.9525497]}},{"type":"Feature","id":"node/1033722178","properties":{"amenity":"toilets","name":"Toilet gents","source":"GPS","id":"node/1033722178"},"geometry":{"type":"Point","coordinates":[72.8365589,18.9513821]}},{"type":"Feature","id":"node/1033756731","properties":{"amenity":"post_office","name":"Masjid Post Office","postal_code":"400003","wpt_symbol":"Post Office","id":"node/1033756731"},"geometry":{"type":"Point","coordinates":[72.8373941,18.9502818]}},{"type":"Feature","id":"node/1033801731","properties":{"amenity":"toilets","source":"GPS","id":"node/1033801731"},"geometry":{"type":"Point","coordinates":[72.8378233,18.9503579]}},{"type":"Feature","id":"node/1033816128","properties":{"amenity":"toilets","source":"GPS","id":"node/1033816128"},"geometry":{"type":"Point","coordinates":[72.837808,18.9524398]}},{"type":"Feature","id":"way/1052761662","properties":{"amenity":"parking","id":"way/1052761662"},"geometry":{"type":"Point","coordinates":[72.8347197,18.9796236]}},{"type":"Feature","id":"way/1052761669","properties":{"building":"yes","name":"Cafe Wild","shop":"coffee","id":"way/1052761669"},"geometry":{"type":"Point","coordinates":[72.8384329,18.979155]}},{"type":"Feature","id":"way/1052761693","properties":{"building":"yes","name":"Byculla Zoo Ticketing Counter","shop":"ticket","id":"way/1052761693"},"geometry":{"type":"Point","coordinates":[72.8346315,18.9784158]}},{"type":"Feature","id":"way/1052761694","properties":{"leisure":"garden","id":"way/1052761694"},"geometry":{"type":"Point","coordinates":[72.8347031,18.9787953]}},{"type":"Feature","id":"way/1071195458","properties":{"leisure":"pitch","sport":"archery","id":"way/1071195458"},"geometry":{"type":"Point","coordinates":[72.8313438,19.0501285]}},{"type":"Feature","id":"way/1085208100","properties":{"amenity":"place_of_worship","building":"yes","name":"St. Andrews Marathi Church","religion":"christian","id":"way/1085208100"},"geometry":{"type":"Point","coordinates":[72.8267115,18.9737683]}},{"type":"Feature","id":"way/1103993412","properties":{"amenity":"parking","id":"way/1103993412"},"geometry":{"type":"Point","coordinates":[72.8353888,18.9781278]}},{"type":"Feature","id":"way/1104045424","properties":{"leisure":"playground","id":"way/1104045424"},"geometry":{"type":"Point","coordinates":[72.8372737,18.977955]}},{"type":"Feature","id":"way/1104696787","properties":{"amenity":"shelter","building":"yes","id":"way/1104696787"},"geometry":{"type":"Point","coordinates":[72.8354959,18.9794137]}},{"type":"Feature","id":"way/1121494180","properties":{"addr:city":"Mumbai","addr:postcode":"400008","addr:street":"Maratha Mandir Marg, RBI Staff Colony","amenity":"hospital","check_date":"2026-03-20","emergency":"yes","healthcare":"hospital","name":"Jagjivan Ram Hospital","name:etymology:wikidata":"Q1471625","phone":"+91 22 6764 3224","id":"way/1121494180"},"geometry":{"type":"Point","coordinates":[72.824078,18.9704307]}},{"type":"Feature","id":"way/1123108620","properties":{"check_date":"2026-03-20","leisure":"sports_centre","name":"Mahalaxmi Sports Ground","id":"way/1123108620"},"geometry":{"type":"Point","coordinates":[72.8252164,18.9918852]}},{"type":"Feature","id":"way/1124262072","properties":{"leisure":"park","opening_hours":"Mo-Fr 08:00-17:00","id":"way/1124262072"},"geometry":{"type":"Point","coordinates":[72.8245788,18.97471]}},{"type":"Feature","id":"way/1126609278","properties":{"leisure":"swimming_pool","id":"way/1126609278"},"geometry":{"type":"Point","coordinates":[72.8027483,18.9690581]}},{"type":"Feature","id":"way/1126705319","properties":{"amenity":"crematorium","check_date":"2026-03-20","name":"Worli Crematorium","wheelchair":"limited","id":"way/1126705319"},"geometry":{"type":"Point","coordinates":[72.8187386,18.9937695]}},{"type":"Feature","id":"way/1132674016","properties":{"amenity":"school","name":"Sophia college","wikidata":"Q7562862","wikipedia":"en:Sophia College for Women","id":"way/1132674016"},"geometry":{"type":"Point","coordinates":[72.8072655,18.9695199]}},{"type":"Feature","id":"way/1152601787","properties":{"tourism":"viewpoint","id":"way/1152601787"},"geometry":{"type":"Point","coordinates":[72.8080771,18.9548431]}},{"type":"Feature","id":"way/1159753733","properties":{"addr:district":"Mumbai","addr:full":"Bomanjee Petit Road, Cumballa Hill","addr:postcode":"400036","addr:state":"Maharashtra","amenity":"hospital","email":"ceo@bdppgh.org; contact@bdppgh.org","healthcare":"hospital","name":"The B.D.Petit Parsee General Hospital","operator:type":"private","source":"OpenGovernmentData","website":"https://www.bdpetitparseegeneralhospital.org/","wikidata":"Q60765656","wikipedia":"en:B.D. Petit Parsee General Hospital","id":"way/1159753733"},"geometry":{"type":"Point","coordinates":[72.8056228,18.968823]}},{"type":"Feature","id":"way/1159753736","properties":{"leisure":"garden","id":"way/1159753736"},"geometry":{"type":"Point","coordinates":[72.8072588,18.9695446]}},{"type":"Feature","id":"way/1171645929","properties":{"amenity":"school","name":"Saifi High School","id":"way/1171645929"},"geometry":{"type":"Point","coordinates":[72.8326507,18.95511]}},{"type":"Feature","id":"way/1186783958","properties":{"addr:district":"Mumbai","addr:full":"Jeevan Hall Building, 2-A, Dharavi Main Road","addr:postcode":"400017","addr:state":"Maharashtra","amenity":"hospital","name":"Ayurseva Hospital","source":"OpenGovernmentData","id":"way/1186783958"},"geometry":{"type":"Point","coordinates":[72.8498402,19.0434342]}},{"type":"Feature","id":"way/1186979532","properties":{"leisure":"pitch","id":"way/1186979532"},"geometry":{"type":"Point","coordinates":[72.8416013,19.046686]}},{"type":"Feature","id":"way/1186981087","properties":{"leisure":"pitch","sport":"tennis","id":"way/1186981087"},"geometry":{"type":"Point","coordinates":[72.8389993,19.0259958]}},{"type":"Feature","id":"way/1186981088","properties":{"leisure":"pitch","sport":"cricket","id":"way/1186981088"},"geometry":{"type":"Point","coordinates":[72.8378066,19.0265092]}},{"type":"Feature","id":"way/1186981089","properties":{"leisure":"pitch","sport":"cricket","id":"way/1186981089"},"geometry":{"type":"Point","coordinates":[72.8384277,19.0263718]}},{"type":"Feature","id":"way/1186981090","properties":{"leisure":"pitch","sport":"cricket","id":"way/1186981090"},"geometry":{"type":"Point","coordinates":[72.8390735,19.0271808]}},{"type":"Feature","id":"way/1186981091","properties":{"leisure":"pitch","sport":"cricket","id":"way/1186981091"},"geometry":{"type":"Point","coordinates":[72.8388931,19.0276662]}},{"type":"Feature","id":"way/1186981092","properties":{"leisure":"pitch","sport":"cricket","id":"way/1186981092"},"geometry":{"type":"Point","coordinates":[72.8381813,19.0278087]}},{"type":"Feature","id":"way/1186981093","properties":{"leisure":"pitch","sport":"cricket","id":"way/1186981093"},"geometry":{"type":"Point","coordinates":[72.8382601,19.0272534]}},{"type":"Feature","id":"way/1186981094","properties":{"leisure":"pitch","sport":"cricket","id":"way/1186981094"},"geometry":{"type":"Point","coordinates":[72.8376436,19.0271635]}},{"type":"Feature","id":"way/1186981095","properties":{"leisure":"pitch","sport":"cricket","id":"way/1186981095"},"geometry":{"type":"Point","coordinates":[72.8373081,19.0266483]}},{"type":"Feature","id":"way/1187354637","properties":{"amenity":"cinema","check_date":"2026-03-20","historic":"cinema","name":"Bharat Mata Cinema","id":"way/1187354637"},"geometry":{"type":"Point","coordinates":[72.8362588,18.9956372]}},{"type":"Feature","id":"way/1218953722","properties":{"amenity":"place_of_worship","building":"yes","religion":"hindu","id":"way/1218953722"},"geometry":{"type":"Point","coordinates":[72.8397302,19.0453009]}},{"type":"Feature","id":"way/1218953725","properties":{"amenity":"fuel","brand":"Hindustan Petroleum","brand:wikidata":"Q1619375","compressed_air":"no","name":"HP","name:en":"Hindustan Petroleum","official_name":"Hindustan Petroleum","short_name":"HP","id":"way/1218953725"},"geometry":{"type":"Point","coordinates":[72.8422839,19.0384344]}},{"type":"Feature","id":"way/1218953726","properties":{"amenity":"fuel","brand":"Bharat Petroleum","brand:wikidata":"Q854826","building":"roof","name":"Bharat Petroleum","id":"way/1218953726"},"geometry":{"type":"Point","coordinates":[72.842629,19.0352143]}},{"type":"Feature","id":"way/1226705618","properties":{"amenity":"fuel","brand":"Bharat Petroleum","brand:wikidata":"Q854826","building":"yes","name":"Bharat Petroleum","id":"way/1226705618"},"geometry":{"type":"Point","coordinates":[72.8403766,19.0253971]}},{"type":"Feature","id":"way/1226781781","properties":{"amenity":"fuel","brand":"Bharat Petroleum","brand:wikidata":"Q854826","building":"roof","check_date":"2026-03-20","name":"Bharat Petroleum","id":"way/1226781781"},"geometry":{"type":"Point","coordinates":[72.8194031,18.9669047]}},{"type":"Feature","id":"way/1226781784","properties":{"amenity":"toilets","building":"yes","check_date":"2026-03-20","id":"way/1226781784"},"geometry":{"type":"Point","coordinates":[72.8170415,18.9634583]}},{"type":"Feature","id":"way/1226781785","properties":{"brand":"Manyavar","brand:wikidata":"Q24906783","building":"yes","check_date":"2026-03-20","clothes":"wedding","name":"Manyavar","name:en":"Manyavar","shop":"clothes","id":"way/1226781785"},"geometry":{"type":"Point","coordinates":[72.8253738,18.993656]}},{"type":"Feature","id":"way/1227680048","properties":{"amenity":"restaurant","building":"residential","cuisine":"fish","diet:non-vegetarian":"yes","name":"masoli","name:en":"masoli","opening_hours":"Mo-Su 08:00-21:00","id":"way/1227680048"},"geometry":{"type":"Point","coordinates":[72.8416755,19.0286708]}},{"type":"Feature","id":"way/1227680057","properties":{"building":"yes","name":"Radhakrishna TVS","name:en":"Radhakrishna TVS","opening_hours":"Mo-Su 09:30-18:00","shop":"motorcycle_repair","id":"way/1227680057"},"geometry":{"type":"Point","coordinates":[72.8365841,19.0053652]}},{"type":"Feature","id":"way/1227731048","properties":{"amenity":"school","name":"Mumbai Public School","name:en":"Mumbai Public School","id":"way/1227731048"},"geometry":{"type":"Point","coordinates":[72.8371781,19.0057507]}},{"type":"Feature","id":"node/1236589819","properties":{"amenity":"fuel","ele":"48.67","source":"GPS","id":"node/1236589819"},"geometry":{"type":"Point","coordinates":[72.808826,18.9688493]}},{"type":"Feature","id":"way/1247541998","properties":{"addr:city":"Mumbai,Dadar(East)","addr:district":"mumbai","addr:postcode":"400014","addr:street":"Dadasaheb Phalke Marg","leisure":"park","name":"SHINDEWADI  GROUND","opening_hours":"24/7","id":"way/1247541998"},"geometry":{"type":"Point","coordinates":[72.8424967,19.0115757]}},{"type":"Feature","id":"way/1289053364","properties":{"addr:city":"Mumbai","addr:postcode":"400027","addr:street":"Sant Savata Marg","amenity":"hospital","emergency":"yes","healthcare":"hospital","healthcare:speciality":"gynaecology;orthopaedics;plastic_surgery;psychiatry;paediatrics;oncology","name":"Masina Hospital","website":"https://www.masinahospital.com/","id":"way/1289053364"},"geometry":{"type":"Point","coordinates":[72.8355699,18.9746274]}},{"type":"Feature","id":"way/1289053374","properties":{"addr:postcode":"400027","addr:street":"Sant Savta Mali Marg","amenity":"place_of_worship","building":"church","name":"Gloria Church","religion":"christian","wikidata":"Q5571343","wikipedia":"en:Gloria Church","id":"way/1289053374"},"geometry":{"type":"Point","coordinates":[72.8343268,18.975125]}},{"type":"Feature","id":"way/1289063011","properties":{"amenity":"marketplace","id":"way/1289063011"},"geometry":{"type":"Point","coordinates":[72.8290554,18.9738339]}},{"type":"Feature","id":"way/1289063014","properties":{"amenity":"cinema","check_date":"2026-03-20","name":"Maratha Mandir Theatre","wikidata":"Q5320999","wikipedia":"en:Maratha Mandir","id":"way/1289063014"},"geometry":{"type":"Point","coordinates":[72.8221223,18.9711908]}},{"type":"Feature","id":"way/1289063015","properties":{"addr:district":"Thane","addr:full":"Police Station, 1877 Doctor Anandrao Nair Marg Near Agripada, Mumbai Central","addr:postcode":"400011","addr:state":"Maharashtra","amenity":"hospital","check_date":"2026-03-20","healthcare":"hospital","name":"Wockhardt Hospitals, South Mumbai","source":"OpenGovernmentData","id":"way/1289063015"},"geometry":{"type":"Point","coordinates":[72.8239654,18.9752098]}},{"type":"Feature","id":"way/1289063020","properties":{"addr:postcode":"400027","addr:street":"Dr Baba Saheb Ambedkar Marg (Victoria Garden Road)","amenity":"cinema","name":"Palace Talkies","phone":"022 2372 7188","id":"way/1289063020"},"geometry":{"type":"Point","coordinates":[72.8332051,18.975896]}},{"type":"Feature","id":"way/1289073486","properties":{"landuse":"recreation_ground","leisure":"stadium","name":"Mahalaxmi Racecourse","name:en":"Mahalaxmi Racecourse","name:hi":"महालक्ष्मी दौड़भूमि","name:ml":"മഹാലക്ഷ്മി റേസ്കോർസ്","sport":"horse_racing","wikidata":"Q5455373","id":"way/1289073486"},"geometry":{"type":"Point","coordinates":[72.819762,18.9851816]}},{"type":"Feature","id":"way/1289073488","properties":{"leisure":"park","name":"Lala Lajpat Rai Park","name:etymology:wikidata":"Q1395763","id":"way/1289073488"},"geometry":{"type":"Point","coordinates":[72.8119535,18.9784522]}},{"type":"Feature","id":"way/1289073489","properties":{"addr:district":"Mumbai","addr:full":"1-1A, Keshavrao Khadye Marg, Haji Ali, Mumbai","addr:postcode":"400034","addr:state":"Maharashtra","amenity":"hospital","name":"NH SRCC Children's Hospital","source":"Local Knowledge","id":"way/1289073489"},"geometry":{"type":"Point","coordinates":[72.8127975,18.9790957]}},{"type":"Feature","id":"way/1289073491","properties":{"amenity":"college","name":"National Medical College","id":"way/1289073491"},"geometry":{"type":"Point","coordinates":[72.8142124,18.9796715]}},{"type":"Feature","id":"way/1289081187","properties":{"amenity":"motorcycle_parking","covered":"no","id":"way/1289081187"},"geometry":{"type":"Point","coordinates":[72.8246385,18.9956994]}},{"type":"Feature","id":"way/1289154830","properties":{"amenity":"place_of_worship","building":"yes","name":"Gaondevi Mandir","religion":"hindu","id":"way/1289154830"},"geometry":{"type":"Point","coordinates":[72.8437693,18.9664093]}},{"type":"Feature","id":"way/1289185535","properties":{"leisure":"garden","id":"way/1289185535"},"geometry":{"type":"Point","coordinates":[72.8290323,19.0455791]}},{"type":"Feature","id":"way/1289189671","properties":{"name":"वीर सावरकर स्मारक","name:en":"Veer Savarkar Smarak","name:hi":"वीर सावरकर स्मारक","tourism":"museum","id":"way/1289189671"},"geometry":{"type":"Point","coordinates":[72.836641,19.0284402]}},{"type":"Feature","id":"node/1289231870","properties":{"access":"no","artwork_type":"statue","historic":"monument","name":"Mancherji Edulji Joshi Statue","tourism":"artwork","id":"node/1289231870"},"geometry":{"type":"Point","coordinates":[72.8491666,19.0175495]}},{"type":"Feature","id":"way/1299175077","properties":{"addr:city":"Mumbai","addr:district":"Maharashtra","addr:postcode":"400016","addr:street":"Lady Jamshedji Road, Mahim","amenity":"bus_station","building":"transportation","bus":"yes","name":"Mahim Bus Depot","public_transport":"station","id":"way/1299175077"},"geometry":{"type":"Point","coordinates":[72.8405393,19.0430947]}},{"type":"Feature","id":"node/1301593213","properties":{"amenity":"police","id":"node/1301593213"},"geometry":{"type":"Point","coordinates":[72.8323654,18.9675282]}},{"type":"Feature","id":"node/1304858029","properties":{"amenity":"restaurant","cuisine":"indian","name":"Shalimar","id":"node/1304858029"},"geometry":{"type":"Point","coordinates":[72.8324233,18.957924]}},{"type":"Feature","id":"node/1316273888","properties":{"amenity":"fast_food","id":"node/1316273888"},"geometry":{"type":"Point","coordinates":[72.810115,18.9593243]}},{"type":"Feature","id":"node/1316282514","properties":{"amenity":"post_box","id":"node/1316282514"},"geometry":{"type":"Point","coordinates":[72.8101162,18.9591657]}},{"type":"Feature","id":"way/1329415478","properties":{"amenity":"hospital","healthcare":"hospital","name":"Head And Neck Cancer Institute Of India","id":"way/1329415478"},"geometry":{"type":"Point","coordinates":[72.845704,18.9702768]}},{"type":"Feature","id":"way/1341472135","properties":{"dog":"leashed","leisure":"park","mobile":"9878788787","name":"Racecourse Ground","natural":"leashed","opening_hours":"Mo-Su 08:00-22:00","operator":"mahalaxmi","operator:type":"private","id":"way/1341472135"},"geometry":{"type":"Point","coordinates":[72.8197402,18.9838743]}},{"type":"Feature","id":"way/1344571460","properties":{"alt_name":"Chhoti Masjid","amenity":"place_of_worship","building":"yes","name":"Ashrafi Jama Masjid","religion":"muslim","id":"way/1344571460"},"geometry":{"type":"Point","coordinates":[72.8247582,18.9619749]}},{"type":"Feature","id":"way/1351495458","properties":{"leisure":"pitch","lit":"no","sport":"cricket","surface":"dirt","id":"way/1351495458"},"geometry":{"type":"Point","coordinates":[72.8310141,19.01032]}},{"type":"Feature","id":"way/1354007405","properties":{"addr:city":"Mumbai","addr:postcode":"400007","addr:street":"Sardar Vallabhbhai Patel Road","air_conditioning":"yes","amenity":"restaurant","building":"yes","cuisine":"indian","diet:vegetarian":"yes","name":"sukh sagar","opening_hours":"Mo-Su 10:00-22:00","id":"way/1354007405"},"geometry":{"type":"Point","coordinates":[72.8124773,18.9560886]}},{"type":"Feature","id":"way/1354031377","properties":{"access":"permit","addr:city":"Mumbai","addr:district":"mumbai","addr:housenumber":"agripada","addr:postcode":"400011","addr:street":"Farukh S Oomerbhoy Path","leisure":"swimming_pool","location":"outdoor","name":"ymca","swimming_pool":"swimming","id":"way/1354031377"},"geometry":{"type":"Point","coordinates":[72.8250236,18.9740382]}},{"type":"Feature","id":"way/1354879489","properties":{"leisure":"park","name":"Dnyaneshwar Udhyodhan Park","opening_hours":"Mo-Sa 08:00-20:00","id":"way/1354879489"},"geometry":{"type":"Point","coordinates":[72.8441931,19.0283765]}},{"type":"Feature","id":"way/1354880129","properties":{"leisure":"park","name":"Dyaneshwar Udhyodhan Park","opening_hours":"Mo-Su 07:00-22:00","operator":"Brihamumbai Nagarpalika","operator:type":"government","id":"way/1354880129"},"geometry":{"type":"Point","coordinates":[72.8457284,19.0294872]}},{"type":"Feature","id":"way/1356108402","properties":{"addr:city":"Mumbai","addr:postcode":"400010","addr:street":"E.S. Patanwala Marg","amenity":"place_of_worship","building":"yes","name":"Shree Ghodapdeo Temple.","name:mr":"श्री घोडपदेव मंदिर","religion":"hindu","id":"way/1356108402"},"geometry":{"type":"Point","coordinates":[72.842624,18.9811945]}},{"type":"Feature","id":"way/1356569478","properties":{"leisure":"park","id":"way/1356569478"},"geometry":{"type":"Point","coordinates":[72.8440653,18.9983584]}},{"type":"Feature","id":"way/1363029403","properties":{"amenity":"events_venue","building":"yes","id":"way/1363029403"},"geometry":{"type":"Point","coordinates":[72.8379709,19.0287729]}},{"type":"Feature","id":"node/1365560118","properties":{"IR:zone":"WR:CCG","name":"Matunga Road","name:hi":"माटुंगा रोड","public_transport":"stop_position","railway":"stop","ref":"MRU","train":"yes","id":"node/1365560118"},"geometry":{"type":"Point","coordinates":[72.8468876,19.0281035]}},{"type":"Feature","id":"node/1365560229","properties":{"name":"Mahim Junction","name:en":"Mahim Junction","name:mr":"माहिम रेल्वे स्थानक","public_transport":"stop_position","railway":"stop","ref":"2","train":"yes","id":"node/1365560229"},"geometry":{"type":"Point","coordinates":[72.8467367,19.0407191]}},{"type":"Feature","id":"node/1365560230","properties":{"name":"Mahim Junction","name:en":"Mahim Junction","name:mr":"माहिम रेल्वे स्थानक","public_transport":"stop_position","railway":"stop","ref":"3","train":"yes","id":"node/1365560230"},"geometry":{"type":"Point","coordinates":[72.8468504,19.0407577]}},{"type":"Feature","id":"node/1365560231","properties":{"name":"Mahim Junction","name:en":"Mahim Junction","name:mr":"माहिम रेल्वे स्थानक","public_transport":"stop_position","railway":"stop","ref":"4","train":"yes","id":"node/1365560231"},"geometry":{"type":"Point","coordinates":[72.8468852,19.040768]}},{"type":"Feature","id":"node/1365560232","properties":{"name":"Mahim Junction","name:en":"Mahim Junction","name:mr":"माहिम रेल्वे स्थानक","public_transport":"stop_position","railway":"stop","ref":"5","train":"yes","id":"node/1365560232"},"geometry":{"type":"Point","coordinates":[72.8470904,19.0408624]}},{"type":"Feature","id":"node/1365570208","properties":{"loc_ref":"5","name":"Dadar","public_transport":"stop_position","railway":"stop","train":"yes","id":"node/1365570208"},"geometry":{"type":"Point","coordinates":[72.8430459,19.0188344]}},{"type":"Feature","id":"node/1365570210","properties":{"loc_ref":"4","name":"Dadar","public_transport":"stop_position","railway":"stop","train":"yes","id":"node/1365570210"},"geometry":{"type":"Point","coordinates":[72.8429768,19.0188808]}},{"type":"Feature","id":"node/1365570212","properties":{"loc_ref":"2","name":"Dadar","public_transport":"stop_position","railway":"stop","train":"yes","id":"node/1365570212"},"geometry":{"type":"Point","coordinates":[72.8428185,19.0189777]}},{"type":"Feature","id":"node/1365570240","properties":{"name":"Dadar (Western)","public_transport":"stop_position","railway":"stop","ref":"DDR","train":"yes","id":"node/1365570240"},"geometry":{"type":"Point","coordinates":[72.8450755,19.0225262]}},{"type":"Feature","id":"way/1366188903","properties":{"amenity":"fuel","area":"yes","brand":"HP","id":"way/1366188903"},"geometry":{"type":"Point","coordinates":[72.8074952,18.9549701]}},{"type":"Feature","id":"way/1372280836","properties":{"amenity":"events_venue","building":"yes","name":"Pioneer Hall","name:en":"Pioneer Hall","id":"way/1372280836"},"geometry":{"type":"Point","coordinates":[72.8263898,19.0491051]}},{"type":"Feature","id":"way/1378123561","properties":{"amenity":"toilets","building":"yes","check_date":"2026-03-20","id":"way/1378123561"},"geometry":{"type":"Point","coordinates":[72.8469038,19.0218486]}},{"type":"Feature","id":"way/1378123570","properties":{"amenity":"bench","armrest":"yes","backrest":"yes","direction":"127","seats":"4","id":"way/1378123570"},"geometry":{"type":"Point","coordinates":[72.8470298,19.0217326]}},{"type":"Feature","id":"way/1378123572","properties":{"amenity":"bench","armrest":"yes","backrest":"yes","direction":"127","seats":"4","id":"way/1378123572"},"geometry":{"type":"Point","coordinates":[72.8470141,19.0217468]}},{"type":"Feature","id":"way/1378123574","properties":{"leisure":"pitch","sport":"field_hockey","id":"way/1378123574"},"geometry":{"type":"Point","coordinates":[72.8478874,19.0221429]}},{"type":"Feature","id":"way/1378123584","properties":{"amenity":"bench","armrest":"yes","backrest":"yes","direction":"127","seats":"4","id":"way/1378123584"},"geometry":{"type":"Point","coordinates":[72.847056,19.0217125]}},{"type":"Feature","id":"way/1378123591","properties":{"amenity":"bench","armrest":"yes","backrest":"yes","direction":"127","seats":"4","id":"way/1378123591"},"geometry":{"type":"Point","coordinates":[72.8470454,19.0217834]}},{"type":"Feature","id":"way/1378123593","properties":{"amenity":"bench","armrest":"yes","backrest":"yes","direction":"127","seats":"4","id":"way/1378123593"},"geometry":{"type":"Point","coordinates":[72.8470428,19.0217227]}},{"type":"Feature","id":"way/1378123594","properties":{"amenity":"bench","armrest":"yes","backrest":"yes","direction":"127","seats":"4","id":"way/1378123594"},"geometry":{"type":"Point","coordinates":[72.8470702,19.0217019]}},{"type":"Feature","id":"way/1378123600","properties":{"check_date":"2026-03-20","leisure":"sports_centre","name":"R.A. Poddar College of Economics Playground","sport":"field_hockey;taekwondo","id":"way/1378123600"},"geometry":{"type":"Point","coordinates":[72.8478966,19.0221187]}},{"type":"Feature","id":"way/1378123601","properties":{"amenity":"bench","armrest":"yes","backrest":"yes","direction":"127","seats":"4","id":"way/1378123601"},"geometry":{"type":"Point","coordinates":[72.8470245,19.0217587]}},{"type":"Feature","id":"way/1378123602","properties":{"amenity":"shelter","building":"roof","roof:shape":"pyramidal","shelter_type":"sun_shelter","id":"way/1378123602"},"geometry":{"type":"Point","coordinates":[72.8470905,19.0217204]}},{"type":"Feature","id":"way/1378123609","properties":{"amenity":"bench","armrest":"yes","backrest":"yes","direction":"127","seats":"4","id":"way/1378123609"},"geometry":{"type":"Point","coordinates":[72.8470349,19.0217712]}},{"type":"Feature","id":"way/1379011412","properties":{"amenity":"marketplace","id":"way/1379011412"},"geometry":{"type":"Point","coordinates":[72.8444446,19.0074611]}},{"type":"Feature","id":"way/1379625572","properties":{"access":"private","leisure":"pitch","sport":"tennis","id":"way/1379625572"},"geometry":{"type":"Point","coordinates":[72.8248491,18.9961233]}},{"type":"Feature","id":"way/1379625573","properties":{"access":"private","leisure":"pitch","sport":"tennis","id":"way/1379625573"},"geometry":{"type":"Point","coordinates":[72.8249655,18.996055]}},{"type":"Feature","id":"way/1379626318","properties":{"access":"yes","leisure":"swimming_pool","location":"outdoor","name":"BMC Swimming Pool, Worli","id":"way/1379626318"},"geometry":{"type":"Point","coordinates":[72.8137397,19.0003434]}},{"type":"Feature","id":"way/1380575746","properties":{"amenity":"place_of_worship","name":"Dawoodi Masjid, Charni Road","religion":"muslim","id":"way/1380575746"},"geometry":{"type":"Point","coordinates":[72.818752,18.9520562]}},{"type":"Feature","id":"way/1380575750","properties":{"addr:city":"Mumbai","addr:district":"Mumbai","addr:postcode":"400004","addr:street":"Jagannath Shankarsheth Marg","amenity":"cafe","building":"yes","cuisine":"pizza;burger;sandwich","internet_access":"no","name":"Mumbai Bites","opening_hours":"Mo-Sa 08:00-00:00","outdoor_seating":"no","id":"way/1380575750"},"geometry":{"type":"Point","coordinates":[72.8188828,18.9553181]}},{"type":"Feature","id":"way/1380646636","properties":{"amenity":"parking","id":"way/1380646636"},"geometry":{"type":"Point","coordinates":[72.82777,19.0470801]}},{"type":"Feature","id":"way/1380646638","properties":{"addr:city":"Bandra, Mumbai","addr:postcode":"400050","addr:street":"Kadeshwari Marg","amenity":"place_of_worship","building":"yes","denomination":"roman_catholic","name":"St. Francis of Assisi Church","religion":"christian","id":"way/1380646638"},"geometry":{"type":"Point","coordinates":[72.826211,19.0460521]}},{"type":"Feature","id":"way/1381366790","properties":{"amenity":"police","building":"yes","name":"Mahim Traffic Division","name:en":"Mahim Traffic Division","name:mr":"माहीम वाहतुक विभाग","id":"way/1381366790"},"geometry":{"type":"Point","coordinates":[72.8401727,19.0421503]}},{"type":"Feature","id":"way/1381366791","properties":{"leisure":"garden","id":"way/1381366791"},"geometry":{"type":"Point","coordinates":[72.8401619,19.0423384]}},{"type":"Feature","id":"way/1381366792","properties":{"amenity":"fuel","brand":"Hindustan Petroleum","brand:wikidata":"Q1619375","building":"roof","name":"HP","official_name":"Hindustan Petroleum","self_service":"no","id":"way/1381366792"},"geometry":{"type":"Point","coordinates":[72.8420845,19.0368329]}},{"type":"Feature","id":"way/1387156397","properties":{"amenity":"place_of_worship","building":"yes","name":"Dargah Hazrat Qurban Shah","religion":"muslim","id":"way/1387156397"},"geometry":{"type":"Point","coordinates":[72.8442734,19.0409822]}},{"type":"Feature","id":"way/1387156400","properties":{"leisure":"playground","id":"way/1387156400"},"geometry":{"type":"Point","coordinates":[72.841847,19.0426716]}},{"type":"Feature","id":"way/1387156401","properties":{"leisure":"playground","id":"way/1387156401"},"geometry":{"type":"Point","coordinates":[72.8421609,19.042471]}},{"type":"Feature","id":"way/1387161509","properties":{"amenity":"place_of_worship","building":"mosque","name:en":"Makhdoom Ali Shah Mahimi Dargah","religion":"muslim","id":"way/1387161509"},"geometry":{"type":"Point","coordinates":[72.8388298,19.0401801]}},{"type":"Feature","id":"way/1387161513","properties":{"amenity":"school","name":"RC Mahim Municipal School","operator":"Brihanmumbai Municipal Corporation","operator:type":"government","id":"way/1387161513"},"geometry":{"type":"Point","coordinates":[72.8406209,19.0403129]}},{"type":"Feature","id":"way/1387934943","properties":{"amenity":"place_of_worship","building":"yes","religion":"zoroastrian","id":"way/1387934943"},"geometry":{"type":"Point","coordinates":[72.8265414,18.9503131]}},{"type":"Feature","id":"way/1387934944","properties":{"amenity":"place_of_worship","building":"yes","id":"way/1387934944"},"geometry":{"type":"Point","coordinates":[72.8263618,18.9506996]}},{"type":"Feature","id":"way/1387934945","properties":{"amenity":"place_of_worship","building":"yes","id":"way/1387934945"},"geometry":{"type":"Point","coordinates":[72.8266494,18.9508152]}},{"type":"Feature","id":"way/1387934946","properties":{"amenity":"place_of_worship","building":"yes","id":"way/1387934946"},"geometry":{"type":"Point","coordinates":[72.8268288,18.9505952]}},{"type":"Feature","id":"way/1388204776","properties":{"amenity":"veterinary","building":"yes","check_date":"2026-03-20","name":"Tata Trust Small Animal. Hospital","id":"way/1388204776"},"geometry":{"type":"Point","coordinates":[72.8264585,18.9842677]}},{"type":"Feature","id":"way/1393438364","properties":{"access":"private","leisure":"pitch","sport":"basketball","id":"way/1393438364"},"geometry":{"type":"Point","coordinates":[72.8214672,19.0444824]}},{"type":"Feature","id":"way/1411712168","properties":{"amenity":"hospital","check_date":"2026-03-20","healthcare":"hospital","name":"King George V Infimary","id":"way/1411712168"},"geometry":{"type":"Point","coordinates":[72.8231976,18.9886387]}},{"type":"Feature","id":"way/1412316694","properties":{"access":"private","leisure":"swimming_pool","id":"way/1412316694"},"geometry":{"type":"Point","coordinates":[72.819565,19.0456102]}},{"type":"Feature","id":"way/1412316695","properties":{"amenity":"school","name":"Mount Mary Convent High School","name:en":"Mount Mary Convent High School","id":"way/1412316695"},"geometry":{"type":"Point","coordinates":[72.8227815,19.0461101]}},{"type":"Feature","id":"way/1415665096","properties":{"amenity":"place_of_worship","building":"yes","religion":"christian","id":"way/1415665096"},"geometry":{"type":"Point","coordinates":[72.8220179,19.0465007]}},{"type":"Feature","id":"way/1415665102","properties":{"leisure":"garden","id":"way/1415665102"},"geometry":{"type":"Point","coordinates":[72.8222162,19.04603]}},{"type":"Feature","id":"way/1416743594","properties":{"amenity":"cinema","building":"yes","check_date":"2026-03-20","name":"Chitra Cinema","parking":"yes","id":"way/1416743594"},"geometry":{"type":"Point","coordinates":[72.8439163,19.0133234]}},{"type":"Feature","id":"way/1416900451","properties":{"building":"yes","check_date":"2026-03-20","internet_access":"yes","name":"Hotel Avon Ruby","tourism":"hotel","id":"way/1416900451"},"geometry":{"type":"Point","coordinates":[72.8445541,19.0152652]}},{"type":"Feature","id":"way/1419908752","properties":{"access":"customers","amenity":"parking","fee":"yes","parking":"surface","id":"way/1419908752"},"geometry":{"type":"Point","coordinates":[72.8267231,19.0052132]}},{"type":"Feature","id":"way/1419913194","properties":{"access":"private","layer":"1","leisure":"swimming_pool","lit":"yes","location":"roof","id":"way/1419913194"},"geometry":{"type":"Point","coordinates":[72.8306367,19.0111334]}},{"type":"Feature","id":"way/1421475335","properties":{"addr:city":"Naigaon, Dadar(East), Mumbai","addr:district":"Mumbai","addr:housenumber":"171","addr:postcode":"400014","addr:street":"Jyotiba Phule Marg","amenity":"place_of_worship","building":"yes","denomination":"orthodox","name":"St. Mary's Orthodox Cathedral.","name:en":"St. Mary's Orthodox Cathedral.","name:mr":"सेंट मेरी ऑर्थोडॉक्स कॅथेड्रल","opening_hours":"Mo-Sa 09:00-19:00; Su 07:00-19:00","parking":"yes","ramp:wheelchair":"yes","religion":"christian","toilets":"yes","website":"https://stmarysorthodoxcathedral.com/","wheelchair":"yes","id":"way/1421475335"},"geometry":{"type":"Point","coordinates":[72.8465334,19.0133406]}},{"type":"Feature","id":"way/1422977946","properties":{"leisure":"pitch","sport":"basketball","id":"way/1422977946"},"geometry":{"type":"Point","coordinates":[72.8149088,18.9597433]}},{"type":"Feature","id":"way/1422977947","properties":{"leisure":"pitch","sport":"basketball","id":"way/1422977947"},"geometry":{"type":"Point","coordinates":[72.8151695,18.9596094]}},{"type":"Feature","id":"way/1423097483","properties":{"amenity":"bench","backrest":"no","id":"way/1423097483"},"geometry":{"type":"Point","coordinates":[72.8192512,19.0455333]}},{"type":"Feature","id":"way/1423097484","properties":{"amenity":"bench","backrest":"no","id":"way/1423097484"},"geometry":{"type":"Point","coordinates":[72.8191854,19.0455596]}},{"type":"Feature","id":"way/1423097488","properties":{"amenity":"bench","backrest":"no","id":"way/1423097488"},"geometry":{"type":"Point","coordinates":[72.8189845,19.0448382]}},{"type":"Feature","id":"way/1423267460","properties":{"amenity":"place_of_worship","building":"yes","name":"Shri Kadeshwari Devi Temple","name:en":"Shri Kadeshwari Devi Temple","name:hi":"श्री कंडेश्वरी देवी मंदिर","name:mr":"श्री कंडेश्वरी देवी मंदिर","religion":"hindu","id":"way/1423267460"},"geometry":{"type":"Point","coordinates":[72.8196951,19.0424012]}},{"type":"Feature","id":"way/1423267461","properties":{"amenity":"shelter","building":"roof","id":"way/1423267461"},"geometry":{"type":"Point","coordinates":[72.8198565,19.0424767]}},{"type":"Feature","id":"way/1423267463","properties":{"leisure":"pitch","sport":"basketball","id":"way/1423267463"},"geometry":{"type":"Point","coordinates":[72.828438,19.0448006]}},{"type":"Feature","id":"way/1423267465","properties":{"leisure":"fitness_station","sport":"fitness","id":"way/1423267465"},"geometry":{"type":"Point","coordinates":[72.8293149,19.0450866]}},{"type":"Feature","id":"way/1425005471","properties":{"amenity":"club","building":"clubhouse","check_date":"2026-03-20","club":"culture","name":"Bombay Andhra Mahasabha & Gymkhana","id":"way/1425005471"},"geometry":{"type":"Point","coordinates":[72.8475576,19.0223723]}},{"type":"Feature","id":"way/1429482057","properties":{"air_conditioning":"yes","building":"retail","building:levels":"4","check_date":"2026-03-20","name":"Grand Zone","shop":"mall","id":"way/1429482057"},"geometry":{"type":"Point","coordinates":[72.8242044,18.9951208]}},{"type":"Feature","id":"way/1429482058","properties":{"air_conditioning":"yes","building":"retail","building:levels":"4","check_date":"2026-03-20","name":"Palladium West Zone","shop":"mall","id":"way/1429482058"},"geometry":{"type":"Point","coordinates":[72.8236906,18.9953247]}},{"type":"Feature","id":"way/1429486076","properties":{"brand":"H&M","brand:wikidata":"Q188326","building":"retail","check_date":"2026-03-20","name":"H&M","shop":"clothes","id":"way/1429486076"},"geometry":{"type":"Point","coordinates":[72.8240906,18.9947924]}},{"type":"Feature","id":"way/1429909783","properties":{"access":"private","amenity":"parking","building:levels":"3-6","fee":"no","parking":"multi-storey","id":"way/1429909783"},"geometry":{"type":"Point","coordinates":[72.830889,19.0105689]}},{"type":"Feature","id":"way/1429909784","properties":{"access":"private","leisure":"dog_park","id":"way/1429909784"},"geometry":{"type":"Point","coordinates":[72.8302125,19.0107149]}},{"type":"Feature","id":"way/1430445273","properties":{"addr:postcode":"400013","addr:street":"Pandurang Budhkar Marg","indoor":"retail","indoor:level":"0","level":"0","name":"Food Square","opening_hours":"Mo-Su 09:00-22:00","operator":"Food Square","payment:credit_cards":"yes","payment:debit_cards":"yes","shop":"deli","id":"way/1430445273"},"geometry":{"type":"Point","coordinates":[72.8263611,19.0056879]}},{"type":"Feature","id":"way/1430445274","properties":{"air_conditioning":"yes","branch":"IKEA Worli City Store","brand":"IKEA","brand:wikidata":"Q54078","indoor":"retail","level":"0,1,2,3","name":"IKEA","opening_hours":"Mo-Su 10:30-21:30","shop":"furniture","id":"way/1430445274"},"geometry":{"type":"Point","coordinates":[72.8270089,19.0056881]}},{"type":"Feature","id":"way/1430829659","properties":{"amenity":"fuel","compressed_air":"yes","fuel:diesel":"no","fuel:gasoline":"yes","name":"Ravi Auto Services","source":"GPS","id":"way/1430829659"},"geometry":{"type":"Point","coordinates":[72.8204635,19.0111999]}},{"type":"Feature","id":"way/1431104816","properties":{"Floor":"-1","access":"yes","amenity":"parking","building":"yes","building:levels":"3","capacity":"300","fee":"yes","level":"-4","name":"BMC Pay & Park - Lower Parel","operator":"BMC","operator:type":"public","parking":"multi-storey","payment:cash":"yes","payment:upi":"yes","payment:upi_qr":"yes","surface":"concrete","id":"way/1431104816"},"geometry":{"type":"Point","coordinates":[72.8301949,19.0042547]}},{"type":"Feature","id":"way/1431202804","properties":{"amenity":"fuel","brand":"Indian Oil","brand:wikidata":"Q1289348","building":"yes","compressed_air":"yes","fuel:diesel":"yes","fuel:gasoline":"yes","name":"IndianOil","name:en":"IndianOil","name:mr":"इंडियन ऑइल कोको टॉप गियर","opening_hours":"Mo-Su 06:00-22:00","self_service":"no","id":"way/1431202804"},"geometry":{"type":"Point","coordinates":[72.8033645,18.9656107]}},{"type":"Feature","id":"way/1431202805","properties":{"amenity":"fuel","brand":"Bharat Petroleum","brand:wikidata":"Q854826","building":"yes","fuel:diesel":"yes","fuel:gasoline":"yes","name":"Bharat Petroleum Corporation ltd","name:en":"Bharat Petroleum Corporation ltd","name:mr":"भारत पेट्रोलियम कॉर्पोरेशन लि सिटी इको स्टेशन","opening_hours":"Mo-Su 06:00-24:00","self_service":"no","id":"way/1431202805"},"geometry":{"type":"Point","coordinates":[72.8040555,18.9653791]}},{"type":"Feature","id":"way/1431900389","properties":{"amenity":"security_booth","building":"yes","check_date":"2026-03-20","layer":"1","security":"checkpoint","id":"way/1431900389"},"geometry":{"type":"Point","coordinates":[72.8248463,18.9937712]}},{"type":"Feature","id":"way/1431900390","properties":{"amenity":"security","building":"yes","check_date":"2026-03-20","layer":"1","security":"checkpoint","id":"way/1431900390"},"geometry":{"type":"Point","coordinates":[72.8244873,18.9935807]}},{"type":"Feature","id":"way/1431905889","properties":{"amenity":"security_booth","building":"yes","id":"way/1431905889"},"geometry":{"type":"Point","coordinates":[72.8269955,19.0021562]}},{"type":"Feature","id":"way/1431905890","properties":{"access":"private","layer":"1","leisure":"swimming_pool","location":"roof","id":"way/1431905890"},"geometry":{"type":"Point","coordinates":[72.8278055,19.0025691]}},{"type":"Feature","id":"way/1431905891","properties":{"access":"private","leisure":"pitch","location":"roof","id":"way/1431905891"},"geometry":{"type":"Point","coordinates":[72.8279529,19.0022288]}},{"type":"Feature","id":"way/1436642367","properties":{"addr:city":"Bandra, Mumbai","addr:district":"Mumbai","addr:postcode":"400050","addr:street":"Nityanand Street","leisure":"park","name":"Long garden","operator":"IES college","operator:type":"university","id":"way/1436642367"},"geometry":{"type":"Point","coordinates":[72.8295989,19.0490205]}},{"type":"Feature","id":"way/1442619090","properties":{"amenity":"police","building":"yes","name":"Nagpada Police Station","name:en":"Nagpada Police Station","id":"way/1442619090"},"geometry":{"type":"Point","coordinates":[72.829239,18.9670301]}},{"type":"Feature","id":"way/1444322018","properties":{"level":"1","name":"Booking Office","shop":"ticket","wheelchair":"limited","id":"way/1444322018"},"geometry":{"type":"Point","coordinates":[72.819075,18.969418]}},{"type":"Feature","id":"way/1451269779","properties":{"amenity":"restaurant","building":"yes","name":"Gallops","id":"way/1451269779"},"geometry":{"type":"Point","coordinates":[72.8172145,18.9810454]}},{"type":"Feature","id":"way/1451269782","properties":{"leisure":"pitch","sport":"basketball","id":"way/1451269782"},"geometry":{"type":"Point","coordinates":[72.8138436,18.9790477]}},{"type":"Feature","id":"way/1453880222","properties":{"leisure":"park","name":"Elephant Enclosure","operator":"Byculla Zoo","operator:type":"government","id":"way/1453880222"},"geometry":{"type":"Point","coordinates":[72.8358074,18.9799175]}},{"type":"Feature","id":"way/1455965110","properties":{"addr:city":"mumbai","addr:district":"Mumbai","addr:housenumber":"28","addr:postcode":"400016","addr:street":"Taikalwadi Marg","amenity":"place_of_worship","building":"yes","name":"ganpati mandir","religion":"hindu","service_times":"6am-7pm","id":"way/1455965110"},"geometry":{"type":"Point","coordinates":[72.8424591,19.0285909]}},{"type":"Feature","id":"way/1457063703","properties":{"amenity":"police","building":"yes","name":"Chhota Sonapur Police Chowki","id":"way/1457063703"},"geometry":{"type":"Point","coordinates":[72.8245923,18.9619923]}},{"type":"Feature","id":"way/1457063707","properties":{"amenity":"place_of_worship","building":"yes","name":"Pochamma Devi Temple","religion":"hindu","id":"way/1457063707"},"geometry":{"type":"Point","coordinates":[72.8273619,18.965687]}},{"type":"Feature","id":"way/1457063708","properties":{"leisure":"playground","name":"VR Tulla Playground","id":"way/1457063708"},"geometry":{"type":"Point","coordinates":[72.8268628,18.9660192]}},{"type":"Feature","id":"way/1457063710","properties":{"amenity":"place_of_worship","building":"yes","name":"Haji Karim Shah Dargah","religion":"muslim","id":"way/1457063710"},"geometry":{"type":"Point","coordinates":[72.8253413,18.962386]}},{"type":"Feature","id":"way/1457667524","properties":{"leisure":"pitch","sport":"tennis","id":"way/1457667524"},"geometry":{"type":"Point","coordinates":[72.8366169,18.9657283]}},{"type":"Feature","id":"way/1457667529","properties":{"amenity":"place_of_worship","building":"yes","name":"Raza Jame Masjid","religion":"muslim","source":"GPS","id":"way/1457667529"},"geometry":{"type":"Point","coordinates":[72.8308333,18.9584227]}},{"type":"Feature","id":"way/1458934399","properties":{"leisure":"playground","id":"way/1458934399"},"geometry":{"type":"Point","coordinates":[72.8322768,18.9937457]}},{"type":"Feature","id":"way/1459272137","properties":{"access":"yes","amenity":"bench","armrest":"no","backrest":"no","material":"stone","seats":"50","id":"way/1459272137"},"geometry":{"type":"Point","coordinates":[72.8477462,19.0179256]}},{"type":"Feature","id":"way/1459272138","properties":{"access":"yes","amenity":"bench","armrest":"no","backrest":"no","material":"stone","seats":"18","id":"way/1459272138"},"geometry":{"type":"Point","coordinates":[72.8479675,19.0178207]}},{"type":"Feature","id":"way/1463026801","properties":{"leisure":"park","name":"Science Park","id":"way/1463026801"},"geometry":{"type":"Point","coordinates":[72.8199941,18.9913276]}},{"type":"Feature","id":"way/1463026802","properties":{"leisure":"playground","id":"way/1463026802"},"geometry":{"type":"Point","coordinates":[72.8195219,18.9911044]}},{"type":"Feature","id":"way/1463026804","properties":{"amenity":"parking","id":"way/1463026804"},"geometry":{"type":"Point","coordinates":[72.819292,18.9909418]}},{"type":"Feature","id":"way/1467124200","properties":{"leisure":"swimming_pool","sport":"swimming","id":"way/1467124200"},"geometry":{"type":"Point","coordinates":[72.8114228,18.9885657]}},{"type":"Feature","id":"way/1469064983","properties":{"leisure":"garden","id":"way/1469064983"},"geometry":{"type":"Point","coordinates":[72.8228977,18.9706253]}},{"type":"Feature","id":"way/1469075452","properties":{"amenity":"fuel","brand":"Bharat Petroleum","brand:wikidata":"Q854826","building":"roof","name":"Bharat Petroleum","payment:cash":"yes","payment:upi":"yes","id":"way/1469075452"},"geometry":{"type":"Point","coordinates":[72.8162906,18.9538511]}},{"type":"Feature","id":"way/1469075462","properties":{"amenity":"car_wash","automated":"no","building":"yes","self_service":"no","id":"way/1469075462"},"geometry":{"type":"Point","coordinates":[72.8161989,18.9539408]}},{"type":"Feature","id":"way/1471965392","properties":{"addr:district":"Mumbai","addr:full":"698-B,Ranade Road, Dadar","addr:postcode":"400028","addr:state":"Maharashtra","amenity":"hospital","healthcare":"hospital","name":"Shushrusha Citizens Co-Op Hospital Ltd.","source":"OpenGovernmentData","id":"way/1471965392"},"geometry":{"type":"Point","coordinates":[72.8378165,19.0233568]}},{"type":"Feature","id":"way/1473196643","properties":{"amenity":"shelter","building":"roof","roof:colour":"blue","roof:material":"metal","roof:shape":"butterfly","shelter_type":"public_transport","id":"way/1473196643"},"geometry":{"type":"Point","coordinates":[72.8459452,19.0249492]}},{"type":"Feature","id":"way/1473196644","properties":{"amenity":"shelter","building":"roof","roof:colour":"blue","roof:material":"metal","roof:shape":"butterfly","shelter_type":"public_transport","id":"way/1473196644"},"geometry":{"type":"Point","coordinates":[72.8454797,19.0237855]}},{"type":"Feature","id":"way/1483365509","properties":{"building":"yes","name":"Hotel Adarsh Baug","tourism":"hotel","id":"way/1483365509"},"geometry":{"type":"Point","coordinates":[72.8278597,18.9513403]}},{"type":"Feature","id":"way/1483735970","properties":{"amenity":"place_of_worship","building":"yes","denomination":"digambar","name":"Shri Chandraprabh Digambar Jain Mandir","religion":"jain","id":"way/1483735970"},"geometry":{"type":"Point","coordinates":[72.8275374,18.9532136]}},{"type":"Feature","id":"way/1484920372","properties":{"amenity":"place_of_worship","building":"yes","name":"Bhuleshwar Mahadev Mandir","religion":"hindu","id":"way/1484920372"},"geometry":{"type":"Point","coordinates":[72.8285079,18.9528714]}},{"type":"Feature","id":"way/1488973545","properties":{"access":"yes","leisure":"playground","id":"way/1488973545"},"geometry":{"type":"Point","coordinates":[72.8338376,19.0496346]}},{"type":"Feature","id":"way/1489064944","properties":{"leisure":"swimming_pool","id":"way/1489064944"},"geometry":{"type":"Point","coordinates":[72.8173393,18.9684989]}},{"type":"Feature","id":"way/1489064957","properties":{"amenity":"fuel","brand":"Bharat Petroleum","brand:wikidata":"Q854826","name":"Bharat Petroleum","id":"way/1489064957"},"geometry":{"type":"Point","coordinates":[72.8198087,18.9645712]}},{"type":"Feature","id":"way/1489064959","properties":{"leisure":"garden","id":"way/1489064959"},"geometry":{"type":"Point","coordinates":[72.8202116,18.9645706]}},{"type":"Feature","id":"way/1489064961","properties":{"amenity":"place_of_worship","building":"yes","religion":"muslim","id":"way/1489064961"},"geometry":{"type":"Point","coordinates":[72.8212146,18.9637416]}},{"type":"Feature","id":"way/1489064963","properties":{"building":"yes","email":"hotelorientregency@gmail.com","name":"Hotel Orient Regency","name:en":"Hotel Orient Regency","name:mr":"हॉटेल ओरिएंट रीजेंसी","phone":"+91 022 2308 1401;+91 022 2308 1402;+91 022 2308 1403;+91 022 2308 1404","tourism":"hotel","website":"https://hotelorientregency.com/","id":"way/1489064963"},"geometry":{"type":"Point","coordinates":[72.8226485,18.9619956]}},{"type":"Feature","id":"way/1490038299","properties":{"access":"private","leisure":"swimming_pool","length":"25","level":"7","lit":"yes","location":"roof","swimming_pool":"swimming","id":"way/1490038299"},"geometry":{"type":"Point","coordinates":[72.8291066,19.0041854]}},{"type":"Feature","id":"way/1491318915","properties":{"amenity":"school","education":"school","name":"Chotani Road Municipal High School","name:en":"Chotani Road Municipal High School","id":"way/1491318915"},"geometry":{"type":"Point","coordinates":[72.844358,19.0388027]}},{"type":"Feature","id":"way/1491798917","properties":{"amenity":"place_of_worship","building":"yes","name":"GrantRoad Masjid","religion":"muslim","id":"way/1491798917"},"geometry":{"type":"Point","coordinates":[72.8167603,18.9617155]}},{"type":"Feature","id":"way/1493704365","properties":{"leisure":"swimming_pool","id":"way/1493704365"},"geometry":{"type":"Point","coordinates":[72.8288663,19.0186676]}},{"type":"Feature","id":"way/1493704370","properties":{"leisure":"swimming_pool","id":"way/1493704370"},"geometry":{"type":"Point","coordinates":[72.8258855,19.0162167]}},{"type":"Feature","id":"way/1493704371","properties":{"leisure":"swimming_pool","id":"way/1493704371"},"geometry":{"type":"Point","coordinates":[72.8247785,19.0177135]}},{"type":"Feature","id":"way/1498361383","properties":{"amenity":"fountain","id":"way/1498361383"},"geometry":{"type":"Point","coordinates":[72.8300201,19.0051845]}},{"type":"Feature","id":"way/1519034553","properties":{"addr:city":"Mumbai","addr:postcode":"400007","addr:street":"Marine Drive","amenity":"events_venue","building":"yes","name":"Birla Krida Kendra","id":"way/1519034553"},"geometry":{"type":"Point","coordinates":[72.8148116,18.9537628]}},{"type":"Feature","id":"way/1523993876","properties":{"amenity":"parking","parking":"street_side","id":"way/1523993876"},"geometry":{"type":"Point","coordinates":[72.8293692,19.0039177]}},{"type":"Feature","id":"way/1523993877","properties":{"amenity":"fountain","drinking_water":"no","fountain":"decorative","height":"10","operator":"Lodha","id":"way/1523993877"},"geometry":{"type":"Point","coordinates":[72.8285069,19.0057705]}},{"type":"Feature","id":"way/1523993879","properties":{"access":"private","building":"yes","building:levels":"3","floor":"7","leisure":"fitness_centre","location":"roof","name":"Jewel Clubhouse","opening_hours":"06:00-22:00","id":"way/1523993879"},"geometry":{"type":"Point","coordinates":[72.8291592,19.0045507]}},{"type":"Feature","id":"way/1534980099","properties":{"amenity":"fuel","brand":"Bharat Petroleum","brand:wikidata":"Q854826","name":"Bharat Petroleum","self_service":"no","id":"way/1534980099"},"geometry":{"type":"Point","coordinates":[72.8492976,18.9986807]}},{"type":"Feature","id":"way/1536187896","properties":{"leisure":"track","sport":"horse_racing","id":"way/1536187896"},"geometry":{"type":"Point","coordinates":[72.8199986,18.9844351]}},{"type":"Feature","id":"way/1550412166","properties":{"addr:city":"Naigaon, Dadar(East), Mumbai","addr:district":"Mumbai","addr:postcode":"400014","addr:street":"S S Wagh Road (Morbaugh Road)","air_conditioning":"no","amenity":"place_of_worship","building":"yes","name":"Naigaonchya Vighnaharta","name:mr":"नायगांवचा विघ्नहर्ता","religion":"hindu","id":"way/1550412166"},"geometry":{"type":"Point","coordinates":[72.847673,19.0109783]}},{"type":"Feature","id":"way/1550541157","properties":{"addr:city":"Naigaon, Old B.D.D. Chawl Dadar(East), Mumbai","addr:district":"Mumbai","addr:postcode":"400014","addr:street":"S M Jadhav Road (Road No 2)","amenity":"place_of_worship","building":"yes","name":"Vyghreshwar Mandir","name:hi":"व्यघ्रेश्वर मंदिर","name:mr":"व्यघ्रेश्वर मंदिर","religion":"hindu","id":"way/1550541157"},"geometry":{"type":"Point","coordinates":[72.8442527,19.0116504]}},{"type":"Feature","id":"way/1550742918","properties":{"addr:city":"Naigaon, Dadar(East), Mumbai","addr:district":"Mumbai","addr:postcode":"400014","addr:street":"V V D Buva Road","amenity":"place_of_worship","building":"yes","religion":"hindu","id":"way/1550742918"},"geometry":{"type":"Point","coordinates":[72.847415,19.0116038]}},{"type":"Feature","id":"way/1550742921","properties":{"addr:city":"Naigaon, Dadar(East), Mumbai","addr:district":"Mumbai","addr:postcode":"400014","addr:street":"S S Wagh Road (Morbaugh Road)","air_conditioning":"no","building":"commercial","name":"Kiran Stores","payment:cash":"yes","shop":"yes","id":"way/1550742921"},"geometry":{"type":"Point","coordinates":[72.8468871,19.0110607]}},{"type":"Feature","id":"way/1551995795","properties":{"leisure":"sports_centre","sport":"karting","id":"way/1551995795"},"geometry":{"type":"Point","coordinates":[72.8266646,19.0048299]}},{"type":"Feature","id":"way/1551995796","properties":{"leisure":"playground","id":"way/1551995796"},"geometry":{"type":"Point","coordinates":[72.8279283,19.005746]}},{"type":"Feature","id":"way/1551995797","properties":{"leisure":"pitch","sport":"tennis","id":"way/1551995797"},"geometry":{"type":"Point","coordinates":[72.8281757,19.0060114]}},{"type":"Feature","id":"way/1554739072","properties":{"addr:city":"Mumbai","addr:district":"Mumbai","addr:housenumber":"23","addr:postcode":"400033","addr:street":"Shrikanth Hadkar Marg","leisure":"park","name":"poonaam park","opening_hours":"03:00-07:00","id":"way/1554739072"},"geometry":{"type":"Point","coordinates":[72.844243,18.9889452]}},{"type":"Feature","id":"node/1639037312","properties":{"addr:postcode":"400007","addr:street":"Dr N A Purandare Marg (Chowpatty Sea Face)","amenity":"pub","name":"Ideal Cafe","name:en":"Cafe Ideal","opening_hours":"Mo-Su 08:00-00:00","phone":"022 2363 0943","website":"http://mumbai.burrp.com/listing/cafe-ideal_chowpatty_mumbai_bars-pubs-restaurants/198107811","wheelchair":"no","id":"node/1639037312"},"geometry":{"type":"Point","coordinates":[72.8131297,18.9557202]}},{"type":"Feature","id":"node/1639037314","properties":{"check_date":"2026-03-20","name":"Pitambra Power","phone":"9821580312","shop":"battery","id":"node/1639037314"},"geometry":{"type":"Point","coordinates":[72.8164556,18.9603218]}},{"type":"Feature","id":"node/1646526516","properties":{"name":"Samyukta Maharashtra Daalan","tourism":"museum","id":"node/1646526516"},"geometry":{"type":"Point","coordinates":[72.8365824,19.0279945]}},{"type":"Feature","id":"node/1646526594","properties":{"artwork_type":"statue","name":"Chhatrapati Shivaji Maharaj","tourism":"artwork","id":"node/1646526594"},"geometry":{"type":"Point","coordinates":[72.8372671,19.0278184]}},{"type":"Feature","id":"node/1650382549","properties":{"name":"Hilltop","source":"AND","tourism":"hotel","id":"node/1650382549"},"geometry":{"type":"Point","coordinates":[72.8179021,19.0101]}},{"type":"Feature","id":"node/1704060904","properties":{"addr:postcode":"400007","amenity":"restaurant","name":"New York Restaurant & Bar","wifi":"no","id":"node/1704060904"},"geometry":{"type":"Point","coordinates":[72.8109515,18.9579491]}},{"type":"Feature","id":"node/1977972184","properties":{"addr:housename":"Race Course, Opp. Gate #5","addr:postcode":"400034","addr:street":"Rao Khadye Marg","amenity":"restaurant","cuisine":"indian","name":"Tote on the Turf","website":"https://www.thetote.in/","id":"node/1977972184"},"geometry":{"type":"Point","coordinates":[72.8232049,18.9819716]}},{"type":"Feature","id":"node/2128607195","properties":{"bus":"yes","highway":"bus_stop","name":"Mahim Church","name:en":"Mahim Church","operator":"BEST","public_transport":"platform","ref":"19168","shelter":"yes","id":"node/2128607195"},"geometry":{"type":"Point","coordinates":[72.8409951,19.0412534]}},{"type":"Feature","id":"node/2128607198","properties":{"bench":"yes","bin":"no","bus":"yes","highway":"bus_stop","name":"Mahim","public_transport":"platform","shelter":"yes","id":"node/2128607198"},"geometry":{"type":"Point","coordinates":[72.8416791,19.0398372]}},{"type":"Feature","id":"node/2131895195","properties":{"amenity":"cafe","brand":"Cafe Coffee Day","brand:wikidata":"Q5017235","brand:wikipedia":"en:Café Coffee Day","cuisine":"coffee_shop","name":"Cafe Coffee Day","takeaway":"yes","id":"node/2131895195"},"geometry":{"type":"Point","coordinates":[72.8382235,19.029206]}},{"type":"Feature","id":"node/2163597903","properties":{"name":"Dadar (Central)","name:en":"Dadar (Central)","name:hi":"दादर (सेंट्रल)","name:mr":"दादर (सेंट्रल)","public_transport":"stop_position","railway":"stop","ref":"11","train":"yes","id":"node/2163597903"},"geometry":{"type":"Point","coordinates":[72.8431541,19.0172196]}},{"type":"Feature","id":"node/2176850501","properties":{"alt_name":"Masjid Bunder","alt_name:en":"Masjid Bunder","alt_name:hi":"मस्जिद बंदर;मशीद बंदर","alt_name:mr":"मस्जिद बंदर","name":"Masjid","name:en":"Masjid","name:hi":"मस्जिद","name:mr":"मस्जिद","official_name:hi":"मशीद","public_transport":"stop_position","railway":"stop","ref":"2","train":"yes","id":"node/2176850501"},"geometry":{"type":"Point","coordinates":[72.8381797,18.9518303]}},{"type":"Feature","id":"node/2177958513","properties":{"name":"Al Haram","source":"AND","tourism":"hotel","id":"node/2177958513"},"geometry":{"type":"Point","coordinates":[72.8346213,18.9548493]}},{"type":"Feature","id":"node/2177958514","properties":{"name":"Al Mazin","source":"AND","tourism":"hotel","id":"node/2177958514"},"geometry":{"type":"Point","coordinates":[72.8370461,18.9552772]}},{"type":"Feature","id":"node/2178025599","properties":{"IR:zone":"WR:CCG","local_ref":"5","name":"Mumbai Central","name:hi":"मुम्बई सेन्ट्रल","name:mr":"मुंबई सेंट्रल","network":"WR","operator":"IR","public_transport":"stop_position","railway":"stop","ref":"MMCT","train":"yes","id":"node/2178025599"},"geometry":{"type":"Point","coordinates":[72.8195845,18.9700757]}},{"type":"Feature","id":"node/2178025600","properties":{"IR:zone":"WR:CCG","local_ref":"4","name":"Mumbai Central","name:hi":"मुम्बई सेन्ट्रल","name:mr":"मुंबई सेंट्रल","network":"WR","operator":"IR","public_transport":"stop_position","railway":"stop","ref":"MMCT","train":"yes","id":"node/2178025600"},"geometry":{"type":"Point","coordinates":[72.8195436,18.9700768]}},{"type":"Feature","id":"node/2178025601","properties":{"IR:zone":"WR:CCG","local_ref":"3","name":"Mumbai Central","name:hi":"मुम्बई सेन्ट्रल","name:mr":"मुंबई सेंट्रल","network":"WR","operator":"IR","public_transport":"stop_position","railway":"stop","ref":"MMCT","train":"yes","id":"node/2178025601"},"geometry":{"type":"Point","coordinates":[72.8193557,18.9700908]}},{"type":"Feature","id":"node/2178025602","properties":{"IR:zone":"WR:CCG","local_ref":"2","name":"Mumbai Central","name:hi":"मुम्बई सेन्ट्रल","name:mr":"मुंबई सेंट्रल","network":"WR","operator":"IR","public_transport":"stop_position","railway":"stop","ref":"MMCT","train":"yes","id":"node/2178025602"},"geometry":{"type":"Point","coordinates":[72.8193067,18.970091]}},{"type":"Feature","id":"node/2178163576","properties":{"internet_access":"no","name":"Sandhurst Road","name:en":"Sandhurst Road","name:hi":"सैंडहर्स्ट रोड","name:ml":"സാൻഡ്ഹർസ്റ്റ് റോഡ്","name:mr":"सँडहर्स्ट रोड","network":"IR","operator":"CR","public_transport":"station","railway":"station","ref":"SNRD","start_date":"1925-02-01","train":"yes","wikidata":"Q5226365","wikipedia":"en:Sandhurst Road railway station","id":"node/2178163576"},"geometry":{"type":"Point","coordinates":[72.8393719,18.9609243]}},{"type":"Feature","id":"node/2178163625","properties":{"name":"Sandhurst Road","name:en":"Sandhurst Road","name:hi":"सैंडहर्स्ट रोड","name:ml":"സാൻഡ്ഹർസ്റ്റ് റോഡ്","name:mr":"सँडहर्स्ट रोड","public_transport":"stop_position","railway":"stop","ref":"4","train":"yes","id":"node/2178163625"},"geometry":{"type":"Point","coordinates":[72.8395868,18.9608485]}},{"type":"Feature","id":"node/2178163626","properties":{"name":"Sandhurst Road","name:en":"Sandhurst Road","name:hi":"सैंडहर्स्ट रोड","name:ml":"സാൻഡ്ഹർസ്റ്റ് റോഡ്","name:mr":"सँडहर्स्ट रोड","public_transport":"stop_position","railway":"stop","ref":"3","train":"yes","id":"node/2178163626"},"geometry":{"type":"Point","coordinates":[72.8395412,18.9608688]}},{"type":"Feature","id":"node/2178254482","properties":{"name":"Byculla","name:en":"Byculla","name:hi":"भायखला","name:mr":"भायखळा","public_transport":"stop_position","railway":"stop","train":"yes","id":"node/2178254482"},"geometry":{"type":"Point","coordinates":[72.8326776,18.9765515]}},{"type":"Feature","id":"node/2178254483","properties":{"name":"Byculla","name:en":"Byculla","name:hi":"भायखला","name:mr":"भायखळा","public_transport":"stop_position","railway":"stop","train":"yes","id":"node/2178254483"},"geometry":{"type":"Point","coordinates":[72.8328591,18.9765534]}},{"type":"Feature","id":"node/2178269313","properties":{"IR:zone":"WR:CCG","local_ref":"4","name":"Mumbai Central (local)","name:hi":"मुम्बई सेन्ट्रल","name:mr":"मुंबई सेंट्रल","network":"WR","old_name":"Bellasis Road","operator":"IR","public_transport":"stop_position","railway":"stop","ref":"MMCT","train":"yes","id":"node/2178269313"},"geometry":{"type":"Point","coordinates":[72.8190255,18.9706926]}},{"type":"Feature","id":"node/2178269316","properties":{"IR:zone":"WR:CCG","local_ref":"3","name":"Mumbai Central (local)","name:hi":"मुम्बई सेन्ट्रल","name:mr":"मुंबई सेंट्रल","network":"WR","old_name":"Bellasis Road","operator":"IR","public_transport":"stop_position","railway":"stop","ref":"MMCT","train":"yes","id":"node/2178269316"},"geometry":{"type":"Point","coordinates":[72.8188911,18.9707063]}},{"type":"Feature","id":"node/2187426666","properties":{"shop":"hairdresser","id":"node/2187426666"},"geometry":{"type":"Point","coordinates":[72.8232338,19.0159796]}},{"type":"Feature","id":"node/2187427782","properties":{"shop":"florist","id":"node/2187427782"},"geometry":{"type":"Point","coordinates":[72.8231265,19.0129569]}},{"type":"Feature","id":"node/2187427888","properties":{"amenity":"pharmacy","healthcare":"pharmacy","name":"Chemist","id":"node/2187427888"},"geometry":{"type":"Point","coordinates":[72.824135,19.015229]}},{"type":"Feature","id":"node/2273540883","properties":{"addr:housename":"Anand Sagar Building","addr:postcode":"400016","addr:street":"T.H. Karatia Marg, Mogul lane","air_conditioning":"yes","amenity":"restaurant","changing_table":"no","diet:vegetarian":"only","internet_access":"no","internet_access:fee":"no","level":"0","name":"Ganga Vihar Restaurant","takeaway":"yes","toilets:access":"customers","wheelchair":"no","id":"node/2273540883"},"geometry":{"type":"Point","coordinates":[72.845472,19.0310254]}},{"type":"Feature","id":"node/2285872311","properties":{"bench":"yes","bin":"no","bus":"yes","highway":"bus_stop","name":"Nehru Tarangan","note":"pole","operator":"NMMT","public_transport":"platform","shelter":"yes","id":"node/2285872311"},"geometry":{"type":"Point","coordinates":[72.8137151,18.9889131]}},{"type":"Feature","id":"node/2285872332","properties":{"bench":"yes","bin":"no","bus":"yes","highway":"bus_stop","name":"Nehru Planetarium","name:en":"MS-533 (32)","operator":"BEST","public_transport":"platform","ref":"7189","shelter":"yes","id":"node/2285872332"},"geometry":{"type":"Point","coordinates":[72.8136659,18.9882372]}},{"type":"Feature","id":"node/2285872333","properties":{"bus":"yes","highway":"bus_stop","name":"Nehru Planetarium","operator":"BEST","public_transport":"platform","ref":"7187","id":"node/2285872333"},"geometry":{"type":"Point","coordinates":[72.8139442,18.9884103]}},{"type":"Feature","id":"node/2285872336","properties":{"bench":"yes","bin":"no","bus":"yes","highway":"bus_stop","name":"Nehru Planetarium","operator":"BEST","public_transport":"platform","ref":"7188","shelter":"yes","id":"node/2285872336"},"geometry":{"type":"Point","coordinates":[72.8136844,18.9885926]}},{"type":"Feature","id":"node/2285872337","properties":{"bus":"yes","highway":"bus_stop","name":"Nehru Planetarium","operator":"BEST","public_transport":"platform","ref":"7186","id":"node/2285872337"},"geometry":{"type":"Point","coordinates":[72.8139654,18.9887189]}},{"type":"Feature","id":"node/2285872340","properties":{"bench":"yes","bin":"no","bus":"yes","highway":"bus_stop","name":"Nehru Planetarium","operator":"BEST","public_transport":"platform","ref":"7191","shelter":"yes","id":"node/2285872340"},"geometry":{"type":"Point","coordinates":[72.8137178,18.9889645]}},{"type":"Feature","id":"node/2285872342","properties":{"bus":"yes","highway":"bus_stop","name":"Nehru Planetarium","operator":"BEST","public_transport":"platform","ref":"7185","id":"node/2285872342"},"geometry":{"type":"Point","coordinates":[72.813984,18.9889924]}},{"type":"Feature","id":"node/2285872343","properties":{"bus":"yes","highway":"bus_stop","name":"Nehru Planetarium","note":"pole","operator":"BEST","public_transport":"platform","id":"node/2285872343"},"geometry":{"type":"Point","coordinates":[72.8137307,18.9892201]}},{"type":"Feature","id":"node/2285872344","properties":{"bus":"yes","highway":"bus_stop","name":"Nehru Planetarium","operator":"BEST","public_transport":"platform","ref":"7192","id":"node/2285872344"},"geometry":{"type":"Point","coordinates":[72.8137387,18.9892703]}},{"type":"Feature","id":"node/2285872354","properties":{"bus":"yes","highway":"bus_stop","name":"Nehru Planetarium","operator":"BEST","public_transport":"platform","ref":"7194","id":"node/2285872354"},"geometry":{"type":"Point","coordinates":[72.8137762,18.9898692]}},{"type":"Feature","id":"node/2295901311","properties":{"bench":"yes","bin":"no","bus":"yes","highway":"bus_stop","lit":"yes","name":"Lotus Court","operator":"BEST","public_transport":"platform","ref":"7200","shelter":"yes","id":"node/2295901311"},"geometry":{"type":"Point","coordinates":[72.8143166,18.9867462]}},{"type":"Feature","id":"node/2295901312","properties":{"bench":"yes","bin":"no","bus":"yes","highway":"bus_stop","lit":"yes","name":"Lotus Court","operator":"BEST","public_transport":"platform","ref":"7198","shelter":"yes","id":"node/2295901312"},"geometry":{"type":"Point","coordinates":[72.8141724,18.9868455]}},{"type":"Feature","id":"node/2439495324","properties":{"amenity":"bus_station","bus":"yes","name":"Worli Village","name:mr":"वरळी गाव","public_transport":"station","id":"node/2439495324"},"geometry":{"type":"Point","coordinates":[72.8200827,19.0169158]}},{"type":"Feature","id":"node/2443092123","properties":{"internet_access":"no","name":"Dockyard Road","name:hi":"डॉकयार्ड रोड","network":"IR","operator":"CR","public_transport":"station","railway":"station","ref":"DKRD","wikidata":"Q5121871","wikipedia":"en:Dockyard Road railway station","id":"node/2443092123"},"geometry":{"type":"Point","coordinates":[72.8445477,18.9674767]}},{"type":"Feature","id":"node/2443096202","properties":{"internet_access":"no","name":"Reay Road","name:hi":"रे रोड","network":"IR","operator":"CR","public_transport":"station","railway":"station","ref":"RRD","wikidata":"Q5121780","wikipedia":"en:Reay Road railway station","id":"node/2443096202"},"geometry":{"type":"Point","coordinates":[72.8441011,18.9775506]}},{"type":"Feature","id":"node/2444001671","properties":{"internet_access":"no","name":"Currey Road","name:en":"Currey Road","name:hi":"करी रोड","name:ml":"കറി റോഡ്","name:mr":"करी रोड","network":"IR","operator":"WR","public_transport":"station","railway":"station","ref":"CRD","start_date":"1884-01-01","train":"yes","wikidata":"Q5121321","wikipedia":"en:Currey Road railway station","id":"node/2444001671"},"geometry":{"type":"Point","coordinates":[72.8328556,18.9937486]}},{"type":"Feature","id":"node/2446139795","properties":{"bench":"yes","bin":"no","bus":"yes","check_date:bench":"2025-12-19","covered":"yes","highway":"bus_stop","lit":"no","name":"Khodadad Circle","public_transport":"platform","ref":"02049","shelter":"yes","id":"node/2446139795"},"geometry":{"type":"Point","coordinates":[72.8473478,19.0169314]}},{"type":"Feature","id":"node/2446329357","properties":{"amenity":"place_of_worship","name":"Datta Mandir","religion":"hindu","id":"node/2446329357"},"geometry":{"type":"Point","coordinates":[72.8255167,19.0143222]}},{"type":"Feature","id":"node/2446353347","properties":{"bus":"yes","highway":"bus_stop","name":"Agar Bazaar","public_transport":"platform","id":"node/2446353347"},"geometry":{"type":"Point","coordinates":[72.8302866,19.0170699]}},{"type":"Feature","id":"node/2446353349","properties":{"bus":"yes","highway":"bus_stop","name":"Ravindra Natya Mandir","public_transport":"platform","id":"node/2446353349"},"geometry":{"type":"Point","coordinates":[72.8298764,19.0153724]}},{"type":"Feature","id":"node/2449734722","properties":{"amenity":"police","check_date":"2026-03-20","name":"Badhamkar Mark Police Station","id":"node/2449734722"},"geometry":{"type":"Point","coordinates":[72.8170666,18.9608206]}},{"type":"Feature","id":"node/2449757353","properties":{"bench":"no","bin":"no","bus":"yes","highway":"bus_stop","name":"Mount Mary Steps","name:en":"Mount Mary Steps","public_transport":"platform","shelter":"no","id":"node/2449757353"},"geometry":{"type":"Point","coordinates":[72.8250874,19.0481917]}},{"type":"Feature","id":"node/2457605417","properties":{"amenity":"school","check_date":"2026-03-20","name":"Edubridge International School","id":"node/2457605417"},"geometry":{"type":"Point","coordinates":[72.815365,18.9600399]}},{"type":"Feature","id":"node/2457605418","properties":{"amenity":"bank","atm":"yes","name":"North Kanara Bank","id":"node/2457605418"},"geometry":{"type":"Point","coordinates":[72.8172841,18.9581972]}},{"type":"Feature","id":"node/2457605419","properties":{"amenity":"atm","brand":"Yes Bank","brand:wikidata":"Q2040394","check_date":"2026-03-20","name":"Yes Bank","operator":"Yes Bank","operator:wikidata":"Q2040394","id":"node/2457605419"},"geometry":{"type":"Point","coordinates":[72.8169969,18.9587228]}},{"type":"Feature","id":"node/2457605420","properties":{"amenity":"bank","atm":"yes","brand":"ICICI Bank","brand:wikidata":"Q1653258","check_date":"2026-03-20","name":"ICICI Bank","short_name":"ICICI","id":"node/2457605420"},"geometry":{"type":"Point","coordinates":[72.8170226,18.9587891]}},{"type":"Feature","id":"node/2541800507","properties":{"check_date":"2026-03-20","email":"info@premjis.com","motorcycle:rental":"yes","motorcycle:repair":"yes","motorcycle:sales":"yes","name":"Allibhai Premji Tyrewalla","phone":"+91-(22)-23099313","shop":"motorcycle","website":"https://premjis.com/","id":"node/2541800507"},"geometry":{"type":"Point","coordinates":[72.818327,18.9635786]}},{"type":"Feature","id":"node/2622213367","properties":{"IR:zone":"WR:CCG","local_ref":"2","name":"Prabhadevi","name:hi":"प्रभादेवी","name:mr":"प्रभादेवी","network":"WR","operator":"IR","public_transport":"stop_position","railway":"stop","ref":"PBHD","train":"yes","id":"node/2622213367"},"geometry":{"type":"Point","coordinates":[72.8358523,19.0072999]}},{"type":"Feature","id":"node/2630075001","properties":{"internet_access":"no","name":"Byculla","name:en":"Byculla","name:hi":"भायखला","name:ml":"ബൈകുല്ല","name:mr":"भायखळा","network":"IR","operator":"CR","public_transport":"station","railway":"station","ref":"BY","start_date":"1892-07-01","train":"yes","wikidata":"Q5003980","wikipedia":"en:Byculla railway station","id":"node/2630075001"},"geometry":{"type":"Point","coordinates":[72.8327936,18.9766219]}},{"type":"Feature","id":"node/2630075002","properties":{"IR:zone":"WR:CCG","ele":"9","internet_access":"no","name":"Charni Road","name:hi":"चर्नी रोड","name:ml":"ചർണി റോഡ്","name:mr":"चर्नी रोड","network":"Mumbai Suburban Railway","network:wikidata":"Q3273422","operator":"WR","public_transport":"station","railway":"station","ref":"CYR","start_date":"1867","train":"yes","wikidata":"Q5121186","wikipedia":"en:Charni Road railway station","id":"node/2630075002"},"geometry":{"type":"Point","coordinates":[72.8182401,18.9518437]}},{"type":"Feature","id":"node/2630075003","properties":{"alt_name":"Dadar (Central)","alt_name:en":"Dadar (Central)","alt_name:hi":"दादर (सेंट्रल)","alt_name:mr":"दादर (सेंट्रल)","ele":"6.61","internet_access":"wlan","name":"Dadar","name:en":"Dadar","name:hi":"दादर","name:ml":"ദാദർ","name:mr":"दादर","network":"IR","operator":"CR","public_transport":"station","railway":"station","ref":"DR","start_date":"1868","train":"yes","wikidata":"Q5207922","wikipedia":"en:Dadar railway station","id":"node/2630075003"},"geometry":{"type":"Point","coordinates":[72.8430265,19.0173761]}},{"type":"Feature","id":"node/2630075004","properties":{"internet_access":"wlan","name":"Dadar","name:hi":"दादर","name:ml":"ദാദർ","name:mr":"दादर","network":"Mumbai Suburban Railway","network:wikidata":"Q3273422","operator":"WR","public_transport":"station","railway":"station","ref":"DDR","start_date":"1868","train":"yes","wikidata":"Q5207922","wikipedia":"en:Dadar railway station","id":"node/2630075004"},"geometry":{"type":"Point","coordinates":[72.8428479,19.0192269]}},{"type":"Feature","id":"node/2630075005","properties":{"IR:zone":"WR:CCG","internet_access":"no","name":"Mahim Junction","name:hi":"माहिम जंक्शन","name:ml":"മാഹിം ജംഗ്ഷൻ","name:mr":"माहिम जंक्शन","network":"Mumbai Suburban Railway","network:wikidata":"Q3273422","operator":"WR","public_transport":"station","railway":"station","ref":"MM","train":"yes","wikidata":"Q6734003","wikipedia":"en:Mahim Junction railway station","id":"node/2630075005"},"geometry":{"type":"Point","coordinates":[72.8466038,19.0406634]}},{"type":"Feature","id":"node/2630075008","properties":{"IR:zone":"WR:CCG","ele":"6.62","historic:name":"Bombay Central Terminal","historic:ref":"BCT","internet_access":"yes","name":"Mumbai Central","name:en":"Mumbai Central","name:hi":"मुंबई सेंट्रल","name:ml":"മുംബൈ സെൻട്രൽ","name:mr":"मुंबई सेंट्रल","network":"IR","old_name":"Bellasis Road","old_ref":"BCT","operator":"WR","public_transport":"station","railway":"station","ref":"MMCT","start_date":"1930-12-18","station":"terminal","train":"yes","wikidata":"Q3539796","wikipedia":"en:Mumbai Central railway station","id":"node/2630075008"},"geometry":{"type":"Point","coordinates":[72.8193152,18.9695855]}},{"type":"Feature","id":"node/2637276408","properties":{"amenity":"atm","check_date":"2026-03-20","id":"node/2637276408"},"geometry":{"type":"Point","coordinates":[72.821819,18.9685631]}},{"type":"Feature","id":"node/2637278019","properties":{"addr:city":"mumbai","addr:postcode":"400008","addr:street":"J Boman Behram Marg","amenity":"fast_food","brand":"McDonald's","brand:pa":"ਮੈਕਡੋਨਲਡ’ਜ਼","brand:ur":"مکڈونلڈز","brand:wikidata":"Q38076","brand:wikipedia":"en:McDonald's","brand:wikipedia:pa":"ਮੈਕਡੋਨਲਡ’ਜ਼","brand:wikipedia:ur":"مکڈونلڈز","check_date":"2026-03-20","cuisine":"burger","name":"McDonald's","name:pa":"ਮੈਕਡੋਨਲਡ’ਜ਼","name:ur":"مکڈونلڈز","opening_hours":"Mo-Su 09:00-21:00","takeaway":"yes","id":"node/2637278019"},"geometry":{"type":"Point","coordinates":[72.8238092,18.9680964]}},{"type":"Feature","id":"node/2638147450","properties":{"amenity":"bench","backrest":"yes","id":"node/2638147450"},"geometry":{"type":"Point","coordinates":[72.8060323,18.9563822]}},{"type":"Feature","id":"node/2638147451","properties":{"amenity":"bench","backrest":"yes","id":"node/2638147451"},"geometry":{"type":"Point","coordinates":[72.8059436,18.9563904]}},{"type":"Feature","id":"node/2726744170","properties":{"addr:city":"mumbai","addr:district":"Mumbai","addr:postcode":"400016","addr:street":"Taikalwadi Marg","amenity":"bank","atm":"yes","brand":"Bank of Baroda","brand:wikidata":"Q2003797","brand:wikipedia":"en:Bank of Baroda","name":"Bank of Baroda","name:en":"Bank of Baroda","opening_hours":"24/7","short_name":"BoB","website":"http://www.bankofbaroda.com","id":"node/2726744170"},"geometry":{"type":"Point","coordinates":[72.8412815,19.028724]}},{"type":"Feature","id":"node/2726744681","properties":{"amenity":"bank","brand":"HDFC Bank","brand:wikidata":"Q631047","brand:wikipedia":"en:HDFC Bank","name":"HDFC Bank","short_name":"HDFC","website":"https://www.hdfcbank.com","id":"node/2726744681"},"geometry":{"type":"Point","coordinates":[72.8415329,19.0297486]}},{"type":"Feature","id":"node/2726745266","properties":{"amenity":"atm","atm":"yes","brand":"HDFC Bank","brand:wikidata":"Q631047","brand:wikipedia":"en:HDFC Bank","name":"HDFC Bank","operator":"HDFC Bank","operator:wikidata":"Q631047","operator:wikipedia":"en:HDFC Bank","short_name":"HDFC","id":"node/2726745266"},"geometry":{"type":"Point","coordinates":[72.8414861,19.0297197]}},{"type":"Feature","id":"node/2726757528","properties":{"amenity":"bank","brand":"Bank of India","brand:wikidata":"Q2004439","brand:wikipedia":"en:Bank of India","name":"Bank of India","name:en":"Bank of India","short_name":"BoI","website":"https://www.bankofindia.co.in/","id":"node/2726757528"},"geometry":{"type":"Point","coordinates":[72.8416356,19.0300983]}},{"type":"Feature","id":"node/2730461094","properties":{"addr:city":"Mumbai","addr:housenumber":"18","addr:street":"YMCA Road (Club Back Road)","check_date":"2026-03-20","name":"YMCA International House","operator":"YMCA","phone":"+91 22 61540100","tourism":"hotel","website":"http://ymcabombay.com/branch/ymca-international-house/","id":"node/2730461094"},"geometry":{"type":"Point","coordinates":[72.8233555,18.9720126]}},{"type":"Feature","id":"node/2805238708","properties":{"addr:city":"Mumbai","addr:housenumber":"462","addr:postcode":"400013","addr:street":"Senapati Bapat Marg","amenity":"fast_food","brand":"McDonald's","brand:pa":"ਮੈਕਡੋਨਲਡ’ਜ਼","brand:ur":"مکڈونلڈز","brand:wikidata":"Q38076","brand:wikipedia":"en:McDonald's","brand:wikipedia:pa":"ਮੈਕਡੋਨਲਡ’ਜ਼","brand:wikipedia:ur":"مکڈونلڈز","check_date":"2026-03-20","cuisine":"burger","internet_access":"wlan","name":"McDonald's","name:pa":"ਮੈਕਡੋਨਲਡ’ਜ਼","name:ur":"مکڈونلڈز","takeaway":"yes","id":"node/2805238708"},"geometry":{"type":"Point","coordinates":[72.824539,18.994382]}},{"type":"Feature","id":"node/2805252929","properties":{"access":"customers","amenity":"parking_entrance","level":"0","parking":"multi-storey","id":"node/2805252929"},"geometry":{"type":"Point","coordinates":[72.8231916,18.9950215]}},{"type":"Feature","id":"node/2805271348","properties":{"amenity":"cafe","brand":"Cafe Coffee Day","brand:wikidata":"Q5017235","cuisine":"coffee_shop","name":"Cafe Coffee Day","takeaway":"yes","id":"node/2805271348"},"geometry":{"type":"Point","coordinates":[72.8251728,18.9989541]}},{"type":"Feature","id":"node/2805280648","properties":{"check_date":"2026-03-20","name":"Lifestyle","shop":"supermarket","id":"node/2805280648"},"geometry":{"type":"Point","coordinates":[72.8258048,18.9956825]}},{"type":"Feature","id":"node/2851477515","properties":{"name":"Maryam Milk Center","shop":"dairy","id":"node/2851477515"},"geometry":{"type":"Point","coordinates":[72.8259386,19.0479874]}},{"type":"Feature","id":"node/2851477516","properties":{"bench":"yes","bin":"no","bus":"yes","highway":"bus_stop","name":"St. Baptist House","name:en":"St. Baptist House","name:hi":"एस.टी बाप्टिस्ट हाउस","name:mr":"एस.टी बाप्टिस्ट हाउस","operator":"BEST","public_transport":"platform","shelter":"yes","id":"node/2851477516"},"geometry":{"type":"Point","coordinates":[72.8258507,19.0480965]}},{"type":"Feature","id":"node/2851477517","properties":{"denomination":"catholic","historic":"wayside_shrine","name":"St John The Baptist Shrine/Oratory","religion":"christian","start_date":"1781","tourism":"attraction","id":"node/2851477517"},"geometry":{"type":"Point","coordinates":[72.8258974,19.0481951]}},{"type":"Feature","id":"node/2851477523","properties":{"amenity":"veterinary","name":"Posh Vets","name:en":"Posh Vets","name:mr":"पॉश वेट्स","id":"node/2851477523"},"geometry":{"type":"Point","coordinates":[72.8259573,19.0487531]}},{"type":"Feature","id":"node/2851477524","properties":{"addr:street":"St John Baptist Road","amenity":"bank","atm":"yes","brand":"Federal Bank","brand:wikidata":"Q2044983","brand:wikipedia":"en:Federal Bank","check_date":"2023-10-20","name":"Federal Bank","name:en":"Federal Bank","website":"https://www.federalbank.co.in","id":"node/2851477524"},"geometry":{"type":"Point","coordinates":[72.8260458,19.0485821]}},{"type":"Feature","id":"node/2851477528","properties":{"amenity":"pharmacy","healthcare":"pharmacy","name":"Mount Medical Store","id":"node/2851477528"},"geometry":{"type":"Point","coordinates":[72.8263437,19.0497286]}},{"type":"Feature","id":"node/2851477529","properties":{"name":"Flour Mill","shop":"yes","id":"node/2851477529"},"geometry":{"type":"Point","coordinates":[72.826271,19.049561]}},{"type":"Feature","id":"node/2919862254","properties":{"addr:city":"Mumbai","addr:postcode":"400004","addr:street":"Khadilkar Marg (Kandewadi Lane)","amenity":"place_of_worship","name":"Mahalaxmi Mandir","religion":"hindu","id":"node/2919862254"},"geometry":{"type":"Point","coordinates":[72.8220083,18.9551014]}},{"type":"Feature","id":"node/2930714471","properties":{"addr:city":"mumbai","addr:postcode":"400089","addr:street":"A Merchant Road","amenity":"cafe","cuisine":"pizza","name":"Khans Cafe","smoking":"outside","id":"node/2930714471"},"geometry":{"type":"Point","coordinates":[72.8281085,18.9520692]}},{"type":"Feature","id":"node/2930722460","properties":{"addr:city":"mumbai","addr:postcode":"400089","addr:street":"Jagannath Shankarsheth Marg","amenity":"bank","atm":"yes","brand":"State Bank of India","brand:wikidata":"Q1340361","brand:wikipedia":"en:State Bank of India","name":"State Bank of India","short_name":"SBI","id":"node/2930722460"},"geometry":{"type":"Point","coordinates":[72.8257347,18.9530814]}},{"type":"Feature","id":"node/2930723087","properties":{"addr:city":"mumbai","addr:postcode":"400089","addr:street":"Mumba Devi Road","amenity":"restaurant","cuisine":"chicken_,fish,cafe","name":"shahil restaurant","id":"node/2930723087"},"geometry":{"type":"Point","coordinates":[72.82947,18.9515065]}},{"type":"Feature","id":"node/2930734687","properties":{"leisure":"park","name":"green park","id":"node/2930734687"},"geometry":{"type":"Point","coordinates":[72.8298996,18.9512251]}},{"type":"Feature","id":"node/3006890309","properties":{"amenity":"doctors","name":"Poly Clinic Matunga","id":"node/3006890309"},"geometry":{"type":"Point","coordinates":[72.8490328,19.0316432]}},{"type":"Feature","id":"node/3006891742","properties":{"name":"National Chemist","shop":"chemist","id":"node/3006891742"},"geometry":{"type":"Point","coordinates":[72.8384661,19.0325393]}},{"type":"Feature","id":"node/3202767480","properties":{"addr:city":"mumbai","addr:housenumber":"400043","addr:street":"govandi","amenity":"bank","atm":"yes","name":"badhoda bank","id":"node/3202767480"},"geometry":{"type":"Point","coordinates":[72.8302774,18.9563402]}},{"type":"Feature","id":"node/3205798464","properties":{"addr:city":"chembur","amenity":"cafe","fixme":"Survey opening and closing time, was \"12\".","name":"chanda cafe shop","smoking":"no","id":"node/3205798464"},"geometry":{"type":"Point","coordinates":[72.8360059,18.9532967]}},{"type":"Feature","id":"node/3214194358","properties":{"bench":"yes","bus":"yes","highway":"bus_stop","name":"Sharada Cinema","name:en":"Sharada Cinema","operator":"BEST","public_transport":"platform","ref":"02223","shelter":"yes","id":"node/3214194358"},"geometry":{"type":"Point","coordinates":[72.8462562,19.0141752]}},{"type":"Feature","id":"node/3278351288","properties":{"amenity":"toilets","id":"node/3278351288"},"geometry":{"type":"Point","coordinates":[72.8249972,18.9820773]}},{"type":"Feature","id":"node/3286301962","properties":{"addr:housenumber":"17/19","addr:street":"Mohammed Ali Road","name":"Al-Moazin","phone":"23478310/23475922","tourism":"hotel","id":"node/3286301962"},"geometry":{"type":"Point","coordinates":[72.8363847,18.9550484]}},{"type":"Feature","id":"node/3306535080","properties":{"amenity":"cafe","cuisine":"ice_cream","name":"Ice Cream Works","id":"node/3306535080"},"geometry":{"type":"Point","coordinates":[72.8147495,18.9546257]}},{"type":"Feature","id":"node/3306535086","properties":{"bus":"yes","public_transport":"stop_position","id":"node/3306535086"},"geometry":{"type":"Point","coordinates":[72.8149815,18.9543825]}},{"type":"Feature","id":"node/3306535087","properties":{"bench":"yes","bus":"yes","highway":"bus_stop","name":"Kamala Nehru Park","operator":"BEST","public_transport":"platform","shelter":"yes","id":"node/3306535087"},"geometry":{"type":"Point","coordinates":[72.8046207,18.955096]}},{"type":"Feature","id":"node/3306535088","properties":{"bench":"yes","bus":"yes","highway":"bus_stop","name":"Kamala Nehru Park","operator":"BEST","public_transport":"platform","shelter":"yes","id":"node/3306535088"},"geometry":{"type":"Point","coordinates":[72.8046198,18.9553643]}},{"type":"Feature","id":"node/3306535089","properties":{"amenity":"toilets","check_date":"2025-12-06","check_date:wheelchair":"2025-12-06","fee":"yes","wheelchair":"limited","id":"node/3306535089"},"geometry":{"type":"Point","coordinates":[72.8045932,18.9557504]}},{"type":"Feature","id":"node/3306535090","properties":{"bus":"yes","public_transport":"stop_position","id":"node/3306535090"},"geometry":{"type":"Point","coordinates":[72.8089986,18.9557422]}},{"type":"Feature","id":"node/3306535091","properties":{"amenity":"drinking_water","id":"node/3306535091"},"geometry":{"type":"Point","coordinates":[72.8056465,18.9567461]}},{"type":"Feature","id":"node/3306535092","properties":{"bus":"yes","public_transport":"stop_position","ref":"124","id":"node/3306535092"},"geometry":{"type":"Point","coordinates":[72.8115689,18.9771648]}},{"type":"Feature","id":"node/3306535093","properties":{"amenity":"fuel","brand":"Bharat Petroleum","id":"node/3306535093"},"geometry":{"type":"Point","coordinates":[72.8108602,18.9781036]}},{"type":"Feature","id":"node/3313013696","properties":{"amenity":"restaurant","cuisine":"indian","name:en":"Hindustan Restaurant","id":"node/3313013696"},"geometry":{"type":"Point","coordinates":[72.8341346,18.9549763]}},{"type":"Feature","id":"node/3313013697","properties":{"tourism":"viewpoint","id":"node/3313013697"},"geometry":{"type":"Point","coordinates":[72.8058714,18.9555618]}},{"type":"Feature","id":"node/3333491792","properties":{"amenity":"bank","atm":"yes","name":"RBS Office","note":"414, Empire Complex, Senapati Bapat Marg, Lower Parel (W) Mumbai, Maharashtra 400013","id":"node/3333491792"},"geometry":{"type":"Point","coordinates":[72.8277738,19.0010949]}},{"type":"Feature","id":"node/3333491946","properties":{"amenity":"bank","atm":"no","brand":"Kotak Mahindra Bank","brand:wikidata":"Q2040404","brand:wikipedia":"en:Kotak Mahindra Bank","name":"Kotak Mahindra Bank","name:en":"Kotak Mahindra Bank","website":"https://www.kotak.com/","id":"node/3333491946"},"geometry":{"type":"Point","coordinates":[72.8275541,18.9987452]}},{"type":"Feature","id":"node/3420965905","properties":{"leisure":"park","id":"node/3420965905"},"geometry":{"type":"Point","coordinates":[72.8145625,18.9671423]}},{"type":"Feature","id":"node/3462327239","properties":{"IR:zone":"WR:CCG","historic:ref":"EPR","internet_access":"no","name":"Prabhadevi","name:hi":"प्रभादेवी","name:ml":"പ്രഭാദേവി","name:mr":"प्रभादेवी","name:mr:--2018-07-19":"एलफिन्सटन रोड","network":"Mumbai Suburban Railway","network:wikidata":"Q3273422","official_name":"Prabhadevi","old_name":"Elphinstone Road","operator":"WR","public_transport":"station","railway":"station","ref":"PBHD","start_date":"1867","train":"yes","wikidata":"Q5367292","wikipedia":"en:Parel-Prabhadevi railway station","id":"node/3462327239"},"geometry":{"type":"Point","coordinates":[72.8358965,19.0074717]}},{"type":"Feature","id":"node/3464562701","properties":{"bus":"yes","highway":"bus_stop","name":"Mayors Bungalow","operator":"BEST","public_transport":"platform","shelter":"yes","id":"node/3464562701"},"geometry":{"type":"Point","coordinates":[72.8374441,19.0285848]}},{"type":"Feature","id":"node/3501418211","properties":{"ele":"4.80","internet_access":"no","name":"Chinchpokli","name:en":"Chinchpokli","name:hi":"चिंचपोकली","name:ml":"ചിഞ്ച്പൊക്ലി","name:mr":"चिंचपोकळी","network":"IR","operator":"CR","public_transport":"station","railway":"station","ref":"CHG","start_date":"1867-12-09","train":"yes","wikidata":"Q5100314","wikipedia":"en:Chinchpokli railway station","id":"node/3501418211"},"geometry":{"type":"Point","coordinates":[72.8326716,18.9871984]}},{"type":"Feature","id":"node/3501418212","properties":{"IR:zone":"CR:CSMT","alt_name":"Parel Terminus","ele":"5.935","internet_access":"no","name":"Parel","name:en":"Parel","name:hi":"परेल","name:ml":"പരൾ","name:mr":"परळ","network":"IR","operator":"WR","public_transport":"station","railway":"station","ref":"PR","start_date":"1867-12-09","train":"yes","wikidata":"Q118610698","wikipedia":"en:Parel railway station","id":"node/3501418212"},"geometry":{"type":"Point","coordinates":[72.8376614,19.0094817]}},{"type":"Feature","id":"node/3501418269","properties":{"alt_name":"Masjid Bunder","alt_name:en":"Masjid Bunder","alt_name:hi":"मस्जिद बंदर;मशीद बंदर","alt_name:mr":"मस्जिद बंदर","name":"Masjid","name:en":"Masjid","name:hi":"मस्जिद","name:mr":"मस्जिद","official_name:hi":"मशीद","public_transport":"stop_position","railway":"stop","ref":"4","train":"yes","id":"node/3501418269"},"geometry":{"type":"Point","coordinates":[72.838314,18.9518333]}},{"type":"Feature","id":"node/3501419203","properties":{"name":"Sandhurst Road","name:en":"Sandhurst Road","name:hi":"सैंडहर्स्ट रोड","name:ml":"സാൻഡ്ഹർസ്റ്റ് റോഡ്","name:mr":"सँडहर्स्ट रोड","public_transport":"stop_position","railway":"stop","ref":"2","train":"yes","id":"node/3501419203"},"geometry":{"type":"Point","coordinates":[72.8394605,18.9618507]}},{"type":"Feature","id":"node/3501419615","properties":{"name":"Byculla","name:en":"Byculla","name:hi":"भायखला","name:mr":"भायखळा","public_transport":"stop_position","railway":"stop","train":"yes","id":"node/3501419615"},"geometry":{"type":"Point","coordinates":[72.8328865,18.9765536]}},{"type":"Feature","id":"node/3501419617","properties":{"name":"Byculla","name:en":"Byculla","name:hi":"भायखला","name:mr":"भायखळा","public_transport":"stop_position","railway":"stop","train":"yes","id":"node/3501419617"},"geometry":{"type":"Point","coordinates":[72.8327203,18.9765511]}},{"type":"Feature","id":"node/3501419652","properties":{"level":"-1","name":"Chinchpokli","name:en":"Chinchpokli","name:hi":"चिंचपोकली","name:ml":"ചിഞ്ച്പൊക്ലി","name:mr":"चिंचपोकळी","public_transport":"stop_position","railway":"stop","train":"yes","id":"node/3501419652"},"geometry":{"type":"Point","coordinates":[72.8328365,18.987134]}},{"type":"Feature","id":"node/3501419682","properties":{"name":"Dadar (Central)","name:en":"Dadar (Central)","name:hi":"दादर (सेंट्रल)","name:mr":"दादर (सेंट्रल)","public_transport":"stop_position","railway":"stop","ref":"9","train":"yes","id":"node/3501419682"},"geometry":{"type":"Point","coordinates":[72.8428869,19.0173566]}},{"type":"Feature","id":"node/3524847092","properties":{"addr:city":"Mumbai","addr:housenumber":"63A","addr:postcode":"400028","addr:street":"Gokhale Road North","name":"The Marine Sports","shop":"books","id":"node/3524847092"},"geometry":{"type":"Point","coordinates":[72.8311103,19.0174531]}},{"type":"Feature","id":"node/3524849445","properties":{"addr:city":"Mumbai","addr:housename":"Sakharam Kirpa","addr:housenumber":"255","addr:postcode":"400028","addr:street":"Gokhale Road North, Amarhind Mandal","amenity":"bank","name":"Oriental Bank Of Conmerce","id":"node/3524849445"},"geometry":{"type":"Point","coordinates":[72.8370142,19.0208616]}},{"type":"Feature","id":"node/3524849446","properties":{"name":"Rajhans Publishers","shop":"books","id":"node/3524849446"},"geometry":{"type":"Point","coordinates":[72.8369718,19.0208004]}},{"type":"Feature","id":"node/3524849447","properties":{"amenity":"atm","brand":"Bank of India","brand:wikidata":"Q2004439","brand:wikipedia":"en:Bank of India","name":"Bank of India","operator":"Bank of India","operator:wikidata":"Q2004439","operator:wikipedia":"en:Bank of India","id":"node/3524849447"},"geometry":{"type":"Point","coordinates":[72.8369202,19.0207003]}},{"type":"Feature","id":"node/3524849972","properties":{"name":"Facecutt","shop":"beauty","id":"node/3524849972"},"geometry":{"type":"Point","coordinates":[72.8371292,19.0207328]}},{"type":"Feature","id":"node/3806743188","properties":{"monorail":"yes","name":"Ambedkar Nagar","name:hi":"अम्बेडकर नगर","public_transport":"station","railway":"station","station":"monorail","wikidata":"Q23926706","id":"node/3806743188"},"geometry":{"type":"Point","coordinates":[72.8442272,19.0015921]}},{"type":"Feature","id":"node/3806743194","properties":{"alt_name":"Jacob Circle","alt_name:en":"Jacob Circle","monorail":"yes","name":"Sant Gadge Maharaj Chowk","name:en":"Sant Gadge Maharaj Chowk","public_transport":"station","railway":"station","station":"monorail","id":"node/3806743194"},"geometry":{"type":"Point","coordinates":[72.8285867,18.9830921]}},{"type":"Feature","id":"node/3806743195","properties":{"monorail":"yes","name":"Mint Colony","public_transport":"station","railway":"station","station":"monorail","wikidata":"Q63592634","id":"node/3806743195"},"geometry":{"type":"Point","coordinates":[72.8433086,18.9945142]}},{"type":"Feature","id":"node/3806743196","properties":{"monorail":"yes","name":"Naigaon","public_transport":"station","railway":"station","station":"monorail","wikidata":"Q63346704","id":"node/3806743196"},"geometry":{"type":"Point","coordinates":[72.8478709,19.0095393]}},{"type":"Feature","id":"node/3878645356","properties":{"addr:street":"Pedder Road (Gopalrao Deshmukh Marg)","amenity":"bank","atm":"yes","branch":"Pedder Road Branch","brand":"Axis Bank","check_date":"2023-10-19","highway":"traffic_signals","level":"0","name":"Axis Bank","opening_hours":"Mo-Sa 09:30-15:30; PH closed","operator":"Private","traffic_signals":"signal","traffic_signals:direction":"forward","id":"node/3878645356"},"geometry":{"type":"Point","coordinates":[72.8090317,18.9740459]}},{"type":"Feature","id":"node/3899362068","properties":{"amenity":"restaurant","name":"Light Of Bharat","id":"node/3899362068"},"geometry":{"type":"Point","coordinates":[72.8376485,19.0242417]}},{"type":"Feature","id":"node/3926507457","properties":{"amenity":"restaurant","check_date":"2026-03-20","name":"Tasting Room","phone":"+98 22 65 28 52 84","id":"node/3926507457"},"geometry":{"type":"Point","coordinates":[72.8229342,18.9932487]}},{"type":"Feature","id":"node/3978019387","properties":{"addr:city":"Mumbai","addr:housenumber":"165","addr:postcode":"400007","addr:street":"Lamington Street","check_date":"2026-03-20","name":"Hotel Kumkum","phone":"+912223072010","tourism":"hotel","website":"https://www.hotelkumkum.com/","id":"node/3978019387"},"geometry":{"type":"Point","coordinates":[72.8188506,18.9648362]}},{"type":"Feature","id":"node/3978876100","properties":{"addr:city":"Mumbai","addr:postcode":"400007","name":"Hotel Sapna","tourism":"hotel","id":"node/3978876100"},"geometry":{"type":"Point","coordinates":[72.8102978,18.957259]}},{"type":"Feature","id":"node/4055811989","properties":{"amenity":"fast_food","brand":"Burger King","brand:pa":"ਬਰਗਰ ਕਿੰਗ","brand:ur":"برگر کنگ","brand:wikidata":"Q177054","brand:wikipedia":"en:Burger King","brand:wikipedia:pa":"ਬਰਗਰ ਕਿੰਗ","brand:wikipedia:ur":"برگر کنگ","check_date":"2026-03-20","cuisine":"burger","name":"Burger King","name:pa":"ਬਰਗਰ ਕਿੰਗ","name:ru":"Бургер Кинг","name:ur":"برگر کنگ","takeaway":"yes","id":"node/4055811989"},"geometry":{"type":"Point","coordinates":[72.824616,18.994478]}},{"type":"Feature","id":"node/4084945107","properties":{"name":"origami centre","tourism":"artwork","id":"node/4084945107"},"geometry":{"type":"Point","coordinates":[72.8091485,18.9576809]}},{"type":"Feature","id":"node/4175335548","properties":{"addr:city":"Mumbai","addr:housenumber":"278","addr:postcode":"400007","addr:street":"Maulana Shaukat Ali Marg","contact:phone":"022-23018484","name":"Hotel Briteway","tourism":"hotel","id":"node/4175335548"},"geometry":{"type":"Point","coordinates":[72.8214647,18.9621067]}},{"type":"Feature","id":"node/4209578684","properties":{"addr:city":"mumbai","addr:postcode":"400008","addr:street":"J Boman Behram Marg (Bellasis Road)","alt_name":"Kentucky Fried Chicken","alt_name:en":"Kentucky Fried Chicken","alt_name:hi":"केंटुकी फ्राइड चिकन","alt_name:pa":"ਕੈਂਟੁਕੀ ਫ੍ਰਾਈਡ ਚਿਕਨ","alt_name:pnb":"کینٹکی فرائیڈ چکن","alt_name:ur":"کینٹکی فرائیڈ چکن","amenity":"fast_food","brand":"KFC","brand:en":"KFC","brand:hi":"केएफसी","brand:pa":"ਕੇਐਫਸੀ","brand:pnb":"کے ایف سی","brand:ur":"کے ایف سی","brand:wikidata":"Q524757","brand:wikipedia":"en:KFC","brand:wikipedia:pa":"ਕੇਐਫਸੀ","brand:wikipedia:ur":"کینٹکی فرائیڈ چکن","check_date":"2026-03-20","cuisine":"chicken","internet_access":"wlan","name":"KFC","name:en":"KFC","name:hi":"केएफसी","name:pa":"ਕੇਐਫਸੀ","name:pnb":"کے ایف سی","name:ur":"کے ایف سی","opening_hours":"Mo-Su 11:00-22:45","takeaway":"yes","id":"node/4209578684"},"geometry":{"type":"Point","coordinates":[72.8226713,18.9682841]}},{"type":"Feature","id":"node/4209578999","properties":{"addr:district":"Mumbai","addr:full":"Chikalwadi, J Dadaji Road, Tardeo","addr:postcode":"400007","addr:state":"Maharashtra","addr:street":"Tukaram Javji Marg","amenity":"hospital","email":"info@bhatiahospital.org","healthcare":"hospital","name":"Bhatia","name:en":"Bhatia Hospital","opening_hours":"24/7","operator:type":"private","source":"OpenGovernmentData","website":"www.bhatiahospital.org","id":"node/4209578999"},"geometry":{"type":"Point","coordinates":[72.8135089,18.9656765]}},{"type":"Feature","id":"node/4210274293","properties":{"name":"Shim Graphics","tourism":"artwork","id":"node/4210274293"},"geometry":{"type":"Point","coordinates":[72.8279662,18.9960276]}},{"type":"Feature","id":"node/4230836350","properties":{"amenity":"place_of_worship","description":"Chinese Temple dedicated to General Kwan Tai Kwon","name":"Kwan Tai Shek Temple","tourism":"attraction","id":"node/4230836350"},"geometry":{"type":"Point","coordinates":[72.8467717,18.9660503]}},{"type":"Feature","id":"node/4231188293","properties":{"name":"kalpana classes","shop":"computer","id":"node/4231188293"},"geometry":{"type":"Point","coordinates":[72.8436138,19.0212576]}},{"type":"Feature","id":"node/4232929213","properties":{"addr:housenumber":"254/264","addr:postcode":"400004","addr:street":"Patthe Bapurao Marg (Falkland Road)","name":"Dinath bldg","shop":"hardware","tourism":"apartment","id":"node/4232929213"},"geometry":{"type":"Point","coordinates":[72.8242272,18.9602676]}},{"type":"Feature","id":"node/4232929346","properties":{"addr:housenumber":"186/188","addr:postcode":"400004","addr:street":"Patthe Bapurao Marg (Falkland Road)","amenity":"restaurant","name":"king Falcon","id":"node/4232929346"},"geometry":{"type":"Point","coordinates":[72.8232846,18.9613711]}},{"type":"Feature","id":"node/4232929347","properties":{"addr:postcode":"400004","addr:street":"Khetwadi 5th Lane","name":"New York ","shop":"bakery","id":"node/4232929347"},"geometry":{"type":"Point","coordinates":[72.8241587,18.9585343]}},{"type":"Feature","id":"node/4232933891","properties":{"addr:housenumber":"204","addr:postcode":"400004","addr:street":"Patthe Bapurao Marg (Falkland Road)","name":"Delhi Darbar","tourism":"hotel","id":"node/4232933891"},"geometry":{"type":"Point","coordinates":[72.823385,18.9614573]}},{"type":"Feature","id":"node/4258767993","properties":{"amenity":"restaurant","name":"Sea Corner","id":"node/4258767993"},"geometry":{"type":"Point","coordinates":[72.8180858,19.0164197]}},{"type":"Feature","id":"node/4258768094","properties":{"amenity":"toilets","opening_hours":"24/7","id":"node/4258768094"},"geometry":{"type":"Point","coordinates":[72.8167669,19.0148124]}},{"type":"Feature","id":"node/4260270146","properties":{"addr:city":"Mumbai","addr:housenumber":"Tulsiwadi","addr:postcode":"400034","addr:street":"Hatutma Sitaram Ghadi Gaonkar Street","brand":"Treebo Trend","brand:wikidata":"Q122214091","name":"Treebo Trend Rosewood","phone":"+919322800100","tourism":"hotel","website":"https://www.treebo.com/","id":"node/4260270146"},"geometry":{"type":"Point","coordinates":[72.815774,18.9725898]}},{"type":"Feature","id":"node/4264462833","properties":{"IR:zone":"WR:CCG","ele":"4","internet_access":"no","name":"Matunga Road","name:hi":"माटुंगा रोड","name:ml":"മാട്ടുംഗ റോഡ്","name:mr":"माटुंगा रोड","network":"Mumbai Suburban Railway","network:wikidata":"Q3273422","operator":"WR","public_transport":"station","railway":"station","ref":"MRU","start_date":"1867","train":"yes","wheelchair":"limited","wikidata":"Q6791976","wikipedia":"en:Matunga Road railway station","id":"node/4264462833"},"geometry":{"type":"Point","coordinates":[72.8466813,19.0278149]}},{"type":"Feature","id":"node/4264478427","properties":{"IR:zone":"WR:CCG","alt_name":"Mahalakshmi Railway Station","internet_access":"no","name":"Mahalaxmi","name:hi":"महालक्ष्मी","name:ml":"മഹാലക്ഷ്മി","name:mr":"महालक्ष्मी","network":"Mumbai Suburban Railway","network:wikidata":"Q3273422","operator":"WR","public_transport":"station","railway":"station","ref":"MX","start_date":"1867","train":"yes","wikidata":"Q6732924","wikipedia":"en:Mahalaxmi railway station","id":"node/4264478427"},"geometry":{"type":"Point","coordinates":[72.8242196,18.9825203]}},{"type":"Feature","id":"node/4264980597","properties":{"name":"Cotton Green","public_transport":"stop_position","railway":"stop","ref":"2","train":"yes","id":"node/4264980597"},"geometry":{"type":"Point","coordinates":[72.8432532,18.986503]}},{"type":"Feature","id":"node/4271095990","properties":{"addr:city":"Mumbai","addr:housenumber":"8A, Janta Industrial Estate","addr:postcode":"400013","addr:street":"Senapati Bapat Marg","air_conditioning":"yes","amenity":"restaurant","bar":"no","check_date":"2026-03-20","cuisine":"indian","delivery":"yes","diet:vegetarian":"yes","name":"SpiceKlub","opening_hours":"12:00-16:00, 18:30-00:00","outdoor_seating":"no","phone":"+91 22 4610 4610;+91 22 4610 4604","smoking":"no","website":"https://spiceklub.com/","id":"node/4271095990"},"geometry":{"type":"Point","coordinates":[72.8257483,18.9944913]}},{"type":"Feature","id":"node/4278391295","properties":{"addr:housenumber":"23/25","addr:street":"Veer Vithaldas Chandan Street (De Souza Street)","name":"Tidy tronic ","shop":"computer","id":"node/4278391295"},"geometry":{"type":"Point","coordinates":[72.8353928,18.9529534]}},{"type":"Feature","id":"node/4286138995","properties":{"addr:housenumber":"307","check_date":"2026-03-20","name":"Empire Hotel","phone":"+91-22-23863355","tourism":"hotel","id":"node/4286138995"},"geometry":{"type":"Point","coordinates":[72.8176559,18.9614685]}},{"type":"Feature","id":"node/4286413998","properties":{"amenity":"nightclub","name":"Blue Frog","id":"node/4286413998"},"geometry":{"type":"Point","coordinates":[72.829497,19.0009555]}},{"type":"Feature","id":"node/4294951430","properties":{"check_date":"2026-03-20","name":"Kumkum","source":"AND","tourism":"hotel","id":"node/4294951430"},"geometry":{"type":"Point","coordinates":[72.8189355,18.9651501]}},{"type":"Feature","id":"node/4294951436","properties":{"bus":"yes","highway":"bus_stop","public_transport":"platform","id":"node/4294951436"},"geometry":{"type":"Point","coordinates":[72.8211647,18.9644123]}},{"type":"Feature","id":"node/4294951441","properties":{"bus":"yes","highway":"bus_stop","public_transport":"platform","id":"node/4294951441"},"geometry":{"type":"Point","coordinates":[72.8210474,18.9644751]}},{"type":"Feature","id":"node/4294951445","properties":{"bus":"yes","highway":"bus_stop","public_transport":"platform","id":"node/4294951445"},"geometry":{"type":"Point","coordinates":[72.8211824,18.9645222]}},{"type":"Feature","id":"node/4303136094","properties":{"addr:street":"Pandurang Budhkar Marg","amenity":"fast_food","brand":"Domino's","brand:ks":"ڈومینوز","brand:pa":"ਡੋਮੀਨੋਜ਼","brand:ur":"ڈومینوز","brand:wikidata":"Q839466","brand:wikipedia":"en:Domino's Pizza","cuisine":"pizza","name":"Domino's","name:ks":"ڈومینوز","name:pa":"ਡੋਮੀਨੋਜ਼","name:ur":"ڈومینوز","id":"node/4303136094"},"geometry":{"type":"Point","coordinates":[72.8213855,19.0054334]}},{"type":"Feature","id":"node/4303203089","properties":{"amenity":"fast_food","check_date":"2026-03-20","cuisine":"italian_pizza;pizza","name":"California Pizza Kitchen","id":"node/4303203089"},"geometry":{"type":"Point","coordinates":[72.8246541,18.9947029]}},{"type":"Feature","id":"node/4307051392","properties":{"addr:postcode":"400028","amenity":"doctors","email":"bina_pansare@yahoo.com","healthcare":"doctor","name":"Dr.Bina Pansare ,  Child Specialist","opening_hours":"Mo-Sa 10:00-22:00","phone":"24441454","website":"http://mumbaichildspecialist.com","id":"node/4307051392"},"geometry":{"type":"Point","coordinates":[72.8365496,19.0248654]}},{"type":"Feature","id":"node/4307052091","properties":{"addr:housenumber":"213","addr:postcode":"400013","addr:street":"Sitram Jadhav Marg (Sun Mill Road)","amenity":"doctors","check_date":"2026-03-20","email":"bina_pansare@yahoo.com","name":"Radhakrishna Clinic. Dr Bina Pansare","phone":"9022397585","website":"http://mumbaichildspecialist.com","id":"node/4307052091"},"geometry":{"type":"Point","coordinates":[72.8286283,18.9946656]}},{"type":"Feature","id":"node/4307230795","properties":{"name":"paneri","shop":"clothes","id":"node/4307230795"},"geometry":{"type":"Point","coordinates":[72.8413984,19.0204691]}},{"type":"Feature","id":"node/4309673211","properties":{"amenity":"place_of_worship","denomination":"roman_catholic","name":"Oratory of Our Lady of Fatima","religion":"christian","id":"node/4309673211"},"geometry":{"type":"Point","coordinates":[72.8220139,19.0464713]}},{"type":"Feature","id":"node/4316106720","properties":{"name":"Rangoli","shop":"clothes","id":"node/4316106720"},"geometry":{"type":"Point","coordinates":[72.840925,19.0200676]}},{"type":"Feature","id":"node/4316268695","properties":{"addr:street":"Sarang Street","email":"Royaltraders72@gmail.com","internet_access":"wlan","name":"Royal Traders","opening_hours":"Mo-Su 09:30-21:00","phone":"02223453372","shop":"jewelry","id":"node/4316268695"},"geometry":{"type":"Point","coordinates":[72.833458,18.9502323]}},{"type":"Feature","id":"node/4341054365","properties":{"bus":"yes","highway":"bus_stop","public_transport":"platform","id":"node/4341054365"},"geometry":{"type":"Point","coordinates":[72.8467809,18.965674]}},{"type":"Feature","id":"node/4341056410","properties":{"addr:street":"Lt Prakash Kotnis Path","amenity":"fast_food","name":"Nandadeep Biscuit Mart","name:en":"Shree's Frankie Corner","id":"node/4341056410"},"geometry":{"type":"Point","coordinates":[72.8391496,19.0335066]}},{"type":"Feature","id":"node/4341088612","properties":{"addr:street":"Swatantrya Veer Savarkar Marg","amenity":"bank","brand":"IndusInd Bank","brand:wikidata":"Q2040323","brand:wikipedia":"en:IndusInd Bank","name":"IndusInd Bank","name:en":"IndusInd Bank","opening_hours":"24/7","website":"https://www.indusind.com","id":"node/4341088612"},"geometry":{"type":"Point","coordinates":[72.8384805,19.0333179]}},{"type":"Feature","id":"node/4341104057","properties":{"addr:street":"Swatantrya Veer Savarkar Marg","amenity":"fuel","brand":"Hindustan Petroleum","brand:wikidata":"Q1619375","brand:wikipedia":"en:Hindustan Petroleum","name":"Hindustan Petroleum","official_name":"Hindustan Petroleum","id":"node/4341104057"},"geometry":{"type":"Point","coordinates":[72.8387268,19.0323529]}},{"type":"Feature","id":"node/4344803101","properties":{"addr:city":"Mumbai","addr:postcode":"400016","addr:street":"Lt Prakash Kotnis Path","amenity":"restaurant","cuisine":"indian","name":"Simply Delicious","id":"node/4344803101"},"geometry":{"type":"Point","coordinates":[72.839688,19.0335658]}},{"type":"Feature","id":"node/4361366461","properties":{"addr:postcode":"400004","addr:street":"Patthe Bapurao Marg (Falkland Road)","amenity":"doctors","name":"Dr. M.A KHAN","id":"node/4361366461"},"geometry":{"type":"Point","coordinates":[72.8243346,18.9602659]}},{"type":"Feature","id":"node/4361515255","properties":{"amenity":"parking_entrance","level":"0","parking":"multi-storey","id":"node/4361515255"},"geometry":{"type":"Point","coordinates":[72.8237766,18.9957191]}},{"type":"Feature","id":"node/4373606706","properties":{"shop":"car","id":"node/4373606706"},"geometry":{"type":"Point","coordinates":[72.8233395,19.0126091]}},{"type":"Feature","id":"node/4426326390","properties":{"amenity":"restaurant","name:en":"Bharat Bhuvan","id":"node/4426326390"},"geometry":{"type":"Point","coordinates":[72.8408053,18.9801621]}},{"type":"Feature","id":"node/4427845095","properties":{"addr:postcode":"400014","addr:street":"Swami Gyan Jiwandas Marg","check_date":"2026-03-20","name":"Ramee Guestline Hotel","opening_hours":"Mo-Su 07:00-01:30","tourism":"hotel","id":"node/4427845095"},"geometry":{"type":"Point","coordinates":[72.8445771,19.0170997]}},{"type":"Feature","id":"node/4433628489","properties":{"addr:street":"mohd ali road","internet_access":"wlan","name:en":"Raj Cap Rumal &Janamaz","phone":"+919867332328","shop":"clothes","id":"node/4433628489"},"geometry":{"type":"Point","coordinates":[72.8324645,18.9572723]}},{"type":"Feature","id":"node/4474843292","properties":{"name:en":"China garden","tourism":"hotel","id":"node/4474843292"},"geometry":{"type":"Point","coordinates":[72.8070363,18.9638442]}},{"type":"Feature","id":"node/4484180189","properties":{"amenity":"fast_food","name:en":"MAFCO Farm Fair","id":"node/4484180189"},"geometry":{"type":"Point","coordinates":[72.8116496,18.9985532]}},{"type":"Feature","id":"node/4503511183","properties":{"amenity":"atm","brand":"Axis Bank","brand:wikidata":"Q2003549","name":"Axis Bank","operator":"Axis Bank","operator:wikidata":"Q2003549","id":"node/4503511183"},"geometry":{"type":"Point","coordinates":[72.8149081,18.9692689]}},{"type":"Feature","id":"node/4506845889","properties":{"amenity":"atm","id":"node/4506845889"},"geometry":{"type":"Point","coordinates":[72.8152205,19.0068954]}},{"type":"Feature","id":"node/4510283089","properties":{"amenity":"place_of_worship","name:en":"Sri Sri Radha Gopinath Mandir","id":"node/4510283089"},"geometry":{"type":"Point","coordinates":[72.8099232,18.9576376]}},{"type":"Feature","id":"node/4510287089","properties":{"amenity":"place_of_worship","name:en":"Magen Hasidim Synagogue","religion":"jewish","id":"node/4510287089"},"geometry":{"type":"Point","coordinates":[72.8270948,18.9756735]}},{"type":"Feature","id":"node/4513110190","properties":{"name:en":"Old Woman’s Shoe","tourism":"attraction","id":"node/4513110190"},"geometry":{"type":"Point","coordinates":[72.8056924,18.9556828]}},{"type":"Feature","id":"node/4513420193","properties":{"amenity":"bank","check_date":"2026-03-20","name:en":"Dhanlaxmi bank (western Union)","id":"node/4513420193"},"geometry":{"type":"Point","coordinates":[72.8194252,18.9655394]}},{"type":"Feature","id":"node/4513445593","properties":{"check_date":"2026-03-20","name:en":"Reliance Smart","shop":"supermarket","id":"node/4513445593"},"geometry":{"type":"Point","coordinates":[72.8199601,18.96762]}},{"type":"Feature","id":"node/4513550299","properties":{"addr:housenumber":"9167107111","addr:street":"Kalyan Street","bus":"yes","highway":"bus_stop","name:en":"Wadi Bunder B/H C.S.T Station","public_transport":"platform","shelter":"yes","id":"node/4513550299"},"geometry":{"type":"Point","coordinates":[72.8419397,18.9551127]}},{"type":"Feature","id":"node/4514854091","properties":{"name:en":"Hotel Silver Moon","tourism":"hotel","id":"node/4514854091"},"geometry":{"type":"Point","coordinates":[72.8369265,18.9535914]}},{"type":"Feature","id":"node/4514854290","properties":{"internet_access":"wlan","name:en":"Hotel Saim Palace","tourism":"hotel","id":"node/4514854290"},"geometry":{"type":"Point","coordinates":[72.8364049,18.9527049]}},{"type":"Feature","id":"node/4540676592","properties":{"name:en":"Silver Moon","tourism":"hotel","id":"node/4540676592"},"geometry":{"type":"Point","coordinates":[72.8369622,18.9531707]}},{"type":"Feature","id":"node/4560058190","properties":{"addr:housenumber":"Shop No.67/69","addr:postcode":"400016","addr:street":"Cadell Road","name:en":"Usman Suleman Mithaiwala","shop":"confectionery","id":"node/4560058190"},"geometry":{"type":"Point","coordinates":[72.8396494,19.0400604]}},{"type":"Feature","id":"node/4562835192","properties":{"amenity":"atm","check_date":"2026-03-20","id":"node/4562835192"},"geometry":{"type":"Point","coordinates":[72.8315041,18.9952983]}},{"type":"Feature","id":"node/4564918990","properties":{"amenity":"bank","check_date":"2026-03-20","name:en":"Mitradham","id":"node/4564918990"},"geometry":{"type":"Point","coordinates":[72.8392569,19.0069934]}},{"type":"Feature","id":"node/4564949289","properties":{"addr:postcode":"400012","addr:street":"Elphinstone Bridge","amenity":"bank","brand":"State Bank of India","brand:wikidata":"Q1340361","check_date":"2026-03-20","name":"State Bank of India","name:en":"SBI","opening_hours":"24/7","operator":"SBI","short_name":"SBI","id":"node/4564949289"},"geometry":{"type":"Point","coordinates":[72.8392164,19.0070037]}},{"type":"Feature","id":"node/4569817394","properties":{"indoor_seating":"yes","level":"0","name":"Sagar Sweets & Bakery","name:en":"Sagar Sweets","outdoor_seating":"no","shop":"confectionery","id":"node/4569817394"},"geometry":{"type":"Point","coordinates":[72.8421039,19.0390606]}},{"type":"Feature","id":"node/4569874291","properties":{"amenity":"cinema","name:en":"Paradise E-Square","id":"node/4569874291"},"geometry":{"type":"Point","coordinates":[72.8424983,19.0371711]}},{"type":"Feature","id":"node/4569874292","properties":{"brand":"Vodafone Idea","brand:wikidata":"Q1656673","name":"Vodafone Idea","shop":"mobile_phone","id":"node/4569874292"},"geometry":{"type":"Point","coordinates":[72.8424983,19.0354216]}},{"type":"Feature","id":"node/4569874490","properties":{"name:en":"Baba Wines","shop":"alcohol","id":"node/4569874490"},"geometry":{"type":"Point","coordinates":[72.8468491,19.0303688]}},{"type":"Feature","id":"node/4585662789","properties":{"name:en":"welcome guest house","tourism":"hostel","id":"node/4585662789"},"geometry":{"type":"Point","coordinates":[72.8340603,18.9761073]}},{"type":"Feature","id":"node/4597396890","properties":{"addr:housenumber":"394","addr:postcode":"400007","addr:street":"Grand Road","check_date":"2026-03-20","name:en":"Hotel Tip Top","tourism":"hotel","id":"node/4597396890"},"geometry":{"type":"Point","coordinates":[72.817058,18.9588476]}},{"type":"Feature","id":"node/4597702792","properties":{"name:en":"WIBS Bakery","shop":"bakery","id":"node/4597702792"},"geometry":{"type":"Point","coordinates":[72.8441845,18.9642705]}},{"type":"Feature","id":"node/4603533131","properties":{"bus":"yes","highway":"bus_stop","note":"Bus station to goa Paulo Travel","note:ru":"Остановка автобусов на Гоа Paulo Travel","public_transport":"platform","id":"node/4603533131"},"geometry":{"type":"Point","coordinates":[72.8420613,18.9566859]}},{"type":"Feature","id":"node/4640238826","properties":{"amenity":"bank","brand":"Yes Bank","brand:wikidata":"Q2040394","name":"Yes Bank","id":"node/4640238826"},"geometry":{"type":"Point","coordinates":[72.8356023,19.0098685]}},{"type":"Feature","id":"node/4655092790","properties":{"amenity":"fuel","id":"node/4655092790"},"geometry":{"type":"Point","coordinates":[72.8088408,18.9760562]}},{"type":"Feature","id":"node/4657376590","properties":{"name:en":"Chor bazaar","shop":"gift","id":"node/4657376590"},"geometry":{"type":"Point","coordinates":[72.8297334,18.9607719]}},{"type":"Feature","id":"node/4657376591","properties":{"addr:city":"Mumbai","addr:postcode":"400007","addr:street":"Javji Dadaji Marg","amenity":"restaurant","cuisine":"indian","name:en":"Swati snacks","opening_hours":"Mo-Su 11:45-22:45","phone":"022 6580 8406","id":"node/4657376591"},"geometry":{"type":"Point","coordinates":[72.8134201,18.9664905]}},{"type":"Feature","id":"node/4658636589","properties":{"amenity":"restaurant","cuisine":"gujarati","name":"Shree Thaker Bhojanalay","name:gu":"શ્રી ઠાકર ભોજનાલય","phone":"+912222069916","id":"node/4658636589"},"geometry":{"type":"Point","coordinates":[72.8282804,18.9511]}},{"type":"Feature","id":"node/4671995490","properties":{"internet_access":"wlan","name:en":"New Residency Park","tourism":"hotel","id":"node/4671995490"},"geometry":{"type":"Point","coordinates":[72.8360106,18.953372]}},{"type":"Feature","id":"node/4672225593","properties":{"addr:street":"Mia Mohd Chhotani Road","amenity":"hospital","healthcare":"hospital","name":"Pikale Hospital","name:en":"Pikale Hospital","name:hi":"पिकाले अस्पताल","id":"node/4672225593"},"geometry":{"type":"Point","coordinates":[72.844575,19.0401523]}},{"type":"Feature","id":"node/4674815089","properties":{"amenity":"cafe","cuisine":"pizza","internet_access":"no","name":"cafe trofima","name:en":"Cafe TroFima","opening_hours":"Mo-Su 10:00-22:00","id":"node/4674815089"},"geometry":{"type":"Point","coordinates":[72.8411776,19.0282957]}},{"type":"Feature","id":"node/4676989392","properties":{"amenity":"restaurant","cuisine":"local","name:en":"New Jai Hind Restaurant","id":"node/4676989392"},"geometry":{"type":"Point","coordinates":[72.835022,18.9531967]}},{"type":"Feature","id":"node/4691693190","properties":{"amenity":"toilets","operator":"Public Toilet (2 rupees)","id":"node/4691693190"},"geometry":{"type":"Point","coordinates":[72.8059824,18.9562188]}},{"type":"Feature","id":"node/4702937989","properties":{"internet_access":"wlan","name:en":"Benzer","opening_hours":"Mo-Su 10:30-20:30","shop":"clothes","website":"https://www.benzerworld.com/","id":"node/4702937989"},"geometry":{"type":"Point","coordinates":[72.8060528,18.973952]}},{"type":"Feature","id":"node/4705646991","properties":{"addr:street":"Lady Jamshedji Road","amenity":"restaurant","cuisine":"indian","name:en":"Aaswad","id":"node/4705646991"},"geometry":{"type":"Point","coordinates":[72.8405857,19.0256504]}},{"type":"Feature","id":"node/4706749389","properties":{"addr:housenumber":"102","addr:postcode":"400009","tourism":"hostel","id":"node/4706749389"},"geometry":{"type":"Point","coordinates":[72.8366546,18.9577778]}},{"type":"Feature","id":"node/4736441603","properties":{"name":"Paresh Stores","shop":"convenience","id":"node/4736441603"},"geometry":{"type":"Point","coordinates":[72.8260452,19.04831]}},{"type":"Feature","id":"node/4736441604","properties":{"addr:street":"St John Baptist Road","name":"Bed & Bedding Co.","name:en":"Bed & Bedding Co.","shop":"bed","id":"node/4736441604"},"geometry":{"type":"Point","coordinates":[72.8261704,19.0487548]}},{"type":"Feature","id":"node/4736441605","properties":{"name":"King's Hair","shop":"hairdresser","id":"node/4736441605"},"geometry":{"type":"Point","coordinates":[72.8260606,19.048434]}},{"type":"Feature","id":"node/4736442881","properties":{"amenity":"cafe","name":"Morii Cafe","name:en":"Morii Cafe","name:mr":"मोरी कॅफे","id":"node/4736442881"},"geometry":{"type":"Point","coordinates":[72.825887,19.0486305]}},{"type":"Feature","id":"node/4736444239","properties":{"amenity":"cafe","name":"Taj Mahal Tea House","id":"node/4736444239"},"geometry":{"type":"Point","coordinates":[72.8258748,19.0485691]}},{"type":"Feature","id":"node/4736445678","properties":{"amenity":"veterinary","name":"Wild Vets","id":"node/4736445678"},"geometry":{"type":"Point","coordinates":[72.8261176,19.0489332]}},{"type":"Feature","id":"node/4742740224","properties":{"amenity":"restaurant","name:en":"Barking Deer","id":"node/4742740224"},"geometry":{"type":"Point","coordinates":[72.8295691,19.0003871]}},{"type":"Feature","id":"node/4753980124","properties":{"leisure":"fitness_centre","name":"Shree Samartha Vyayam Mandir","name:en":"Shree Samartha Vyayam Mandir","name:mr":"श्री समर्थ व्यायाम मंदिर","id":"node/4753980124"},"geometry":{"type":"Point","coordinates":[72.8366549,19.0264848]}},{"type":"Feature","id":"node/4753990521","properties":{"amenity":"cafe","brand":"Barista","brand:wikidata":"Q644735","brand:wikipedia":"en:Barista (company)","cuisine":"coffee_shop","name":"Barista","name:en":"Barista","takeaway":"yes","id":"node/4753990521"},"geometry":{"type":"Point","coordinates":[72.8379984,19.0293039]}},{"type":"Feature","id":"node/4755855724","properties":{"name:en":"Shari","shop":"clothes","id":"node/4755855724"},"geometry":{"type":"Point","coordinates":[72.8334974,18.9537257]}},{"type":"Feature","id":"node/4769540160","properties":{"name":"Adarsh Mithai Mandir","shop":"confectionery","id":"node/4769540160"},"geometry":{"type":"Point","coordinates":[72.813676,18.9625912]}},{"type":"Feature","id":"node/4769546009","properties":{"name":"Vijay Diary Farm and Sweet Mart","shop":"dairy","id":"node/4769546009"},"geometry":{"type":"Point","coordinates":[72.8133381,18.9629336]}},{"type":"Feature","id":"node/4792028221","properties":{"addr:housenumber":"Plot no 8","addr:postcode":"400016","addr:street":"Gopi Tank Marg","leisure":"fitness_centre","name:en":"Regius The Fitness Factory","phone":"022 65316555","id":"node/4792028221"},"geometry":{"type":"Point","coordinates":[72.8410197,19.0297417]}},{"type":"Feature","id":"node/4792099122","properties":{"bus":"yes","highway":"bus_stop","name":"Parel Workshop","public_transport":"platform","id":"node/4792099122"},"geometry":{"type":"Point","coordinates":[72.8379759,19.0011788]}},{"type":"Feature","id":"node/4810068222","properties":{"amenity":"recycling","id":"node/4810068222"},"geometry":{"type":"Point","coordinates":[72.8261077,18.9843198]}},{"type":"Feature","id":"node/4811917222","properties":{"bench":"yes","bus":"yes","highway":"bus_stop","name":"Father Agnel Ashram","operator":"BEST","public_transport":"platform","shelter":"yes","id":"node/4811917222"},"geometry":{"type":"Point","coordinates":[72.8188582,19.0446272]}},{"type":"Feature","id":"node/4815555824","properties":{"addr:city":"Mumbai","addr:postcode":"400050","addr:street":"HK Bhaba Road","email":"srkfans@redchillies.com","name":"Mannat Lands End (Shah Rukh Khan's Bungalow)","opening_hours":"Mo-Sa 09:00-18:00","phone":"+91 (0)22-26058704","tourism":"attraction","website":"https://www.redchillies.com/","id":"node/4815555824"},"geometry":{"type":"Point","coordinates":[72.8201139,19.0468349]}},{"type":"Feature","id":"node/4819920121","properties":{"amenity":"place_of_worship","name:en":"Dutta Mandir","religion":"hindu","id":"node/4819920121"},"geometry":{"type":"Point","coordinates":[72.8419005,19.0425073]}},{"type":"Feature","id":"node/4821879684","properties":{"name":"The Living Room","name:en":"The Living Room","name:mr":"धि लिव्हिंग रूम","shop":"furniture","id":"node/4821879684"},"geometry":{"type":"Point","coordinates":[72.8412926,19.0409711]}},{"type":"Feature","id":"node/4821879685","properties":{"amenity":"bank","atm":"yes","brand":"Indian Bank","brand:wikidata":"Q2003789","brand:wikipedia":"en:Indian Bank","name":"Indian Bank","name:en":"Indian Bank","website":"https://www.indianbank.in/","id":"node/4821879685"},"geometry":{"type":"Point","coordinates":[72.8454626,19.0397947]}},{"type":"Feature","id":"node/4821879686","properties":{"amenity":"cafe","name":"Irani Cafe","id":"node/4821879686"},"geometry":{"type":"Point","coordinates":[72.8428163,19.0390227]}},{"type":"Feature","id":"node/4821879687","properties":{"name":"Monjinis Cake Shop","shop":"bakery","id":"node/4821879687"},"geometry":{"type":"Point","coordinates":[72.8459813,19.0398315]}},{"type":"Feature","id":"node/4821879688","properties":{"name":"Iyengar Bakery","shop":"bakery","id":"node/4821879688"},"geometry":{"type":"Point","coordinates":[72.8452652,19.0396667]}},{"type":"Feature","id":"node/4821879689","properties":{"amenity":"restaurant","id":"node/4821879689"},"geometry":{"type":"Point","coordinates":[72.8453162,19.039474]}},{"type":"Feature","id":"node/4839324927","properties":{"addr:housenumber":"25 zaveri bldg","addr:street":"jacob circle","amenity":"fast_food","cuisine":"chinese;chicken;indian;barbecue;local","name:en":"Cafe national","phone":"9892703835","id":"node/4839324927"},"geometry":{"type":"Point","coordinates":[72.8271069,18.9813317]}},{"type":"Feature","id":"node/4839325526","properties":{"amenity":"fast_food","name:en":"Pizza sandwich","id":"node/4839325526"},"geometry":{"type":"Point","coordinates":[72.8269703,18.9814212]}},{"type":"Feature","id":"node/4839325527","properties":{"amenity":"restaurant","cuisine":"ice_cream;italian_pizza;indian;local","diet:vegan":"yes","diet:vegetarian":"yes","name:en":"Haji Ali Juice Centre","phone":"+91-22-2351-7632","website":"https://hajialijuicecentre.in/","id":"node/4839325527"},"geometry":{"type":"Point","coordinates":[72.8111874,18.9783654]}},{"type":"Feature","id":"node/4844675131","properties":{"amenity":"fuel","brand":"Indian Oil","brand:wikidata":"Q1289348","name":"Indian Oil","name:en":"Indian oil","id":"node/4844675131"},"geometry":{"type":"Point","coordinates":[72.8325809,18.9558692]}},{"type":"Feature","id":"node/4844675132","properties":{"name:en":"Antiques","shop":"department_store","id":"node/4844675132"},"geometry":{"type":"Point","coordinates":[72.8297056,18.9614026]}},{"type":"Feature","id":"node/4844675133","properties":{"name:en":"B.parma","shop":"clothes","id":"node/4844675133"},"geometry":{"type":"Point","coordinates":[72.823014,18.9581794]}},{"type":"Feature","id":"node/4844675136","properties":{"shop":"bakery","id":"node/4844675136"},"geometry":{"type":"Point","coordinates":[72.8208445,18.9539948]}},{"type":"Feature","id":"node/4844675138","properties":{"amenity":"restaurant","name:en":"Thali","id":"node/4844675138"},"geometry":{"type":"Point","coordinates":[72.8174011,18.9530787]}},{"type":"Feature","id":"node/4844675139","properties":{"amenity":"restaurant","name:en":"Paramount","id":"node/4844675139"},"geometry":{"type":"Point","coordinates":[72.8152093,18.9543399]}},{"type":"Feature","id":"node/4844675324","properties":{"name:en":"Tools area","shop":"hardware","id":"node/4844675324"},"geometry":{"type":"Point","coordinates":[72.8293651,18.9592435]}},{"type":"Feature","id":"node/4844675325","properties":{"name:en":"Lassi","shop":"beverages","id":"node/4844675325"},"geometry":{"type":"Point","coordinates":[72.826324,18.9583127]}},{"type":"Feature","id":"node/4844675326","properties":{"amenity":"fast_food","brand":"Domino's","brand:wikidata":"Q839466","cuisine":"pizza","name":"Domino's","name:en":"Domino's","takeaway":"yes","id":"node/4844675326"},"geometry":{"type":"Point","coordinates":[72.8167581,18.9534131]}},{"type":"Feature","id":"node/4844717523","properties":{"name:en":"Choice","shop":"department_store","id":"node/4844717523"},"geometry":{"type":"Point","coordinates":[72.8327224,18.9546708]}},{"type":"Feature","id":"node/4844717525","properties":{"name:en":"Shama","shop":"department_store","id":"node/4844717525"},"geometry":{"type":"Point","coordinates":[72.8316415,18.9582894]}},{"type":"Feature","id":"node/4844717526","properties":{"amenity":"fuel","name:en":"Bharat","id":"node/4844717526"},"geometry":{"type":"Point","coordinates":[72.8253068,18.9581496]}},{"type":"Feature","id":"node/4844717527","properties":{"name:en":"Image","shop":"hairdresser","id":"node/4844717527"},"geometry":{"type":"Point","coordinates":[72.8222637,18.957989]}},{"type":"Feature","id":"node/4844717528","properties":{"name:en":"Anupam","tourism":"guest_house","id":"node/4844717528"},"geometry":{"type":"Point","coordinates":[72.8203463,18.956986]}},{"type":"Feature","id":"node/4844717529","properties":{"name:en":"Bold fashion","shop":"clothes","id":"node/4844717529"},"geometry":{"type":"Point","coordinates":[72.8185355,18.9583739]}},{"type":"Feature","id":"node/4844717530","properties":{"amenity":"place_of_worship","name:en":"Ganesha","id":"node/4844717530"},"geometry":{"type":"Point","coordinates":[72.8202986,18.9557199]}},{"type":"Feature","id":"node/4844717532","properties":{"name:en":"Girgaon palace","tourism":"hotel","id":"node/4844717532"},"geometry":{"type":"Point","coordinates":[72.8209014,18.9549619]}},{"type":"Feature","id":"node/4844717535","properties":{"amenity":"pharmacy","healthcare":"pharmacy","id":"node/4844717535"},"geometry":{"type":"Point","coordinates":[72.8209834,18.9543948]}},{"type":"Feature","id":"node/4844717536","properties":{"shop":"hairdresser","id":"node/4844717536"},"geometry":{"type":"Point","coordinates":[72.8210091,18.9543546]}},{"type":"Feature","id":"node/4844717537","properties":{"name:en":"Card makers","tourism":"artwork","id":"node/4844717537"},"geometry":{"type":"Point","coordinates":[72.8211454,18.9542293]}},{"type":"Feature","id":"node/4844717538","properties":{"name:en":"Fruit shakes","shop":"beverages","id":"node/4844717538"},"geometry":{"type":"Point","coordinates":[72.8211932,18.9543591]}},{"type":"Feature","id":"node/4844717821","properties":{"name:en":"Rope","shop":"hardware","id":"node/4844717821"},"geometry":{"type":"Point","coordinates":[72.8343498,18.9509678]}},{"type":"Feature","id":"node/4844717822","properties":{"amenity":"cinema","name:en":"Alankar","id":"node/4844717822"},"geometry":{"type":"Point","coordinates":[72.8254129,18.9580205]}},{"type":"Feature","id":"node/4846878573","properties":{"addr:postcode":"400016","amenity":"post_office","name":"Mahim Post Office, Mori Road","id":"node/4846878573"},"geometry":{"type":"Point","coordinates":[72.8446337,19.0431787]}},{"type":"Feature","id":"node/4846878575","properties":{"amenity":"bank","atm":"yes","brand":"Axis Bank","brand:wikidata":"Q2003549","brand:wikipedia":"en:Axis Bank","name":"Axis Bank","name:en":"Axis Bank","website":"https://www.axisbank.com","id":"node/4846878575"},"geometry":{"type":"Point","coordinates":[72.8418734,19.0395733]}},{"type":"Feature","id":"node/4846878576","properties":{"amenity":"restaurant","name":"And Chillis","phone":"022 2446 2483","id":"node/4846878576"},"geometry":{"type":"Point","coordinates":[72.8422221,19.0388685]}},{"type":"Feature","id":"node/4846878580","properties":{"amenity":"marketplace","name":"Mahila Fish Market, Mahim","id":"node/4846878580"},"geometry":{"type":"Point","coordinates":[72.8439829,19.0404025]}},{"type":"Feature","id":"node/4848782875","properties":{"amenity":"cafe","brand":"Third Wave Coffee Roasters","brand:wikidata":"Q137711794","cuisine":"coffee_shop","delivery":"yes","indoor_seating":"yes","name":"Third Wave Coffee Roasters","outdoor_seating":"no","power_supply":"yes","takeaway":"yes","id":"node/4848782875"},"geometry":{"type":"Point","coordinates":[72.8461063,19.0409203]}},{"type":"Feature","id":"node/4854493422","properties":{"addr:city":"Mumbai","addr:housename":"Trade View Building","addr:postcode":"400013","addr:street":"Pandurang Budhkar Marg","leisure":"amusement_arcade","name":"Smaaash Utopia City","name:en":"Smaaash!","opening_hours":"Mo-Fr 13:00-00:00; Sa, Su 12:00-00:00","phone":"099303 32525","website":"https://smaaash-entertainment.in/","id":"node/4854493422"},"geometry":{"type":"Point","coordinates":[72.8260877,19.0045184]}},{"type":"Feature","id":"node/4900246921","properties":{"addr:city":"Mumbai","addr:postcode":"400007","addr:street":"Javji Dadaji Marg","amenity":"restaurant","cuisine":"indian","name:en":"Amar Restaurant","opening_hours":"Mo-Su 09:00-00:00","outdoor_seating":"no","phone":"23854153","smoking":"no","takeaway":"yes","id":"node/4900246921"},"geometry":{"type":"Point","coordinates":[72.8127963,18.9653015]}},{"type":"Feature","id":"node/4900380421","properties":{"addr:postcode":"400013","addr:street":"Senapati Bapat Marg","amenity":"bar","cuisine":"indian","name:en":"The Bar Stock Exchange","opening_hours":"Mo-Su 12:00-01:00","phone":"2492 5556","id":"node/4900380421"},"geometry":{"type":"Point","coordinates":[72.8282611,19.002887]}},{"type":"Feature","id":"node/4901027721","properties":{"amenity":"restaurant","name:en":"New Ideal","id":"node/4901027721"},"geometry":{"type":"Point","coordinates":[72.8108579,18.9629206]}},{"type":"Feature","id":"node/4922989525","properties":{"amenity":"atm","currency:INR":"yes","name":"Dena Bank ATM","operator":"Dena Bank","id":"node/4922989525"},"geometry":{"type":"Point","coordinates":[72.8011073,18.9599023]}},{"type":"Feature","id":"node/4922989526","properties":{"addr:city":"Mumbai","addr:postcode":"400036","addr:street":"Napean Sea Road","amenity":"bank","atm":"yes","drive_through":"no","name":"Dena Bank","opening_hours":"Mo-Sa 09:00-15:30","operator":"Dena Bank","id":"node/4922989526"},"geometry":{"type":"Point","coordinates":[72.8011417,18.9601616]}},{"type":"Feature","id":"node/4925487421","properties":{"addr:city":"Mumbai","addr:district":"Mumbai","addr:postcode":"400007","addr:street":"P Ramabai Marg","name":"Happiness Deli","name:en":"Happiness Deli","opening_hours":"Mo-Su 10:00-00:00","phone":"+91-22-23891834","shop":"bakery","website":"https://www.happinessdeli.in/","id":"node/4925487421"},"geometry":{"type":"Point","coordinates":[72.8127997,18.9606278]}},{"type":"Feature","id":"node/4929463264","properties":{"addr:city":"Mumbai","addr:postcode":"400007","addr:street":"Javji Dadaji Marg","amenity":"ice_cream","brand":"Baskin-Robbins","brand:wikidata":"Q584601","cuisine":"ice_cream","name":"Baskin-Robbins","opening_hours":"Mo-Su 11:00-00:00","phone":"022 2353 1634","id":"node/4929463264"},"geometry":{"type":"Point","coordinates":[72.8135178,18.9666028]}},{"type":"Feature","id":"node/4931584021","properties":{"addr:street":"A Irani Bridge","name:en":"Service road","shop":"car_repair","id":"node/4931584021"},"geometry":{"type":"Point","coordinates":[72.814004,18.9603922]}},{"type":"Feature","id":"node/4937125521","properties":{"addr:postcode":"400007","addr:street":"Javji Dadaji Marg","amenity":"restaurant","cuisine":"indian","name:en":"Shree Krishna Vegetarian Restaurant","opening_hours":"Mo-Su 07:00-00:00","phone":"022 2386 7544","id":"node/4937125521"},"geometry":{"type":"Point","coordinates":[72.8131613,18.9620493]}},{"type":"Feature","id":"node/5037185424","properties":{"addr:city":"Mumbai","addr:housenumber":"Rajni Mahal Building","addr:postcode":"400034","addr:street":"Hatutma Sitaram Ghadi Gaonkar Street","amenity":"fast_food","name":"Balaji Fast Food","opening_hours":"Mo-Su 11:00-23:00","phone":"+919833434086 +919833434084","id":"node/5037185424"},"geometry":{"type":"Point","coordinates":[72.8150157,18.9724225]}},{"type":"Feature","id":"node/5038350524","properties":{"amenity":"bank","name:zh":"換錢的珠寶店","id":"node/5038350524"},"geometry":{"type":"Point","coordinates":[72.8373314,18.9618234]}},{"type":"Feature","id":"node/5057399791","properties":{"addr:city":"Mumbai","addr:postcode":"400034","addr:street":"Pandit Madan Mohan Malviya Marg","amenity":"restaurant","cuisine":"indian","delivery":"yes","name":"Maji Sagar","opening_hours":"Mo-Su 09:00-00:00","phone":"022 2352 9987","takeaway":"yes","id":"node/5057399791"},"geometry":{"type":"Point","coordinates":[72.8148816,18.9727522]}},{"type":"Feature","id":"node/5062717222","properties":{"amenity":"toilets","opening_hours":"24/7","id":"node/5062717222"},"geometry":{"type":"Point","coordinates":[72.8133731,18.9623159]}},{"type":"Feature","id":"node/5085177321","properties":{"addr:street":"Nesbit Road","amenity":"bank","brand":"Axis Bank","brand:wikidata":"Q2003549","name":"Axis Bank","name:en":"Axis Bank","website":"https://www.axisbank.com/","id":"node/5085177321"},"geometry":{"type":"Point","coordinates":[72.8417713,18.9684855]}},{"type":"Feature","id":"node/5085177521","properties":{"addr:street":"Nesbit Road","amenity":"bank","brand":"HDFC Bank","brand:wikidata":"Q631047","name":"HDFC Bank","name:en":"HDFC Bank","short_name":"HDFC","id":"node/5085177521"},"geometry":{"type":"Point","coordinates":[72.8411546,18.9684533]}},{"type":"Feature","id":"node/5085177522","properties":{"addr:street":"Mama Paramanand Marg","amenity":"theatre","name:en":"Royal Opera House","phone":"+912223690511","wikidata":"Q3210038","wikimedia_commons":"Category:Royal Opera House (Mumbai)","wikipedia":"en:Royal Opera House (Mumbai)","id":"node/5085177522"},"geometry":{"type":"Point","coordinates":[72.8155711,18.9560477]}},{"type":"Feature","id":"node/5085177523","properties":{"amenity":"restaurant","check_date":"2026-03-20","cuisine":"south_Indian","name:en":"Vanakkam Vihar","id":"node/5085177523"},"geometry":{"type":"Point","coordinates":[72.8157222,18.9569492]}},{"type":"Feature","id":"node/5085177621","properties":{"addr:city":"Mumbai","addr:housenumber":"3 Kala Bhavan","addr:postcode":"400010","addr:street":"Mathew Road","addr:unit":"14","amenity":"clinic","description":"Eye and Dental Clinic\nEmergency Appointments available","email":"areteclinics@gmail.com","healthcare":"clinic","name":"Arete Clinics- Eye and Dental","name:en":"Arete Clinics- Eye and Dental","opening_hours":"Mo-Sa 10:00-19:00","phone":"+912223645350","website":"http://www.areteclinics.in","wheelchair":"limited","id":"node/5085177621"},"geometry":{"type":"Point","coordinates":[72.8151134,18.9559804]}},{"type":"Feature","id":"node/5090930970","properties":{"amenity":"hospital","name":"Peoples Mobile Hospitals","id":"node/5090930970"},"geometry":{"type":"Point","coordinates":[72.8179411,19.0066529]}},{"type":"Feature","id":"node/5090943810","properties":{"addr:city":"Mumbai","addr:district":"Mumbai","addr:postcode":"400004","addr:street":"Mama Paramanand Marg","amenity":"restaurant","cuisine":"indian","email":"hello@tewaris.com","name":"Tewari Brothers Mithaiwala","opening_hours":"Mo-Su 08:00-21:30","phone":"+91-7666235386","id":"node/5090943810"},"geometry":{"type":"Point","coordinates":[72.8159459,18.9564555]}},{"type":"Feature","id":"node/5091220114","properties":{"amenity":"pharmacy","check_date":"2026-03-20","healthcare":"pharmacy","name":"Rainbow Chemist","id":"node/5091220114"},"geometry":{"type":"Point","coordinates":[72.8153932,18.9569144]}},{"type":"Feature","id":"node/5099863119","properties":{"brand":"Toyota","brand:wikidata":"Q53268","name":"Sinrai Toyota","operator":"Toyota","shop":"car_repair","id":"node/5099863119"},"geometry":{"type":"Point","coordinates":[72.8450559,18.9885274]}},{"type":"Feature","id":"node/5099872961","properties":{"addr:city":"Mumbai","addr:district":"Mumbai","addr:full":"35 Dr E Borges Road, Hospital Avenue, Opposite Shirodkar High School, Parel","addr:postcode":"400012","addr:state":"Maharashtra","addr:street":"Dr Ernest Borges Marg","amenity":"hospital","contact:phone":"+91-22-67670101","email":"info.mum@gleneagleshospitals.co.in","emergency":"yes","healthcare":"hospital","name":"Gleneagles Hospital Super Speciality and Transplant Center","operator":"Gleneagles Hospital","operator:type":"private","source":"OpenGovernmentData","website":"https://www.gleneagleshospitals.co.in","website:1":"https://www.spineexpertmumbai.com/","id":"node/5099872961"},"geometry":{"type":"Point","coordinates":[72.8405011,18.9994432]}},{"type":"Feature","id":"node/5122630399","properties":{"name":"Dadar Terminus","public_transport":"stop_position","id":"node/5122630399"},"geometry":{"type":"Point","coordinates":[72.8444651,19.0186262]}},{"type":"Feature","id":"node/5122630401","properties":{"amenity":"vending_machine","level":"1","vending":"public_transport_tickets","id":"node/5122630401"},"geometry":{"type":"Point","coordinates":[72.843057,19.018748]}},{"type":"Feature","id":"node/5174623522","properties":{"tourism":"hotel","id":"node/5174623522"},"geometry":{"type":"Point","coordinates":[72.8369408,18.9535927]}},{"type":"Feature","id":"node/5174623523","properties":{"amenity":"bus_station","bus":"yes","public_transport":"station","id":"node/5174623523"},"geometry":{"type":"Point","coordinates":[72.8370396,18.9536132]}},{"type":"Feature","id":"node/5174656421","properties":{"amenity":"bus_station","bus":"yes","public_transport":"station","id":"node/5174656421"},"geometry":{"type":"Point","coordinates":[72.8370631,18.9536931]}},{"type":"Feature","id":"node/5193467221","properties":{"amenity":"hospital","healthcare":"hospital","name:en":"Jaslok Hospital","id":"node/5193467221"},"geometry":{"type":"Point","coordinates":[72.8371432,18.9534957]}},{"type":"Feature","id":"node/5206554121","properties":{"addr:housenumber":"7","addr:street":"August Kranti Marg","amenity":"hospital","healthcare":"hospital","name:en":"Dr. Sunil n. vasani","opening_hours":"Mo-Su 16:00-18:00","id":"node/5206554121"},"geometry":{"type":"Point","coordinates":[72.8054881,18.9645402]}},{"type":"Feature","id":"node/5208044723","properties":{"addr:housenumber":"7","addr:street":"August Kranti Marg","amenity":"clinic","healthcare":"clinic","internet_access":"wlan","name:ar":"مستشفى العيون التخصصي/ دكتور سونيل فاساني","name:en":"Eyesrus Ophthalmic/eye hospital","opening_hours":"Mo-Su 10:00-20:00","operator":"Dr. Sunil N. Vasani","phone":"00912223873899","website":"http://www.eyesrus.com","id":"node/5208044723"},"geometry":{"type":"Point","coordinates":[72.8106975,18.9632877]}},{"type":"Feature","id":"node/5209809870","properties":{"amenity":"fast_food","drive_through":"no","name":"Ashok Vada Pav","name:en":"Ashok Vada Pav","name:es":"Ashok Vadá Pav","name:hi":"अशोक वडा पाव","name:km":"អាស្យុក វ៉ដា ប៉ាវ៏","name:mr":"अशोक वडा पाव","opening_hours":"Mo-Sa 11:00-21:30","payment:upi":"yes","phone":"+91-82-2105-0211","id":"node/5209809870"},"geometry":{"type":"Point","coordinates":[72.8313766,19.0205197]}},{"type":"Feature","id":"node/5221295394","properties":{"name":"Siddhivinayak Temple","name:mr":"सिद्धिविनायक मंदिर","public_transport":"stop_position","railway":"stop","subway":"yes","id":"node/5221295394"},"geometry":{"type":"Point","coordinates":[72.8305616,19.015959]}},{"type":"Feature","id":"node/5221295399","properties":{"name":"Worli","name:en":"Worli","name:mr":"वरळी","public_transport":"stop_position","railway":"stop","subway":"yes","id":"node/5221295399"},"geometry":{"type":"Point","coordinates":[72.8192943,19.0085959]}},{"type":"Feature","id":"node/5221295402","properties":{"name":"Girgaon","name:mr":"गिरगाव","public_transport":"stop_position","railway":"stop","ref":"1","start_date":"2025-10-09","subway":"yes","id":"node/5221295402"},"geometry":{"type":"Point","coordinates":[72.8222346,18.952126]}},{"type":"Feature","id":"node/5221297188","properties":{"name":"Dharavi","name:en":"Dharavi","name:hi":"धारावी","name:mr":"धारावी","public_transport":"stop_position","railway":"stop","subway":"yes","id":"node/5221297188"},"geometry":{"type":"Point","coordinates":[72.8494228,19.0461519]}},{"type":"Feature","id":"node/5221297196","properties":{"name":"Shitala Devi Mandir","name:mr":"शितला देवी मंदिर","public_transport":"stop_position","railway":"stop","subway":"yes","id":"node/5221297196"},"geometry":{"type":"Point","coordinates":[72.8420421,19.0383201]}},{"type":"Feature","id":"node/5221297205","properties":{"name":"Dadar","name:en":"Dadar","name:hi":"दादर","name:mr":"दादर","public_transport":"stop_position","railway":"stop","subway":"yes","id":"node/5221297205"},"geometry":{"type":"Point","coordinates":[72.8390467,19.0233528]}},{"type":"Feature","id":"node/5221297425","properties":{"name":"Acharya Atre Chowk","name:en":"Acharya Atre Chowk","name:mr":"आचार्य अत्रे चौक","public_transport":"stop_position","railway":"stop","subway":"yes","id":"node/5221297425"},"geometry":{"type":"Point","coordinates":[72.8177404,18.9978264]}},{"type":"Feature","id":"node/5221297427","properties":{"name":"Science Museum","name:mr":"विज्ञान संग्रहालय","public_transport":"stop_position","railway":"stop","start_date":"2025-10-09","subway":"yes","id":"node/5221297427"},"geometry":{"type":"Point","coordinates":[72.821376,18.9909013]}},{"type":"Feature","id":"node/5221297435","properties":{"name":"Mahalaxmi","name:en":"Mahalaxmi","name:hi":"महालक्ष्मी","name:mr":"महालक्ष्मी","public_transport":"stop_position","railway":"stop","start_date":"2025-10-09","subway":"yes","id":"node/5221297435"},"geometry":{"type":"Point","coordinates":[72.8254218,18.9794475]}},{"type":"Feature","id":"node/5221297443","properties":{"name":"Jagannath Shankar Sheth Metro","name:mr":"जगन्नाथ शंकर शेठ मेट्रो","public_transport":"stop_position","railway":"stop","subway":"yes","id":"node/5221297443"},"geometry":{"type":"Point","coordinates":[72.8212029,18.9699801]}},{"type":"Feature","id":"node/5221297448","properties":{"name":"Grant Road","name:mr":"ग्रँट रोड","public_transport":"stop_position","railway":"stop","start_date":"2025-10-09","subway":"yes","id":"node/5221297448"},"geometry":{"type":"Point","coordinates":[72.8180684,18.9632099]}},{"type":"Feature","id":"node/5221682036","properties":{"addr:city":"Mumbai","addr:housenumber":"301","addr:postcode":"400028","addr:street":"N C Kelkar Marg","amenity":"restaurant","name":"Gomantak Boarding House","phone":"+91-22-2430-5631","id":"node/5221682036"},"geometry":{"type":"Point","coordinates":[72.8422028,19.0232897]}},{"type":"Feature","id":"node/5221682037","properties":{"amenity":"restaurant","name":"Noor Mohammadi Hotel","phone":"+91-22-2345-6008","id":"node/5221682037"},"geometry":{"type":"Point","coordinates":[72.8322448,18.9578129]}},{"type":"Feature","id":"node/5234941334","properties":{"bus":"yes","highway":"bus_stop","name":"Sister Bungalow","operator":"BEST","public_transport":"platform","id":"node/5234941334"},"geometry":{"type":"Point","coordinates":[72.8212303,19.048694]}},{"type":"Feature","id":"node/5246971906","properties":{"addr:city":"Mumbai","addr:postcode":"400050","name":"Desiré the Cake Studio","shop":"pastry","id":"node/5246971906"},"geometry":{"type":"Point","coordinates":[72.8299951,19.0496211]}},{"type":"Feature","id":"node/5246971908","properties":{"amenity":"cafe","name":"Candies","phone":"02226423512","website":"https://www.candiescafe.com/","id":"node/5246971908"},"geometry":{"type":"Point","coordinates":[72.8298692,19.0495544]}},{"type":"Feature","id":"node/5246971911","properties":{"addr:city":"Mumbai","addr:housenumber":"12","addr:postcode":"400050","addr:street":"K C Marg","addr:unit":"11","amenity":"restaurant","cuisine":"seafood","name":"Ferry Wharf","name:en":"Ferry Wharf","name:hi":"फेरी वार्फ","name:mr":"फेरी वार्फ","opening_hours":"Mo-Su 11:00-15:30, 19:00-00:30","phone":"022 2641 0401","id":"node/5246971911"},"geometry":{"type":"Point","coordinates":[72.8293764,19.049285]}},{"type":"Feature","id":"node/5246971916","properties":{"addr:city":"Mumbai","addr:postcode":"400050","amenity":"bar","name":"Door No. 1","opening_hours":"Mo-Su 11:00-01:30","phone":"022 6535 5355","website":"https://www.facebook.com/DoorNo1Bar","id":"node/5246971916"},"geometry":{"type":"Point","coordinates":[72.828595,19.0488947]}},{"type":"Feature","id":"node/5246972024","properties":{"bus":"yes","highway":"bus_stop","name":"Unit Trust of India","name:en":"Unit Trust of India","operator":"BEST","public_transport":"platform","shelter":"yes","id":"node/5246972024"},"geometry":{"type":"Point","coordinates":[72.8283994,19.0498093]}},{"type":"Feature","id":"node/5256641022","properties":{"addr:city":"Mumbai","addr:postcode":"400050","addr:street":"St John Baptist Road","amenity":"fast_food","brand":"Domino's","brand:ks":"ڈومینوز","brand:pa":"ਡੋਮੀਨੋਜ਼","brand:ur":"ڈومینوز","brand:wikidata":"Q839466","brand:wikipedia":"en:Domino's Pizza","cuisine":"pizza","name":"Domino's","name:ks":"ڈومینوز","name:pa":"ਡੋਮੀਨੋਜ਼","name:ur":"ڈومینوز","operator":"Domino's Pizza","phone":"022 6888 6888","takeaway":"yes","id":"node/5256641022"},"geometry":{"type":"Point","coordinates":[72.8258712,19.0482458]}},{"type":"Feature","id":"node/5256641023","properties":{"addr:city":"Mumbai","addr:housenumber":"G-1","addr:postcode":"400050","addr:street":"St John Baptist Road","amenity":"childcare","email":"bandraw@eagerbeavers.in","name":"Eager Beavers Preschool","operator":"Eager Beavers Preschool","phone":"022 6952 2222","id":"node/5256641023"},"geometry":{"type":"Point","coordinates":[72.8259001,19.0483938]}},{"type":"Feature","id":"node/5256641024","properties":{"addr:city":"Mumbai","addr:postcode":"400050","addr:street":"St John Baptist Road","amenity":"bank","atm":"yes","brand":"Bank of India","brand:wikidata":"Q2004439","brand:wikipedia":"en:Bank of India","name":"Bank of India","operator":"Bank of India","website":"https://www.bankofindia.co.in/","id":"node/5256641024"},"geometry":{"type":"Point","coordinates":[72.8260689,19.0482585]}},{"type":"Feature","id":"node/5257269335","properties":{"bus":"yes","highway":"bus_stop","name":"Father Agnel Ashram","operator":"BEST","public_transport":"platform","id":"node/5257269335"},"geometry":{"type":"Point","coordinates":[72.8193366,19.0452107]}},{"type":"Feature","id":"node/5257269336","properties":{"bench":"yes","bin":"no","bus":"yes","highway":"bus_stop","name":"Bandstand","operator":"BEST","public_transport":"platform","shelter":"yes","id":"node/5257269336"},"geometry":{"type":"Point","coordinates":[72.8195669,19.0463299]}},{"type":"Feature","id":"node/5257269338","properties":{"addr:city":"Mumbai","addr:postcode":"400050","addr:street":"Byramji Jeejeebhoy Road","amenity":"fast_food","drive_through":"no","name":"Sai Samudra","name:en":"Sai Samudra","name:hi":"साई समुद्र","name:mr":"साई समुद्र","id":"node/5257269338"},"geometry":{"type":"Point","coordinates":[72.8196283,19.0468902]}},{"type":"Feature","id":"node/5257269351","properties":{"addr:city":"Mumbai","addr:postcode":"400050","addr:street":"Byramji Jeejeebhoy Road","amenity":"cafe","brand":"Barista","brand:wikidata":"Q644735","cuisine":"coffee_shop","name":"Barista","takeaway":"yes","id":"node/5257269351"},"geometry":{"type":"Point","coordinates":[72.8200685,19.0475156]}},{"type":"Feature","id":"node/5258276321","properties":{"bus":"yes","highway":"bus_stop","name":"Sister Bungalow","name:en":"Sister Bungalow","operator":"BEST","public_transport":"platform","id":"node/5258276321"},"geometry":{"type":"Point","coordinates":[72.8208327,19.0494007]}},{"type":"Feature","id":"node/5283982922","properties":{"amenity":"cafe","name":"Third Wave Coffee","id":"node/5283982922"},"geometry":{"type":"Point","coordinates":[72.8137657,18.9554204]}},{"type":"Feature","id":"node/5297499123","properties":{"amenity":"place_of_worship","name:en":"Shaar Harahamim Synagogue","id":"node/5297499123"},"geometry":{"type":"Point","coordinates":[72.8361226,18.9523654]}},{"type":"Feature","id":"node/5302911022","properties":{"name":"Tawakkal sweets","name:en":"Shabbir's Tawakkal sweets","shop":"confectionery","id":"node/5302911022"},"geometry":{"type":"Point","coordinates":[72.8309033,18.9600922]}},{"type":"Feature","id":"node/5304695028","properties":{"addr:postcode":"400007","addr:street":"Patthe Bapurao Marg (Falkland Road)","name:en":"Liberty hotel","tourism":"hotel","id":"node/5304695028"},"geometry":{"type":"Point","coordinates":[72.8229955,18.9618494]}},{"type":"Feature","id":"node/5330830439","properties":{"amenity":"place_of_worship","name":"Jain Derasar","religion":"buddhist","id":"node/5330830439"},"geometry":{"type":"Point","coordinates":[72.8035815,18.9640462]}},{"type":"Feature","id":"node/5341916822","properties":{"addr:housenumber":"250","addr:postcode":"400003","addr:street":"Bara Imam Road","name:en":"City Traders","operator":"Baba Seth","phone":"23471234","shop":"convenience","id":"node/5341916822"},"geometry":{"type":"Point","coordinates":[72.8290827,18.9573621]}},{"type":"Feature","id":"node/5341947221","properties":{"addr:postcode":"400003","addr:street":"BAPU KHOTE STREET","amenity":"community_centre","name:en":"DARGAH HAJI ISMAIL SHAH QADRI","id":"node/5341947221"},"geometry":{"type":"Point","coordinates":[72.8290702,18.9566453]}},{"type":"Feature","id":"node/5353598421","properties":{"amenity":"restaurant","name:en":"Kanishka","id":"node/5353598421"},"geometry":{"type":"Point","coordinates":[72.8119111,18.9769028]}},{"type":"Feature","id":"node/5380297057","properties":{"name":"Mount Blanc View Gallery","tourism":"viewpoint","id":"node/5380297057"},"geometry":{"type":"Point","coordinates":[72.8038864,18.9637178]}},{"type":"Feature","id":"node/5380306300","properties":{"amenity":"place_of_worship","denomination":"Hindu","name":"Digambar Jain Derrasar","religion":"jain","service_times":"07:00-11:00","id":"node/5380306300"},"geometry":{"type":"Point","coordinates":[72.8036901,18.9639253]}},{"type":"Feature","id":"node/5380378592","properties":{"access":"yes","leisure":"sports_centre","name":"Mount Blanc community Pool","operator":"BMC","sport":"swimming","id":"node/5380378592"},"geometry":{"type":"Point","coordinates":[72.8040175,18.9635026]}},{"type":"Feature","id":"node/5389227965","properties":{"name":"Cotton Green","public_transport":"stop_position","railway":"stop","ref":"1","train":"yes","id":"node/5389227965"},"geometry":{"type":"Point","coordinates":[72.843223,18.9865041]}},{"type":"Feature","id":"node/5389227991","properties":{"name":"Dockyard Road","public_transport":"stop_position","railway":"stop","ref":"1","train":"yes","id":"node/5389227991"},"geometry":{"type":"Point","coordinates":[72.8442516,18.9664494]}},{"type":"Feature","id":"node/5448387024","properties":{"amenity":"police","id":"node/5448387024"},"geometry":{"type":"Point","coordinates":[72.837489,18.9978829]}},{"type":"Feature","id":"node/5448387025","properties":{"bus":"yes","highway":"bus_stop","public_transport":"platform","id":"node/5448387025"},"geometry":{"type":"Point","coordinates":[72.8374171,18.9967377]}},{"type":"Feature","id":"node/5448387026","properties":{"bus":"yes","highway":"bus_stop","public_transport":"platform","id":"node/5448387026"},"geometry":{"type":"Point","coordinates":[72.8312379,18.9968489]}},{"type":"Feature","id":"node/5448387027","properties":{"bus":"yes","highway":"bus_stop","public_transport":"platform","id":"node/5448387027"},"geometry":{"type":"Point","coordinates":[72.828809,18.9981953]}},{"type":"Feature","id":"node/5448396122","properties":{"amenity":"fuel","brand":"Hindustan Petroleum","brand:wikidata":"Q1619375","name":"HP","name:en":"HP","official_name":"Hindustan Petroleum","id":"node/5448396122"},"geometry":{"type":"Point","coordinates":[72.8372765,18.9979515]}},{"type":"Feature","id":"node/5448396123","properties":{"bus":"yes","highway":"bus_stop","public_transport":"platform","id":"node/5448396123"},"geometry":{"type":"Point","coordinates":[72.8313983,18.9968531]}},{"type":"Feature","id":"node/5448396124","properties":{"bus":"yes","highway":"bus_stop","public_transport":"platform","id":"node/5448396124"},"geometry":{"type":"Point","coordinates":[72.8314615,19.0037527]}},{"type":"Feature","id":"node/5448406322","properties":{"bus":"yes","highway":"bus_stop","public_transport":"platform","id":"node/5448406322"},"geometry":{"type":"Point","coordinates":[72.8353909,18.9954285]}},{"type":"Feature","id":"node/5448541922","properties":{"bus":"yes","highway":"bus_stop","name":"Shindewadi","name:en":"Shindewadi","name:hi":"शिंदेवाडी","name:mr":"शिंदेवाडी","public_transport":"platform","id":"node/5448541922"},"geometry":{"type":"Point","coordinates":[72.8435305,19.0121195]}},{"type":"Feature","id":"node/5448557522","properties":{"bus":"yes","highway":"bus_stop","public_transport":"platform","id":"node/5448557522"},"geometry":{"type":"Point","coordinates":[72.8305286,19.0043437]}},{"type":"Feature","id":"node/5448557622","properties":{"bus":"yes","highway":"bus_stop","public_transport":"platform","id":"node/5448557622"},"geometry":{"type":"Point","coordinates":[72.8302615,19.0037995]}},{"type":"Feature","id":"node/5448557624","properties":{"bus":"yes","highway":"bus_stop","public_transport":"platform","id":"node/5448557624"},"geometry":{"type":"Point","coordinates":[72.8339358,19.0089893]}},{"type":"Feature","id":"node/5448557625","properties":{"bus":"yes","highway":"bus_stop","public_transport":"platform","id":"node/5448557625"},"geometry":{"type":"Point","coordinates":[72.8381495,19.0061759]}},{"type":"Feature","id":"node/5448604921","properties":{"bus":"yes","highway":"bus_stop","public_transport":"platform","id":"node/5448604921"},"geometry":{"type":"Point","coordinates":[72.8491212,19.019903]}},{"type":"Feature","id":"node/5464620222","properties":{"amenity":"cafe","id":"node/5464620222"},"geometry":{"type":"Point","coordinates":[72.8395928,19.0241428]}},{"type":"Feature","id":"node/5494560190","properties":{"bus":"yes","highway":"bus_stop","name":"John Baptist Road","name:en":"John Baptist Road","operator":"BEST","public_transport":"platform","id":"node/5494560190"},"geometry":{"type":"Point","coordinates":[72.8255723,19.0477052]}},{"type":"Feature","id":"node/5494560213","properties":{"bus":"yes","highway":"bus_stop","name":"Bandstand","operator":"BEST","public_transport":"platform","id":"node/5494560213"},"geometry":{"type":"Point","coordinates":[72.8200868,19.046883]}},{"type":"Feature","id":"node/5570447821","properties":{"name:en":"Milan Guest House","tourism":"hostel","id":"node/5570447821"},"geometry":{"type":"Point","coordinates":[72.8208036,18.9605019]}},{"type":"Feature","id":"node/5664893622","properties":{"amenity":"restaurant","name":"The Bombay Canteen","name:en":"The Bombay Canteen","id":"node/5664893622"},"geometry":{"type":"Point","coordinates":[72.8275828,19.0032336]}},{"type":"Feature","id":"node/5668284373","properties":{"addr:city":"Mumbai","addr:postcode":"400013","addr:street":"Sakubai Mohite Marg","amenity":"police","check_date":"2026-03-20","name":"NM Joshi Marg Police Station","id":"node/5668284373"},"geometry":{"type":"Point","coordinates":[72.8309771,18.9914132]}},{"type":"Feature","id":"node/5705003122","properties":{"addr:city":"Mumbai","addr:housenumber":"28, SoBo Central Mall","addr:postcode":"400034","addr:street":"Pandit Madan Mohan Malviya Marg","air_conditioning":"yes","amenity":"fast_food","brand":"McDonald's","brand:pa":"ਮੈਕਡੋਨਲਡ’ਜ਼","brand:ur":"مکڈونلڈز","brand:wikidata":"Q38076","brand:wikipedia":"en:McDonald's","brand:wikipedia:pa":"ਮੈਕਡੋਨਲਡ’ਜ਼","brand:wikipedia:ur":"مکڈونلڈز","cuisine":"burger","delivery":"yes","drive_through":"yes","name":"McDonald's","name:pa":"ਮੈਕਡੋਨਲਡ’ਜ਼","name:ur":"مکڈونلڈز","opening_hours":"Mo-Su 07:00-01:00","phone":"+91 22 49134705","takeaway":"yes","id":"node/5705003122"},"geometry":{"type":"Point","coordinates":[72.8121123,18.9758059]}},{"type":"Feature","id":"node/5721900390","properties":{"amenity":"music_school","check_date":"2026-03-20","name":"The True School Of Music","id":"node/5721900390"},"geometry":{"type":"Point","coordinates":[72.828015,18.9957036]}},{"type":"Feature","id":"node/5721903743","properties":{"amenity":"place_of_worship","check_date":"2026-03-20","religion":"hindu","id":"node/5721903743"},"geometry":{"type":"Point","coordinates":[72.8280737,18.9956998]}},{"type":"Feature","id":"node/5729637828","properties":{"name":"CYCLOCRAFT","shop":"bicycle","id":"node/5729637828"},"geometry":{"type":"Point","coordinates":[72.8316727,19.0116062]}},{"type":"Feature","id":"node/5762537253","properties":{"amenity":"bar","name:en":"TOIT Brewery Taproom and Kitchen","id":"node/5762537253"},"geometry":{"type":"Point","coordinates":[72.8297384,19.000482]}},{"type":"Feature","id":"node/5777542285","properties":{"name":"Dadar","name:en":"Dadar","name:hi":"दादर","name:mr":"दादर","public_transport":"stop_position","railway":"stop","subway":"yes","id":"node/5777542285"},"geometry":{"type":"Point","coordinates":[72.8393878,19.0238526]}},{"type":"Feature","id":"node/5777542294","properties":{"name":"Siddhivinayak Temple","name:mr":"सिद्धिविनायक मंदिर","public_transport":"stop_position","railway":"stop","subway":"yes","id":"node/5777542294"},"geometry":{"type":"Point","coordinates":[72.8313392,19.0158047]}},{"type":"Feature","id":"node/5777542312","properties":{"name":"Acharya Atre Chowk","name:en":"Acharya Atre Chowk","name:mr":"आचार्य अत्रे चौक","public_transport":"stop_position","railway":"stop","subway":"yes","id":"node/5777542312"},"geometry":{"type":"Point","coordinates":[72.817695,18.9978062]}},{"type":"Feature","id":"node/5777542314","properties":{"name":"Science Museum","name:mr":"विज्ञान संग्रहालय","public_transport":"stop_position","railway":"stop","start_date":"2025-10-09","subway":"yes","id":"node/5777542314"},"geometry":{"type":"Point","coordinates":[72.8213532,18.9908694]}},{"type":"Feature","id":"node/5777542323","properties":{"name":"Mahalaxmi","name:en":"Mahalaxmi","name:hi":"महालक्ष्मी","name:mr":"महालक्ष्मी","public_transport":"stop_position","railway":"stop","start_date":"2025-10-09","subway":"yes","id":"node/5777542323"},"geometry":{"type":"Point","coordinates":[72.8254052,18.9794669]}},{"type":"Feature","id":"node/5777542331","properties":{"name":"Jagannath Shankar Sheth Metro","name:mr":"जगन्नाथ शंकर शेठ मेट्रो","public_transport":"stop_position","railway":"stop","subway":"yes","id":"node/5777542331"},"geometry":{"type":"Point","coordinates":[72.8211783,18.9699867]}},{"type":"Feature","id":"node/5777542336","properties":{"name":"Grant Road","name:mr":"ग्रँट रोड","public_transport":"stop_position","railway":"stop","start_date":"2025-10-09","subway":"yes","id":"node/5777542336"},"geometry":{"type":"Point","coordinates":[72.8180434,18.9632154]}},{"type":"Feature","id":"node/5846473793","properties":{"name:en":"Jindal Mansion","name:hi":"जिंदाल हवेली","tourism":"attraction","id":"node/5846473793"},"geometry":{"type":"Point","coordinates":[72.8095759,18.9734412]}},{"type":"Feature","id":"node/5846473794","properties":{"name:en":"Nehru Centre Art Gallery","name:hi":"नेहरू सेंटर आर्ट गलरी","tourism":"attraction","id":"node/5846473794"},"geometry":{"type":"Point","coordinates":[72.8154769,18.9886234]}},{"type":"Feature","id":"node/5846484885","properties":{"addr:housenumber":"24","addr:postcode":"400026","addr:street":"Dr Gopalrao Deshmukh Marg","name:en":"National Museum of Indian Cinema","name:hi":"भारतीय चित्रपट राष्ट्रीय संग्रहालय","tourism":"museum","website":"https://filmsdivision.org/nmic.html","id":"node/5846484885"},"geometry":{"type":"Point","coordinates":[72.807875,18.9708283]}},{"type":"Feature","id":"node/5868906686","properties":{"name:en":"Ruby Tower","opening_hours":"24/7","operator":"Shah company","tourism":"apartment","id":"node/5868906686"},"geometry":{"type":"Point","coordinates":[72.844591,19.0247469]}},{"type":"Feature","id":"node/5908533454","properties":{"amenity":"place_of_worship","religion":"hindu","id":"node/5908533454"},"geometry":{"type":"Point","coordinates":[72.8474879,19.0004242]}},{"type":"Feature","id":"node/5908533455","properties":{"amenity":"place_of_worship","name":"Baradevi Temple","religion":"hindu","id":"node/5908533455"},"geometry":{"type":"Point","coordinates":[72.8474611,19.0007881]}},{"type":"Feature","id":"node/5921458093","properties":{"description":"Food store","name":"Gala Foods","payment:paytm":"yes","shop":"convenience","id":"node/5921458093"},"geometry":{"type":"Point","coordinates":[72.8416618,18.9904524]}},{"type":"Feature","id":"node/5921458094","properties":{"email":"nitigeneralstores2602@gmail.com","name":"Niti General Store","shop":"convenience","id":"node/5921458094"},"geometry":{"type":"Point","coordinates":[72.8416213,18.990265]}},{"type":"Feature","id":"node/5921458127","properties":{"amenity":"place_of_worship","religion":"hindu","id":"node/5921458127"},"geometry":{"type":"Point","coordinates":[72.8450042,18.9940103]}},{"type":"Feature","id":"node/5921458179","properties":{"bench":"yes","bus":"yes","covered":"yes","highway":"bus_stop","public_transport":"platform","shelter":"yes","id":"node/5921458179"},"geometry":{"type":"Point","coordinates":[72.8407998,19.004731]}},{"type":"Feature","id":"node/5921458193","properties":{"check_date":"2026-03-20","name":"Kohinoor Electronics","phone":"022 6163 6500","shop":"electronics","id":"node/5921458193"},"geometry":{"type":"Point","coordinates":[72.8451923,19.0147252]}},{"type":"Feature","id":"node/5921458226","properties":{"name":"Tempered Glass and Phone Covers (Street shop)","shop":"mobile_phone","id":"node/5921458226"},"geometry":{"type":"Point","coordinates":[72.8422295,19.0229962]}},{"type":"Feature","id":"node/5921458227","properties":{"alt_name":"Samsung","name":"Magnet Telelinkts Pvt. Ltd.","shop":"electronics","id":"node/5921458227"},"geometry":{"type":"Point","coordinates":[72.842434,19.0230666]}},{"type":"Feature","id":"node/5926477278","properties":{"check_date":"2026-03-20","name":"Tata","shop":"office","id":"node/5926477278"},"geometry":{"type":"Point","coordinates":[72.8133618,18.988478]}},{"type":"Feature","id":"node/5972234786","properties":{"addr:housenumber":"1st floor ,","addr:postcode":"400016","addr:street":"Off sitladevi tample rd","name:en":"Amfrid Sequeira Mansion","tourism":"hostel","id":"node/5972234786"},"geometry":{"type":"Point","coordinates":[72.8445767,19.0365497]}},{"type":"Feature","id":"node/5972234787","properties":{"addr:housenumber":"14","addr:postcode":"400016","addr:street":"Lady Jamshedji Road","amenity":"restaurant","name:en":"Shahnaz Restaurant","id":"node/5972234787"},"geometry":{"type":"Point","coordinates":[72.8407666,19.0411258]}},{"type":"Feature","id":"node/5972241985","properties":{"addr:city":"Mumbai","addr:country":"IN","addr:housenumber":"10","addr:postcode":"400016","addr:state":"Maharastra","addr:street":"Lady Jamshedji Road","amenity":"restaurant","name:en":"Delhi Darbar","opening_hours":"Mo-Su 11:30-12:30","id":"node/5972241985"},"geometry":{"type":"Point","coordinates":[72.8407969,19.0410076]}},{"type":"Feature","id":"node/6091772679","properties":{"monorail":"yes","name":"Mint Colony","public_transport":"stop_position","railway":"stop","id":"node/6091772679"},"geometry":{"type":"Point","coordinates":[72.8433105,18.9945335]}},{"type":"Feature","id":"node/6091772680","properties":{"monorail":"yes","name":"Mint Colony","public_transport":"stop_position","railway":"stop","id":"node/6091772680"},"geometry":{"type":"Point","coordinates":[72.843307,18.994504]}},{"type":"Feature","id":"node/6098485885","properties":{"name:en":"Picture us","shop":"photo","id":"node/6098485885"},"geometry":{"type":"Point","coordinates":[72.8039515,18.9689765]}},{"type":"Feature","id":"node/6110235585","properties":{"addr:postcode":"400028","name:en":"S.M. Chicken","shop":"butcher","id":"node/6110235585"},"geometry":{"type":"Point","coordinates":[72.8414921,19.0187782]}},{"type":"Feature","id":"node/6110236585","properties":{"addr:postcode":"400028","addr:street":"Dr D'Silva Marg","name:en":"Mahendra kumar","opening_hours":"Tu-Su 10:00-21:00","shop":"clothes","id":"node/6110236585"},"geometry":{"type":"Point","coordinates":[72.8410875,19.0183797]}},{"type":"Feature","id":"node/6110255887","properties":{"addr:postcode":"400028","addr:street":"Dr D'Silva Marg","amenity":"fast_food","cuisine":"indian","name:en":"Saurashtra","opening_hours":"Mo-Su 07:00-21:00","phone":"+9196199 66399,+912224228063","id":"node/6110255887"},"geometry":{"type":"Point","coordinates":[72.8404862,19.0194416]}},{"type":"Feature","id":"node/6166727726","properties":{"IR:zone":"WR:CCG","local_ref":"1","name":"Mumbai Central (local)","name:hi":"मुम्बई सेन्ट्रल","name:mr":"मुंबई सेंट्रल","network":"WR","old_name":"Bellasis Road","operator":"IR","public_transport":"stop_position","railway":"stop","ref":"MMCT","train":"yes","id":"node/6166727726"},"geometry":{"type":"Point","coordinates":[72.8186917,18.970701]}},{"type":"Feature","id":"node/6168435926","properties":{"bus":"yes","public_transport":"stop_position","source":"AND","id":"node/6168435926"},"geometry":{"type":"Point","coordinates":[72.8139768,18.9785446]}},{"type":"Feature","id":"node/6185698086","properties":{"name:en":"Hotel Al Mehraj (correct location)","tourism":"hotel","id":"node/6185698086"},"geometry":{"type":"Point","coordinates":[72.8369019,18.9556766]}},{"type":"Feature","id":"node/6187816485","properties":{"amenity":"fast_food","name:en":"Local cheap good fastfood","id":"node/6187816485"},"geometry":{"type":"Point","coordinates":[72.814885,18.9786816]}},{"type":"Feature","id":"node/6187817686","properties":{"addr:postcode":"400028","amenity":"atm","brand":"Indian Bank","brand:wikidata":"Q2003789","brand:wikipedia":"en:Indian Bank","name":"Indian Bank","name:en":"Indian bank","operator":"Indian Bank","operator:wikidata":"Q2003789","operator:wikipedia":"en:Indian Bank","id":"node/6187817686"},"geometry":{"type":"Point","coordinates":[72.8415427,19.0205928]}},{"type":"Feature","id":"node/6187817687","properties":{"name:en":"Panshikar Bros.","shop":"confectionery","id":"node/6187817687"},"geometry":{"type":"Point","coordinates":[72.8406581,19.0199375]}},{"type":"Feature","id":"node/6187817688","properties":{"amenity":"place_of_worship","name:en":"Gajanan Maharaj Temple","religion":"hindu","id":"node/6187817688"},"geometry":{"type":"Point","coordinates":[72.8386629,19.0179338]}},{"type":"Feature","id":"node/6187817689","properties":{"leisure":"playground","id":"node/6187817689"},"geometry":{"type":"Point","coordinates":[72.8387056,19.0181097]}},{"type":"Feature","id":"node/6187853585","properties":{"amenity":"restaurant","name:en":"Visawa","opening_hours":"Mo-Su 10:00-23:00","id":"node/6187853585"},"geometry":{"type":"Point","coordinates":[72.8407118,19.0195883]}},{"type":"Feature","id":"node/6187853586","properties":{"amenity":"fast_food","name:en":"Tambe Aarogya Bhavan","id":"node/6187853586"},"geometry":{"type":"Point","coordinates":[72.840752,19.0200638]}},{"type":"Feature","id":"node/6201766085","properties":{"amenity":"fast_food","check_date":"2026-03-20","cuisine":"breakfast","name:en":"Bhaji","id":"node/6201766085"},"geometry":{"type":"Point","coordinates":[72.8453947,19.0150397]}},{"type":"Feature","id":"node/6215441085","properties":{"amenity":"bar","cuisine":"indian","internet_access":"wlan","name:en":"Doolally Taproom","id":"node/6215441085"},"geometry":{"type":"Point","coordinates":[72.8077824,18.9640974]}},{"type":"Feature","id":"node/6286272876","properties":{"bench":"yes","bin":"no","bus":"yes","highway":"bus_stop","lit":"no","name":"Khodadad Circle","public_transport":"platform","shelter":"yes","id":"node/6286272876"},"geometry":{"type":"Point","coordinates":[72.8489133,19.0190729]}},{"type":"Feature","id":"node/6286272880","properties":{"bus":"yes","highway":"bus_stop","name":"Khodadad Circle","name:hi":"खोदादाद सर्कल","public_transport":"platform","id":"node/6286272880"},"geometry":{"type":"Point","coordinates":[72.8480762,19.0185815]}},{"type":"Feature","id":"node/6286272884","properties":{"bench":"yes","bus":"yes","highway":"bus_stop","name":"Khodadad Circle","name:hi":"खोदादाद सर्कल","public_transport":"platform","shelter":"yes","id":"node/6286272884"},"geometry":{"type":"Point","coordinates":[72.846933,19.0170111]}},{"type":"Feature","id":"node/6286296573","properties":{"bus":"yes","public_transport":"stop_position","id":"node/6286296573"},"geometry":{"type":"Point","coordinates":[72.8423987,19.0229687]}},{"type":"Feature","id":"node/6286296575","properties":{"bus":"yes","public_transport":"stop_position","id":"node/6286296575"},"geometry":{"type":"Point","coordinates":[72.8415288,19.0235317]}},{"type":"Feature","id":"node/6286296576","properties":{"bus":"yes","public_transport":"stop_position","id":"node/6286296576"},"geometry":{"type":"Point","coordinates":[72.8410496,19.0241965]}},{"type":"Feature","id":"node/6292840586","properties":{"amenity":"clinic","healthcare":"clinic","name":"Nicholson Eye Clinic","id":"node/6292840586"},"geometry":{"type":"Point","coordinates":[72.8195439,18.9617036]}},{"type":"Feature","id":"node/6335029686","properties":{"addr:street":"Dr Annie Besant Road","amenity":"place_of_worship","name:en":"Nipponzhan Myohoji","religion":"buddhist","id":"node/6335029686"},"geometry":{"type":"Point","coordinates":[72.8158473,19.0007974]}},{"type":"Feature","id":"node/6356585085","properties":{"addr:postcode":"400004","addr:street":"Grant Road","amenity":"restaurant","cuisine":"chicken;indian","diet:vegetarian":"yes","name:en":"Mughlai Fusion","phone":"+91 22 2382 2402","id":"node/6356585085"},"geometry":{"type":"Point","coordinates":[72.8197009,18.9597133]}},{"type":"Feature","id":"node/6367526843","properties":{"amenity":"fountain","id":"node/6367526843"},"geometry":{"type":"Point","coordinates":[72.8365083,18.9554897]}},{"type":"Feature","id":"node/6367693478","properties":{"amenity":"restaurant","name":"Cafe Islam","id":"node/6367693478"},"geometry":{"type":"Point","coordinates":[72.8374659,18.9589473]}},{"type":"Feature","id":"node/6367704885","properties":{"name":"Ayurvedic Shop","shop":"chemist","id":"node/6367704885"},"geometry":{"type":"Point","coordinates":[72.8369324,18.9588959]}},{"type":"Feature","id":"node/6367704894","properties":{"amenity":"restaurant","name":"Ahmadi","id":"node/6367704894"},"geometry":{"type":"Point","coordinates":[72.837211,18.9589669]}},{"type":"Feature","id":"node/6367704895","properties":{"amenity":"fast_food","name":"Shimla Cold Drinks","id":"node/6367704895"},"geometry":{"type":"Point","coordinates":[72.8364788,18.9586904]}},{"type":"Feature","id":"node/6367704896","properties":{"amenity":"restaurant","name":"Azad","id":"node/6367704896"},"geometry":{"type":"Point","coordinates":[72.8365807,18.9584913]}},{"type":"Feature","id":"node/6369470198","properties":{"addr:city":"Mumbai","amenity":"place_of_worship","name":"Darkhana Jamatkhana","id":"node/6369470198"},"geometry":{"type":"Point","coordinates":[72.8365043,18.9557459]}},{"type":"Feature","id":"node/6369646785","properties":{"name:en":"Dhobi Ghat Viewpoint","tourism":"viewpoint","id":"node/6369646785"},"geometry":{"type":"Point","coordinates":[72.8247003,18.982048]}},{"type":"Feature","id":"node/6391188738","properties":{"bus":"yes","departures_board":"no","highway":"bus_stop","name":"Dadar Station (E)","network":"BEST","operator":"BEST","public_transport":"platform","ref":"02239","shelter":"yes","id":"node/6391188738"},"geometry":{"type":"Point","coordinates":[72.8444275,19.0179878]}},{"type":"Feature","id":"node/6391188739","properties":{"bus":"yes","departures_board":"no","highway":"bus_stop","name":"Dadar Station(E)","operator":"BEST","public_transport":"platform","ref":"02238","shelter":"yes","id":"node/6391188739"},"geometry":{"type":"Point","coordinates":[72.8443808,19.0180011]}},{"type":"Feature","id":"node/6489785895","properties":{"name:en":"Shree Book Centre","phone":"022 2437 7516","shop":"books","website":"https://www.shreebookcentre.com/","id":"node/6489785895"},"geometry":{"type":"Point","coordinates":[72.8427924,19.0325121]}},{"type":"Feature","id":"node/6494501287","properties":{"check_date":"2026-03-20","name:en":"Baro","shop":"furniture","id":"node/6494501287"},"geometry":{"type":"Point","coordinates":[72.8274808,18.9942754]}},{"type":"Feature","id":"node/6494986078","properties":{"amenity":"restaurant","cuisine":"Indian-_Gujarati rajasthani Chaat","name":"Soam Restaurant","id":"node/6494986078"},"geometry":{"type":"Point","coordinates":[72.8089759,18.9574682]}},{"type":"Feature","id":"node/6498408219","properties":{"monorail":"yes","name":"Lower Parel","public_transport":"station","railway":"station","station":"monorail","wikidata":"Q63346703","id":"node/6498408219"},"geometry":{"type":"Point","coordinates":[72.8314698,18.9931201]}},{"type":"Feature","id":"node/6507561285","properties":{"amenity":"bar","name:en":"White owl","id":"node/6507561285"},"geometry":{"type":"Point","coordinates":[72.8319254,19.0055841]}},{"type":"Feature","id":"node/6507896887","properties":{"amenity":"cafe","brand":"Starbucks","brand:wikidata":"Q37158","cuisine":"coffee_shop","name":"Starbucks","name:en":"Starbucks","official_name":"Starbucks Coffee","takeaway":"yes","id":"node/6507896887"},"geometry":{"type":"Point","coordinates":[72.8260998,19.0047564]}},{"type":"Feature","id":"node/6512947785","properties":{"name:en":"Regal restaurant and bakery","shop":"bakery","id":"node/6512947785"},"geometry":{"type":"Point","coordinates":[72.8333365,18.9761843]}},{"type":"Feature","id":"node/6513923685","properties":{"amenity":"nightclub","name:en":"Social","id":"node/6513923685"},"geometry":{"type":"Point","coordinates":[72.8296554,18.998621]}},{"type":"Feature","id":"node/6608919567","properties":{"amenity":"veterinary","name":"Gamdevi Animal Shelter","id":"node/6608919567"},"geometry":{"type":"Point","coordinates":[72.8117554,18.9588315]}},{"type":"Feature","id":"node/6608966495","properties":{"amenity":"bank","brand":"State Bank of India","brand:wikidata":"Q1340361","brand:wikipedia":"en:State Bank of India","name":"State Bank of India","short_name":"SBI","id":"node/6608966495"},"geometry":{"type":"Point","coordinates":[72.8101721,18.9574536]}},{"type":"Feature","id":"node/6608967031","properties":{"artwork_type":"statue","name":"Lokmanya Tilak  Statue","tourism":"artwork","id":"node/6608967031"},"geometry":{"type":"Point","coordinates":[72.813357,18.9549555]}},{"type":"Feature","id":"node/6608967032","properties":{"artwork_type":"statue","name":"Shri Vithalbhai J Patel","tourism":"artwork","id":"node/6608967032"},"geometry":{"type":"Point","coordinates":[72.812023,18.9555788]}},{"type":"Feature","id":"node/6614922840","properties":{"addr:city":"Mumbai","addr:housenumber":"1st floot, Soni Building","addr:postcode":"400007","addr:street":"P Ramabai Marg","air_conditioning":"yes","amenity":"restaurant","bar":"no","cuisine":"indian;regional","name":"The Culture House","opening_hours":"Mo-Su 11:00-23:30","phone":"+91 22 2361 4477 / +91 22 23614466","smoking":"no","id":"node/6614922840"},"geometry":{"type":"Point","coordinates":[72.81022,18.9570729]}},{"type":"Feature","id":"node/6641773048","properties":{"addr:city":"Mumbai","addr:housenumber":"SoBo Central","addr:postcode":"400034","addr:street":"Pandit Madan Mohan Malviya Marg","clothes":"women;underwear;children;men;wedding;sports;workwear;lingerie;suits;denim;babies;fashion;traditional;bridal;unisex;hats;shoes","name":"Brand Factory","opening_hours":"Mo-Su 11:00-21:30","shop":"clothes","website":"https://www.brandfactoryonline.com/","id":"node/6641773048"},"geometry":{"type":"Point","coordinates":[72.8120943,18.9758391]}},{"type":"Feature","id":"node/6661895499","properties":{"loc_ref":"1","name":"Grant Road","public_transport":"stop_position","railway":"stop","train":"yes","id":"node/6661895499"},"geometry":{"type":"Point","coordinates":[72.8159514,18.9632818]}},{"type":"Feature","id":"node/6790531869","properties":{"addr:city":"Mumbai","addr:housenumber":"108","addr:place":"Neelam Building","addr:street":"Dr. R. G. Thadani Marg","amenity":"cafe","brand":"Cafe Coffee Day","brand:wikidata":"Q5017235","brand:wikipedia":"en:Café Coffee Day","cuisine":"coffee_shop","internet_access":"wlan","name":"Cafe Coffee Day","takeaway":"yes","id":"node/6790531869"},"geometry":{"type":"Point","coordinates":[72.8144272,19.0020823]}},{"type":"Feature","id":"node/6797130006","properties":{"addr:city":"Mumbai","amenity":"place_of_worship","name":"Shree Mumbadevi Temple","religion":"hindu","id":"node/6797130006"},"geometry":{"type":"Point","coordinates":[72.8307259,18.9519817]}},{"type":"Feature","id":"node/6813413581","properties":{"addr:postcode":"400010","amenity":"ferry_terminal","ferry":"yes","name":"Bhaucha Dhakka / Ferry Wharf","name:mr":"भाऊचा धक्का","public_transport":"station","id":"node/6813413581"},"geometry":{"type":"Point","coordinates":[72.8494839,18.9568222]}},{"type":"Feature","id":"node/6813467113","properties":{"name":"Bandra Fort Gate","tourism":"attraction","id":"node/6813467113"},"geometry":{"type":"Point","coordinates":[72.8185972,19.042924]}},{"type":"Feature","id":"node/6816067581","properties":{"addr:city":"Mumbai","addr:housenumber":"166-A","addr:street":"Pandit Madan Mohan Malviya Marg","amenity":"restaurant","name":"Sardar Pav Phaji","id":"node/6816067581"},"geometry":{"type":"Point","coordinates":[72.8148737,18.9698483]}},{"type":"Feature","id":"node/6881057798","properties":{"addr:city":"Mumbai","addr:district":"MUMBAI","addr:full":"Imperial Mahal, 2nd Floor Above Shabana Stores, Khodadad Circle, Dr. B. A. Ambedkar Road, Dadar TT, Mumbai","addr:postcode":"400014","addr:state":"Maharashtra","amenity":"blood_bank","contact:mobile":"+91-98200-00236","contact:phone":"+91-22-2415-4826;+91-22-2415-4827","healthcare":"blood_bank","level":"2","name":"Ashirwad Blood Bank","opening_hours":"24/7","operator:type":"ngo","source":"OpenGovernmentData","id":"node/6881057798"},"geometry":{"type":"Point","coordinates":[72.8482195,19.0172597]}},{"type":"Feature","id":"node/6881057850","properties":{"addr:city":"Mumbai","addr:district":"MUMBAI","addr:full":"698-B Ranade Road, Dadar, Mumbai","addr:postcode":"400028","addr:state":"Maharashtra","amenity":"blood_bank","contact:mobile":"9022240366","contact:phone":"02224469579; 02225288698","name":"Shushrusha Citizens Co-operative Hospital Blood Bank","opening_hours":"24/7","operator:type":"ngo","source":"OpenGovernmentData","id":"node/6881057850"},"geometry":{"type":"Point","coordinates":[72.8378816,19.0233474]}},{"type":"Feature","id":"node/6884803644","properties":{"addr:city":"Mumbai","addr:district":"MUMBAI","addr:full":"Parekh House, Ground Floor, Mama Parmanand Marg, Mumbai","addr:postcode":"400004","addr:state":"Maharashtra","amenity":"blood_bank","contact:mobile":"9820070001","contact:phone":"2223691297","fax":"022 23610912","name":"Hematology Laboratory Blood Bank","operator:type":"private","source":"OpenGovernmentData","id":"node/6884803644"},"geometry":{"type":"Point","coordinates":[72.8159706,18.9552278]}},{"type":"Feature","id":"node/6884803657","properties":{"addr:city":"Mumbai","addr:district":"MUMBAI","addr:full":"Mahim, Raheja Rugnalaya Marg, Mumbai","addr:postcode":"400016","addr:state":"Maharashtra","amenity":"blood_bank","contact:mobile":"9821241031","contact:phone":"02224445528; 02266529682; 02224449418","name":"S. L. Raheja Hospital Blood Bank","opening_hours":"24/7","operator:type":"ngo","source":"OpenGovernmentData","id":"node/6884803657"},"geometry":{"type":"Point","coordinates":[72.8425392,19.0464145]}},{"type":"Feature","id":"node/6884803658","properties":{"addr:city":"Mumbai","addr:district":"MUMBAI","addr:full":"Veer Savarkar Road, Mahim (W), Mumbai","addr:postcode":"400016","addr:state":"Maharashtra","amenity":"blood_bank","contact:mobile":"9820606355","contact:phone":"02224447308; 02224447309; 02224447310","fax":"022 24447310","name":"P. D. Hinduja National Hospital And Medical Research Centre Blood Bank","opening_hours":"24/7","operator:type":"ngo","source":"OpenGovernmentData","website":"https://www.hindujahospital.com/","id":"node/6884803658"},"geometry":{"type":"Point","coordinates":[72.8381968,19.0333696]}},{"type":"Feature","id":"node/6884803659","properties":{"addr:city":"Mumbai","addr:district":"MUMBAI","addr:full":"5th Floor, Service Block, Dr. E. Borges Road, Parel, Mumbai","addr:postcode":"400012","addr:state":"Maharashtra","amenity":"blood_bank","contact:mobile":"9820340073","contact:phone":"02224177000; 02224127096(Extn.4682; 4684)","fax":"022 24146937","name":"Tata Memorial Hospital Blood Bank","opening_hours":"24/7","operator:type":"government","source":"OpenGovernmentData","website":"http://www.tmc.gov.in","id":"node/6884803659"},"geometry":{"type":"Point","coordinates":[72.8436148,19.005036]}},{"type":"Feature","id":"node/6884803660","properties":{"addr:city":"Mumbai","addr:district":"MUMBAI","addr:full":"Acharya Donde Marg, Parel, Mumbai","addr:postcode":"400012","addr:state":"Maharashtra","amenity":"blood_bank","check_date":"2026-03-20","contact:mobile":"9004362229","contact:phone":"02224165638; 02224146963; 02224146964; 02224146965; (Extn124)","email":"wadiabloodbank@gmail.com","name":"N. Wadia Maternity Hospital Blood Bank","opening_hours":"24/7","operator:type":"ngo","source":"OpenGovernmentData","website":"http://www.nowrosjeewadiamaternityhospital.com","id":"node/6884803660"},"geometry":{"type":"Point","coordinates":[72.842727,19.0033837]}},{"type":"Feature","id":"node/6884803661","properties":{"addr:city":"Mumbai","addr:district":"MUMBAI","addr:full":"Acharya Donde Marg, Parel, Mumbai","addr:postcode":"400012","addr:state":"Maharashtra","amenity":"blood_bank","check_date":"2026-03-20","contact:mobile":"9869104114","contact:phone":"02224107421; 02224107246; 02224107249; 02224107000","fax":"022 24135189","name":"K. E. M. Hospital's Blood Bank","opening_hours":"24/7","operator:type":"government","source":"OpenGovernmentData","id":"node/6884803661"},"geometry":{"type":"Point","coordinates":[72.8422348,19.0017556]}},{"type":"Feature","id":"node/6884803674","properties":{"addr:city":"Mumbai","addr:district":"MUMBAI","addr:full":"Sir J.J Mahanagar Raktapedhi, F. D. Petit Building, J.J.Campus, J. J. Road, Byculla, Mumbai","addr:postcode":"400008","addr:state":"Maharashtra","amenity":"blood_bank","contact:mobile":"8275001905","contact:phone":"02223735585;02223733531","fax":"022 23733338","healthcare":"blood_bank","name":"Sir J.J.Mahanagar Rakthapedhi","opening_hours":"24/7","operator:type":"ngo","source":"OpenGovernmentData","website":"http://www.mahasbtc.com","id":"node/6884803674"},"geometry":{"type":"Point","coordinates":[72.8325105,18.9633427]}},{"type":"Feature","id":"node/6884803675","properties":{"addr:city":"Mumbai","addr:district":"MUMBAI","addr:full":"Main Building, Ground Floor, Sir J. J. Hospital, Byculla, Mumbai","addr:postcode":"400008","addr:state":"Maharashtra","amenity":"blood_bank","contact:mobile":"9322106373","contact:phone":"02223735555; 02223739400(Extn.2248; 2238)","fax":"022 23735599","name":"Sir J.J.Group of Hospital Blood Bank","opening_hours":"24/7","operator:type":"government","source":"OpenGovernmentData","website":"https://gmcjjh.org/","id":"node/6884803675"},"geometry":{"type":"Point","coordinates":[72.833814,18.963434]}},{"type":"Feature","id":"node/6884803676","properties":{"addr:city":"Mumbai","addr:district":"MUMBAI","addr:full":"Aga Hall, Nesbit Road, Mazgaon, Mumbai","addr:postcode":"400010","addr:state":"Maharashtra","amenity":"blood_bank","contact:mobile":"9821035341","contact:phone":"02223777934; 02223777936; 02223777800; 02223777907; 02223777908","fax":"022 23743820","name":"Prince Aly Khan Hospital Blood Bank","opening_hours":"24/7","operator:type":"ngo","source":"OpenGovernmentData","id":"node/6884803676"},"geometry":{"type":"Point","coordinates":[72.8366116,18.970927]}},{"type":"Feature","id":"node/6884803677","properties":{"addr:city":"Mumbai","addr:district":"MUMBAI","addr:full":"Sant Savta Marg, Byculla (E)","addr:postcode":"400027","addr:state":"Maharashtra","amenity":"blood_bank","contact:mobile":"8879231091","contact:phone":"2223700715","email":"bloodbankmasina@gmail.com; bloodbankmasina@rediffmail.com","name":"Masina Hospital Blood Bank","opening_hours":"24/7","operator:type":"ngo","source":"OpenGovernmentData","website":"https://www.masinahospital.com/","id":"node/6884803677"},"geometry":{"type":"Point","coordinates":[72.8362817,18.9743259]}},{"type":"Feature","id":"node/6884803678","properties":{"addr:city":"Mumbai","addr:district":"MUMBAI","addr:full":"New OPD Building. 2nd Floor, Dr. A. L. Nair Road Mumbai Central, Mumbai","addr:postcode":"400008","addr:state":"Maharashtra","amenity":"blood_bank","check_date":"2026-03-20","contact:mobile":"9820887694","contact:phone":"02223027644; 02223027645; 02223098150","fax":"022 23072663","name":"B. Y. L. Nair Hospital's Blood Bank","opening_hours":"24/7","operator:type":"government","source":"OpenGovernmentData","wheelchair":"limited","id":"node/6884803678"},"geometry":{"type":"Point","coordinates":[72.8220378,18.9744186]}},{"type":"Feature","id":"node/6884803680","properties":{"addr:city":"Mumbai","addr:district":"MUMBAI","addr:full":"60 A, Bhulabhai Desai Road, Mumbai","addr:postcode":"400026","addr:state":"Maharashtra","amenity":"blood_bank","contact:mobile":"9820286291","contact:phone":"02223667811; 02223872666","fax":"022 23632520, 022 23672666","name":"Breach Candy Hospital And Research Centre Blood Bank","opening_hours":"24/7","operator:type":"ngo","source":"OpenGovernmentData","website":"https://www.breachcandyhospital.org/","id":"node/6884803680"},"geometry":{"type":"Point","coordinates":[72.8043044,18.9726392]}},{"type":"Feature","id":"node/6884803681","properties":{"addr:city":"Mumbai","addr:district":"MUMBAI","addr:full":"B.Petit Road, Cumballa Hill, Mumbai","addr:postcode":"400036","addr:state":"Maharashtra","amenity":"blood_bank","contact:mobile":"9323570506","contact:phone":"02261186190; 02261186192; 02261186333","fax":"022 61186333","name":"The B.D. Petit Parsee General Hospital Blood Bank","opening_hours":"24/7","operator:type":"ngo","source":"OpenGovernmentData","id":"node/6884803681"},"geometry":{"type":"Point","coordinates":[72.8086455,18.9686752]}},{"type":"Feature","id":"node/6884803721","properties":{"addr:city":"Mumbai","addr:district":"MUMBAI","addr:full":"15/17, Maharishi Karve Marg, Opposite to Charni Road Station Mumbai","addr:postcode":"400004","addr:state":"Maharashtra","amenity":"blood_bank","contact:mobile":"9869784307","contact:phone":"2267571140","fax":"022 67570777","name":"Saifee Hospital Trust Blood Bank","opening_hours":"24/7","operator:type":"ngo","source":"OpenGovernmentData","id":"node/6884803721"},"geometry":{"type":"Point","coordinates":[72.8185882,18.9522583]}},{"type":"Feature","id":"node/6898546037","properties":{"addr:city":"Mumbai","addr:district":"MUMBAI","addr:full":"Mumbai","addr:state":"Maharashtra","amenity":"blood_bank","check_date":"2026-03-20","name":"ESI-PGIMSR, MGM Hospital Blood Bank","operator:type":"government","source":"OpenGovernmentData","id":"node/6898546037"},"geometry":{"type":"Point","coordinates":[72.8429469,18.997112]}},{"type":"Feature","id":"node/6898546100","properties":{"addr:city":"Mumbai","addr:district":"MUMBAI","addr:full":"93-95, August Kranti Maidan, Mumbai","addr:postcode":"400036","addr:state":"Maharashtra","amenity":"blood_bank","contact:mobile":"9821097083","contact:phone":"02223803674; 02223803336; 02223514740; 02223511551","name":"Cumbala Hill Hospital And Heart Institute Blood Bank","opening_hours":"24/7","operator:type":"ngo","source":"OpenGovernmentData","id":"node/6898546100"},"geometry":{"type":"Point","coordinates":[72.8088292,18.9635278]}},{"type":"Feature","id":"node/6905009808","properties":{"addr:city":"Mumbai","addr:district":"MUMBAI","addr:full":"Tukaram Javji Road, Tardeo, Mumbai","addr:postcode":"400007","addr:state":"Maharashtra","amenity":"blood_bank","contact:phone":"02266660656; 02266660032","name":"Bhatia General Hospital and Blood Bank","source":"OpenGovernmentData","id":"node/6905009808"},"geometry":{"type":"Point","coordinates":[72.8134373,18.9656814]}},{"type":"Feature","id":"node/6905530290","properties":{"addr:city":"Mumbai","addr:district":"MUMBAI","addr:full":"Central Railway Byculla, (E) Mumbai","addr:postcode":"400027","addr:state":"Maharashtra","amenity":"blood_bank","contact:phone":"02223791964; 02223717246; 02267452926; 02267452950; 02223726588","name":"Dr. Babasaheb Ambedkar Memorial Hospital - Central Railway Hospital Blood Bank","source":"OpenGovernmentData","id":"node/6905530290"},"geometry":{"type":"Point","coordinates":[72.8336397,18.9802476]}},{"type":"Feature","id":"node/6965624162","properties":{"addr:city":"Mumbai","addr:housenumber":"2, Parmanand Building","addr:postcode":"400007","addr:street":"A R Rangnekar Marg","air_conditioning":"no","amenity":"restaurant","cuisine":"indian","name":"Narayan Dosa","opening_hours":"Mo-Su 12:00-23:00","phone":"+919819057490 +919920793287","id":"node/6965624162"},"geometry":{"type":"Point","coordinates":[72.8132718,18.9573572]}},{"type":"Feature","id":"node/6965624171","properties":{"addr:city":"Mumbai","addr:housenumber":"1 & 2 Parmanand Building","addr:postcode":"400007","addr:street":"A R Rangnekar Marg","air_conditioning":"no","amenity":"fast_food","cuisine":"pizza;chinese;italian;burger;sandwich;salads;soup","delivery":"yes","drive_through":"no","name":"Mama Mia!","opening_hours":"Mo-Su 11:00-23:00","phone":"+91226520 7659 +917304480113 +917304480112","id":"node/6965624171"},"geometry":{"type":"Point","coordinates":[72.8132296,18.9573588]}},{"type":"Feature","id":"node/6982475188","properties":{"name:en":"Train ticket booking counter","shop":"ticket","id":"node/6982475188"},"geometry":{"type":"Point","coordinates":[72.8275963,18.9966396]}},{"type":"Feature","id":"node/6982475286","properties":{"amenity":"atm","brand":"State Bank of India","brand:wikidata":"Q1340361","name":"State Bank of India","operator":"State Bank of India","operator:wikidata":"Q1340361","short_name":"SBI","id":"node/6982475286"},"geometry":{"type":"Point","coordinates":[72.8281849,18.9963121]}},{"type":"Feature","id":"node/6984478185","properties":{"amenity":"cafe","name:en":"The chocolate heaven","id":"node/6984478185"},"geometry":{"type":"Point","coordinates":[72.8386046,19.0316071]}},{"type":"Feature","id":"node/6990627585","properties":{"addr:street":"Kennedy Bridge","name:en":"YC Design Motorcycle Restoration - Ask for Yogi!","phone":"+919820109654","shop":"motorcycle","id":"node/6990627585"},"geometry":{"type":"Point","coordinates":[72.814607,18.9610802]}},{"type":"Feature","id":"node/6991331085","properties":{"addr:postcode":"400028","addr:street":"D L Vaidya Marg","amenity":"place_of_worship","email":"admin@dadarmath.com","name:en":"SWAMI SAMARTHA MAHARAJAS MATH","phone":"02224373914","website":"https://www.dadarmath.com","id":"node/6991331085"},"geometry":{"type":"Point","coordinates":[72.8408005,19.0239741]}},{"type":"Feature","id":"node/6991331185","properties":{"addr:housenumber":"400028","addr:street":"D L Vaidya Marg","amenity":"hospital","healthcare":"hospital","name:en":"DHANVANTARI HOSPITAL","id":"node/6991331185"},"geometry":{"type":"Point","coordinates":[72.8407113,19.0239187]}},{"type":"Feature","id":"node/6994429712","properties":{"check_date":"2026-03-20","name":"[XYZ] Ragi Vala","shop":"newsagent","id":"node/6994429712"},"geometry":{"type":"Point","coordinates":[72.8215413,18.9958289]}},{"type":"Feature","id":"node/7017923087","properties":{"name":"कमला नेहरू पार्क","name:en":"Kamala Nehru Park","tourism":"attraction","id":"node/7017923087"},"geometry":{"type":"Point","coordinates":[72.8048874,18.9549022]}},{"type":"Feature","id":"node/7025612186","properties":{"amenity":"fast_food","name:en":"Best dosa of your life","name:nl":"beste dosa van je leven","id":"node/7025612186"},"geometry":{"type":"Point","coordinates":[72.8355417,18.9533702]}},{"type":"Feature","id":"node/7025617485","properties":{"amenity":"fast_food","name:en":"best dosa of your life","name:nl":"beste dosa van je leven","id":"node/7025617485"},"geometry":{"type":"Point","coordinates":[72.8359415,18.9533542]}},{"type":"Feature","id":"node/7036651185","properties":{"addr:postcode":"400018","addr:street":"Dr Annie Besant Road","amenity":"cafe","cuisine":"mediterranean;pizza;italian;thai;mexican","name:en":"Light House Cafe","opening_hours":"Mo-Su 10:30-01:30","phone":"+9199674 14148","website":"http://lighthousecafe.co.in/","id":"node/7036651185"},"geometry":{"type":"Point","coordinates":[72.81483,18.9943158]}},{"type":"Feature","id":"node/7043021751","properties":{"amenity":"restaurant","level":"1","name":"Food Court","id":"node/7043021751"},"geometry":{"type":"Point","coordinates":[72.8072705,18.9764034]}},{"type":"Feature","id":"node/7043029188","properties":{"amenity":"restaurant","cuisine":"indian","level":"0","name":"Shobha","id":"node/7043029188"},"geometry":{"type":"Point","coordinates":[72.8072354,18.9762366]}},{"type":"Feature","id":"node/7043029194","properties":{"amenity":"restaurant","level":"0","name":"The Ghetto","id":"node/7043029194"},"geometry":{"type":"Point","coordinates":[72.8072507,18.9764025]}},{"type":"Feature","id":"node/7043071383","properties":{"addr:district":"Mumbai","addr:full":"5,Pashmina Peddar Road","addr:postcode":"400026","addr:state":"Maharashtra","amenity":"clinic","healthcare":"clinic","name":"Soonawala Clinic","source":"OpenGovernmentData","id":"node/7043071383"},"geometry":{"type":"Point","coordinates":[72.8090102,18.9678956]}},{"type":"Feature","id":"node/7043448094","properties":{"addr:district":"Mumbai","addr:full":"(Dr Mangeshikar Clinic) Madhav Niwas , 8. Laburnum Road , Bombay","addr:postcode":"400007","addr:state":"Maharashtra","amenity":"hospital","name":"Mangeshikar Access Gynecology and Infertility Center","source":"OpenGovernmentData","id":"node/7043448094"},"geometry":{"type":"Point","coordinates":[72.8102066,18.9603152]}},{"type":"Feature","id":"node/7043534838","properties":{"addr:district":"Mumbai","addr:full":"157 Bhagyalaxmi, 3rd Floor, Sir Bhalchandra Road, Hindu Colony, Dadar","addr:postcode":"400014","addr:state":"Maharashtra","amenity":"clinic","email":"info@khandeparkarsivf.com","healthcare":"clinic","name":"Dr Khandeparkar's Nursing Home","source":"OpenGovernmentData","website":"https://khandeparkarsivf.com/","id":"node/7043534838"},"geometry":{"type":"Point","coordinates":[72.8496136,19.0217715]}},{"type":"Feature","id":"node/7043746201","properties":{"addr:district":"Mumbai","addr:full":"Dadar","addr:postcode":"400014","addr:state":"Maharashtra","amenity":"clinic","check_date":"2026-03-20","name":"Ashirvad Clinic(Dr.Vandana Walvekar)","source":"OpenGovernmentData","id":"node/7043746201"},"geometry":{"type":"Point","coordinates":[72.8474732,19.0207952]}},{"type":"Feature","id":"node/7044064894","properties":{"addr:district":"Mumbai","addr:full":"Meghdoot, S.H.Paralkar Marg, Shivaji Park, Dadar (W)","addr:postcode":"400028","addr:state":"Maharashtra","amenity":"hospital","healthcare":"hospital","name":"Dr.Vaze Hospital","source":"OpenGovernmentData","id":"node/7044064894"},"geometry":{"type":"Point","coordinates":[72.8368979,19.0240308]}},{"type":"Feature","id":"node/7044071693","properties":{"addr:district":"Mumbai","addr:full":"Gyaneshwar Apts, 2nd Floor, Off Veer Savarkar Marg, Prabhadevi","addr:postcode":"400025","addr:state":"Maharashtra","amenity":"hospital","email":"hkkothawala@yahoo.com","healthcare":"hospital","name":"Asha Surgical and Maternity Home","phone":"09821662821","source":"OpenGovernmentData","id":"node/7044071693"},"geometry":{"type":"Point","coordinates":[72.8283792,19.0135345]}},{"type":"Feature","id":"node/7044466685","properties":{"addr:district":"Mumbai","addr:full":"E -1st Floor, Bhaveshwar Vihar Svp Road, Prathna Samaj,Opposite Hurkiondas Hospital, Girgaum","addr:postcode":"400004","addr:state":"Maharashtra","amenity":"hospital","healthcare":"hospital","name":"Dr. Yash Shah Total Eye Care","source":"OpenGovernmentData","id":"node/7044466685"},"geometry":{"type":"Point","coordinates":[72.821319,18.9576821]}},{"type":"Feature","id":"node/7044553386","properties":{"addr:district":"Mumbai","addr:full":"166-C Krishna Kunj,Khareghat Road, Dr.Ambedkar Road,Dadar( E)","addr:postcode":"400014","addr:state":"Maharashtra","amenity":"hospital","name":"Krishna Cardiac Care Centre, Mumbai","source":"OpenGovernmentData","id":"node/7044553386"},"geometry":{"type":"Point","coordinates":[72.8486822,19.0196598]}},{"type":"Feature","id":"node/7044779630","properties":{"addr:district":"Mumbai","addr:full":"No. B-104, 105, 1st Floor, Prithvi Vandan Co-Operative Hsg.Soc., OppositeN.M.Joshi Marg Police Station, Delisle Road, Parel","addr:postcode":"400013","addr:state":"Maharashtra","amenity":"clinic","check_date":"2026-03-20","healthcare":"clinic","name":"Dr Nerurkars Harish Nursing Home","source":"OpenGovernmentData","id":"node/7044779630"},"geometry":{"type":"Point","coordinates":[72.831278,18.9926281]}},{"type":"Feature","id":"node/7045065720","properties":{"addr:district":"Mumbai","addr:full":"Hospital Address: Krishna Nivas, Junction Of Karve Road , & R R Roy Road, Girgaon","addr:postcode":"400004","addr:state":"Maharashtra","amenity":"clinic","healthcare":"clinic","name":"Ursekar Laser and Microssurgery Eye Clinic","source":"OpenGovernmentData","id":"node/7045065720"},"geometry":{"type":"Point","coordinates":[72.8177213,18.9529564]}},{"type":"Feature","id":"node/7045291440","properties":{"addr:district":"Mumbai","addr:full":"Ishaan, 1st Floor, Khed Gully, Prabhadevi, Dadar West","addr:postcode":"400025","addr:state":"Maharashtra","amenity":"hospital","healthcare":"hospital","name":"Siddivinayak Healthcare Pvt Ltd","source":"OpenGovernmentData","id":"node/7045291440"},"geometry":{"type":"Point","coordinates":[72.8325856,19.0139586]}},{"type":"Feature","id":"node/7045681876","properties":{"addr:city":"Mumbai","addr:district":"Mumbai","addr:full":"31 Surya Prakash Ground Floor, Babulnath Road, Chowpatty","addr:postcode":"400007","addr:state":"Maharashtra","addr:street":"Babulnath Marg","amenity":"doctors","email":"info@eyeqvisioncare.com","healthcare":"doctor","healthcare:speciality":"ophthalmology","mobile":"+91-9821032683, +91-9821320493, +91-9892936296, +91-9967241887","name":"Eye-Q Vision Care","opening_hours":"Mo-Fr 09:00-17:00","operator":"Dr. Sanjeev Upadhyaya","phone":"+91-22-23637745, +91-22-23637746","source":"OpenGovernmentData","id":"node/7045681876"},"geometry":{"type":"Point","coordinates":[72.8082579,18.9557453]}},{"type":"Feature","id":"node/7046608630","properties":{"addr:street":"Warden Road (Bhula Bhai Desai Marg)","leisure":"fitness_centre","level":"-1","name":"Nitrro Bespoke Fitness","opening_hours":"Mo-Sa 06:00-23:00, Su 09:00-13:00","phone":"+91 22 2354 9494","website":"https://nitrro.in/","id":"node/7046608630"},"geometry":{"type":"Point","coordinates":[72.8062497,18.9750883]}},{"type":"Feature","id":"node/7046917434","properties":{"addr:street":"Pedder Road (Gopalrao Deshmukh Marg)","amenity":"bank","atm":"yes","brand":"Syndicate Bank","name":"Syndicate Bank","opening_hours":"Mo-Sa 09:00-15:00; PH closed","id":"node/7046917434"},"geometry":{"type":"Point","coordinates":[72.8090463,18.9738655]}},{"type":"Feature","id":"node/7047598027","properties":{"addr:district":"Mumbai","addr:full":"Subh Ashish, Subhash Nagar, Estate N M Joshi Marg","addr:postcode":"400011","addr:state":"Maharashtra","amenity":"hospital","name":"Nirmala Maternity and Surgical Hospital with Polyclinic","source":"OpenGovernmentData","id":"node/7047598027"},"geometry":{"type":"Point","coordinates":[72.8306866,18.9868937]}},{"type":"Feature","id":"node/7047712193","properties":{"addr:district":"Mumbai","addr:full":"409 , Om Kemp Corner","addr:postcode":"400089","addr:state":"Maharashtra","amenity":"clinic","healthcare":"clinic","name":"Kapoor Eye Center","source":"OpenGovernmentData","id":"node/7047712193"},"geometry":{"type":"Point","coordinates":[72.8072011,18.9633325]}},{"type":"Feature","id":"node/7047845077","properties":{"addr:city":"Mumbai","amenity":"cafe","name":"Koinonia Coffee Roasters","id":"node/7047845077"},"geometry":{"type":"Point","coordinates":[72.8068606,18.9656357]}},{"type":"Feature","id":"node/7047933154","properties":{"addr:district":"Mumbai","addr:full":"Royal Garden Next To Girnar Tower Ambawadi Kalachowki","addr:postcode":"400033","addr:state":"Maharashtra","amenity":"hospital","name":"Aryan Hospital and Icu","source":"OpenGovernmentData","id":"node/7047933154"},"geometry":{"type":"Point","coordinates":[72.8412236,18.9898598]}},{"type":"Feature","id":"node/7047947069","properties":{"addr:district":"Mumbai","addr:full":"15 Dar Ui Muluk 26 Pandita Ramabai Road","addr:postcode":"400007","addr:state":"Maharashtra","amenity":"clinic","name":"The Vascular Clinic","source":"OpenGovernmentData","id":"node/7047947069"},"geometry":{"type":"Point","coordinates":[72.8109965,18.9585078]}},{"type":"Feature","id":"node/7048084564","properties":{"addr:district":"Mumbai","addr:full":"Dr Ernest Borges Rd, Parel East,","addr:postcode":"400012","addr:state":"Maharashtra","amenity":"clinic","check_date":"2026-03-20","name":"Dr Chetan Shetty- Birth & Beyond Clinic Clinic","source":"OpenGovernmentData","id":"node/7048084564"},"geometry":{"type":"Point","coordinates":[72.840364,19.0010848]}},{"type":"Feature","id":"node/7048433639","properties":{"addr:district":"Mumbai","addr:full":"105 A&C & 405 A Sukh Sagar, N.S. Patkar Marg, Opera House","addr:postcode":"400007","addr:state":"Maharashtra","amenity":"hospital","healthcare":"hospital","name":"Foresight Eye Center","source":"OpenGovernmentData","id":"node/7048433639"},"geometry":{"type":"Point","coordinates":[72.8133863,18.956311]}},{"type":"Feature","id":"node/7048489111","properties":{"addr:district":"Mumbai","addr:full":"Jeevan Kunj Apartment, Shop No. 504-C, Giri Kunj, Lady Jamshedji Rd, Near paradise cinema, Mahim","addr:postcode":"400025","addr:state":"Maharashtra","name":"Amarjeet Auto Store","shop":"car_parts","source":"OpenGovernmentData","id":"node/7048489111"},"geometry":{"type":"Point","coordinates":[72.8423795,19.0377843]}},{"type":"Feature","id":"node/7048777736","properties":{"addr:district":"Mumbai","addr:full":"Modi Bhavan, Pandita Ramabai Road, Gamdevi, Grant Road (W)","addr:postcode":"400007","addr:state":"Maharashtra","amenity":"hospital","name":"Dr. Nisars Eye Care Centre","source":"OpenGovernmentData","id":"node/7048777736"},"geometry":{"type":"Point","coordinates":[72.8116697,18.9590608]}},{"type":"Feature","id":"node/7049124019","properties":{"addr:district":"Mumbai","addr:full":"12, Gyan Mandir Road, Dadar West Railway Station","addr:postcode":"400028","addr:state":"Maharashtra","amenity":"hospital","healthcare":"hospital","name":"Shree Vardhaman Sthanakvasi Jain Shravak Sangh Dadar Sanchalit Navneet Jain Health Centre","source":"OpenGovernmentData","id":"node/7049124019"},"geometry":{"type":"Point","coordinates":[72.8383778,19.0204668]}},{"type":"Feature","id":"node/7049356179","properties":{"addr:district":"Mumbai","addr:full":"Khan Mansion, Flat NO.1, Victoria Road, Byculla","addr:postcode":"400027","addr:state":"Maharashtra","amenity":"clinic","health_facility:type":"dispensary","healthcare":"centre","name":"CGHS Dispensary No.11, Byculla","operator:type":"government","source":"OpenGovernmentData","website":"http://nb.bsf.gov.in/CGHS%20DIspenseries.pdf","id":"node/7049356179"},"geometry":{"type":"Point","coordinates":[72.8357385,18.9762105]}},{"type":"Feature","id":"node/7049617511","properties":{"addr:district":"Mumbai","addr:full":"Bach By View, 2nd Floor, 3-A,Mama Parmanand Marg, Near Charni Road Station","addr:postcode":"400004","addr:state":"Maharashtra","amenity":"clinic","healthcare":"clinic","name":"Bay View Clinic","source":"OpenGovernmentData","id":"node/7049617511"},"geometry":{"type":"Point","coordinates":[72.817065,18.9534457]}},{"type":"Feature","id":"node/7049812966","properties":{"addr:district":"Mumbai","addr:full":"101, Inder Tower Gokhale Road (S), Near Tilak Bhavan, Opposite Ashishind Estate, Dadar (West)","addr:postcode":"400028","addr:state":"Maharashtra","amenity":"hospital","email":"punamiya.hospital@gmail.com","healthcare":"hospital","name":"Punamiya Hospital, Mumbai","operator:type":"private","source":"OpenGovernmentData","website":"http://punamiyahospital.in/","id":"node/7049812966"},"geometry":{"type":"Point","coordinates":[72.8343451,19.0124701]}},{"type":"Feature","id":"node/7050575276","properties":{"addr:district":"Mumbai","addr:full":"Aga Hall, Nesbit Road, Mazgaon","addr:postcode":"400010","addr:state":"Maharashtra","amenity":"hospital","emergency":"yes","healthcare":"hospital","healthcare:speciality":"general;gynaecology","name":"Prince Aly Khan Hospital","name:mr":"प्रिंस अली खान हॉस्पिटल","source":"OpenGovernmentData","id":"node/7050575276"},"geometry":{"type":"Point","coordinates":[72.8366089,18.9707774]}},{"type":"Feature","id":"node/7051069996","properties":{"addr:district":"Mumbai","addr:full":"Vidya Bhuvan 121, Shivaji Park, Opp Shiv Sena Bhavan Dadar - West","addr:postcode":"400028","addr:state":"Maharashtra","amenity":"hospital","healthcare":"hospital","name":"Dr Thakur Hospital","source":"OpenGovernmentData","id":"node/7051069996"},"geometry":{"type":"Point","coordinates":[72.8400777,19.0250711]}},{"type":"Feature","id":"node/7051070010","properties":{"addr:district":"Mumbai","addr:full":"3Road Floor, Sadhana House Behind Mahindra Towers, Pandurang Budhkar Marg, Worli Mumbai","addr:postcode":"400018","addr:state":"Maharashtra","amenity":"hospital","name":"Reliance Life Sciences Pvt. Ltd","source":"OpenGovernmentData","id":"node/7051070010"},"geometry":{"type":"Point","coordinates":[72.8225555,19.0050283]}},{"type":"Feature","id":"node/7051770449","properties":{"addr:district":"Mumbai","addr:full":"R N Gamadia Polyclinic, No 14, 19, Taredeo","addr:postcode":"400007","addr:state":"Maharashtra","amenity":"dentist","name":"Dr Turners's Speciality Dental Centre","source":"OpenGovernmentData","id":"node/7051770449"},"geometry":{"type":"Point","coordinates":[72.8125843,18.9685795]}},{"type":"Feature","id":"node/7051819363","properties":{"addr:district":"Mumbai","addr:full":"1 Trimurti, Ground Floor, 64, Shivaji Parak, Keluskar Road (S), Dadar","addr:postcode":"400028","addr:state":"Maharashtra","amenity":"clinic","healthcare":"clinic","name":"Dnyan Geeta Nursing Home","source":"OpenGovernmentData","id":"node/7051819363"},"geometry":{"type":"Point","coordinates":[72.8390001,19.0254254]}},{"type":"Feature","id":"node/7052083192","properties":{"addr:district":"Mumbai","addr:full":"1, Ram Mansion, C H S Ground Floor, S K Bole Road, Near Sidhi Vinayak Mandir, Dadar","addr:postcode":"400028","addr:state":"Maharashtra","amenity":"clinic","healthcare":"clinic","name":"Shri Siddhivinayak Nursing Home","source":"OpenGovernmentData","id":"node/7052083192"},"geometry":{"type":"Point","coordinates":[72.8309119,19.0171538]}},{"type":"Feature","id":"node/7052365607","properties":{"addr:district":"Mumbai","addr:full":"9,Dr, D.D. Sathe Marg","addr:postcode":"400004","addr:state":"Maharashtra","amenity":"hospital","healthcare":"hospital","healthcare:speciality":"general;gynaecology","name":"Brahman Sabha, Mhaskar Gruh and General Nursing Home","phone":"+91 22 23871999","source":"OpenGovernmentData","id":"node/7052365607"},"geometry":{"type":"Point","coordinates":[72.8190404,18.9568031]}},{"type":"Feature","id":"node/7052388277","properties":{"addr:district":"Mumbai","addr:full":"Dr.E Borges Road, Parel","addr:postcode":"400012","addr:state":"Maharashtra","amenity":"hospital","email":"info@tmcmail.org; tmcit1@vsnl.com","name":"Tata Memorial Hospital","operator:type":"private","source":"OpenGovernmentData","website":"www.tmc.gov.in","id":"node/7052388277"},"geometry":{"type":"Point","coordinates":[72.8432125,19.004984]}},{"type":"Feature","id":"node/7052771941","properties":{"addr:district":"Mumbai","addr:full":"6, Kailas Darshan, 2nd Floor,Nana Chowk, Kennedy Bridge, Marine Lines","addr:postcode":"400007","addr:state":"Maharashtra","amenity":"clinic","healthcare":"clinic","name":"Dr. Gala's Nursing Home","source":"OpenGovernmentData","id":"node/7052771941"},"geometry":{"type":"Point","coordinates":[72.81344,18.9610166]}},{"type":"Feature","id":"node/7052963441","properties":{"addr:district":"Mumbai","addr:full":"Manoj Co-Op,Hsg,Society,Shankar Ghanekar Marg.Prabhedevi","addr:postcode":"400025","addr:state":"Maharashtra","amenity":"hospital","healthcare":"hospital","healthcare:speciality":"maternity;pathology","name":"Dr.Palep's Priyank Maternity Nursing Home","source":"OpenGovernmentData","id":"node/7052963441"},"geometry":{"type":"Point","coordinates":[72.8318681,19.0146877]}},{"type":"Feature","id":"node/7053245833","properties":{"addr:district":"Mumbai","addr:full":"Shilpa Appts, 1st Floor, Shankar Ghanekar Marg, Off Gokhle Road (S)","addr:postcode":"400028","addr:state":"Maharashtra","amenity":"hospital","healthcare":"hospital","healthcare:speciality":"general","name":"Dev Nursing Home","source":"OpenGovernmentData","id":"node/7053245833"},"geometry":{"type":"Point","coordinates":[72.8335994,19.0154396]}},{"type":"Feature","id":"node/7053247772","properties":{"addr:district":"Mumbai","addr:full":"225/A, Shreekrishna Bhavan, Behind Ruia Collage, Sir Bhakhadra Road,Matuya","addr:postcode":"400014","addr:state":"Maharashtra","amenity":"clinic","healthcare":"clinic","name":"Insight Eye Clinic","source":"OpenGovernmentData","id":"node/7053247772"},"geometry":{"type":"Point","coordinates":[72.8499609,19.0221746]}},{"type":"Feature","id":"node/7053265680","properties":{"addr:district":"Mumbai","addr:full":"15, First Floor, Vincent Court, Near Fire Brigade, Opposite Chitra Cinema, Dr.B.Ambedkar Road, Dadar (East)","addr:postcode":"400014","addr:state":"Maharashtra","amenity":"hospital","email":"info@daycaresurgery.com","name":"Suprabha Surgicare","operator:type":"private","source":"OpenGovernmentData","website":"http://www.daycaresurgery.com/","id":"node/7053265680"},"geometry":{"type":"Point","coordinates":[72.8451061,19.0136391]}},{"type":"Feature","id":"node/7053344161","properties":{"addr:district":"Mumbai","addr:full":"Mohan Nivas, Keluskar Road, Opposite Masaheb Thakre Statue, Shivaji Park, Dadar (W)","addr:postcode":"400028","addr:state":"Maharashtra","amenity":"clinic","healthcare":"clinic","name":"Ashvini Nursing and Maternity Home","source":"OpenGovernmentData","id":"node/7053344161"},"geometry":{"type":"Point","coordinates":[72.8397095,19.0259934]}},{"type":"Feature","id":"node/7053353247","properties":{"addr:district":"Mumbai","addr:full":"Ground Floor, 74, Anant Niwas, Keluskar Road, Near Shivaji Ground, Shivaji Park, Dadar West","addr:postcode":"400028","addr:state":"Maharashtra","amenity":"clinic","healthcare":"clinic","name":"Dr.Patkars Surgical Nursing Home","source":"OpenGovernmentData","id":"node/7053353247"},"geometry":{"type":"Point","coordinates":[72.8376254,19.0253012]}},{"type":"Feature","id":"node/7053355770","properties":{"addr:district":"Mumbai","addr:full":"Udyam, Ranade Road Shivaji Park","addr:postcode":"400028","addr:state":"Maharashtra","amenity":"hospital","healthcare":"hospital","name":"Well Spring Dr Avinash Phadke Pathlab Clinic","source":"OpenGovernmentData","id":"node/7053355770"},"geometry":{"type":"Point","coordinates":[72.8380385,19.0241779]}},{"type":"Feature","id":"node/7053882288","properties":{"addr:district":"Mumbai","addr:full":"Avani 2nd Floor Senapati Bapat Marg Dadar(W)","addr:postcode":"400028","addr:state":"Maharashtra","amenity":"clinic","name":"Nerkar Surgical Clinic","source":"OpenGovernmentData","id":"node/7053882288"},"geometry":{"type":"Point","coordinates":[72.8411237,19.0175906]}},{"type":"Feature","id":"node/7054423656","properties":{"addr:district":"Mumbai","addr:full":"Between Cross Roads Shopping Centre And Tardeo A/C Market, 50, Tardeo Road","addr:postcode":"400034","addr:state":"Maharashtra","amenity":"hospital","name":"Shetty Nursing Home (Shetty Health Services Pvt. Ltd.)","source":"OpenGovernmentData","id":"node/7054423656"},"geometry":{"type":"Point","coordinates":[72.8128391,18.9747946]}},{"type":"Feature","id":"node/7054447906","properties":{"addr:city":"Mumbai","addr:district":"Mumbai","addr:full":"58,Mohammedali Road","addr:postcode":"400003","addr:state":"Maharashtra","addr:street":"Muhammad Ali Road","amenity":"hospital","healthcare":"hospital","healthcare:speciality":"gynaecology","name":"Dholkawalla Maternity Home","source":"OpenGovernmentData","id":"node/7054447906"},"geometry":{"type":"Point","coordinates":[72.8337845,18.9527132]}},{"type":"Feature","id":"node/7054526793","properties":{"addr:district":"Mumbai","addr:full":"1st Fl., Shayog Society, L.J. Road, Next To City Light Cinema, Mahim","addr:postcode":"400016","addr:state":"Maharashtra","amenity":"hospital","healthcare":"hospital","name":"Surlata Hospital","source":"OpenGovernmentData","id":"node/7054526793"},"geometry":{"type":"Point","coordinates":[72.8416521,19.0307218]}},{"type":"Feature","id":"node/7055056491","properties":{"addr:district":"Mumbai","addr:full":"185/B,Lady Jamshedji Road, Mahim","addr:postcode":"400016","addr:state":"Maharashtra","amenity":"clinic","healthcare":"clinic","name":"North Bombay Clinic Surgical and Maternity Home","source":"OpenGovernmentData","id":"node/7055056491"},"geometry":{"type":"Point","coordinates":[72.8421195,19.0303167]}},{"type":"Feature","id":"node/7055376041","properties":{"addr:district":"Mumbai","addr:full":"204, Arun Chambers, Next To Ac Market, Tardeo","addr:postcode":"400034","addr:state":"Maharashtra","amenity":"clinic","name":"Aus Clinic and Lithotripsy Center","source":"OpenGovernmentData","id":"node/7055376041"},"geometry":{"type":"Point","coordinates":[72.813963,18.9731718]}},{"type":"Feature","id":"node/7055428168","properties":{"addr:district":"Mumbai","addr:full":"Mahaprabhu Krupa, 1st Floor, Room No.5, Near Alankar Cinema, Girgaum -Charni Road","addr:postcode":"400004","addr:state":"Maharashtra","amenity":"hospital","name":"Yogeshwar Surgical Clinic and Nursing Home - Mumbai","source":"OpenGovernmentData","id":"node/7055428168"},"geometry":{"type":"Point","coordinates":[72.8248367,18.957344]}},{"type":"Feature","id":"node/7055432245","properties":{"addr:district":"Mumbai","addr:full":"534, Bombay Mutual Terrace, 4Th Floor, Opera House","addr:postcode":"400007","addr:state":"Maharashtra","amenity":"clinic","healthcare":"clinic","name":"Palshetkar Patil Nursing Home","source":"OpenGovernmentData","id":"node/7055432245"},"geometry":{"type":"Point","coordinates":[72.8142688,18.9565951]}},{"type":"Feature","id":"node/7055759633","properties":{"addr:district":"Mumbai","addr:full":"Mumbai","addr:postcode":"400008","addr:state":"Maharashtra","amenity":"hospital","check_date":"2026-03-20","healthcare":"hospital","name":"Ipc Heart Care","source":"OpenGovernmentData","id":"node/7055759633"},"geometry":{"type":"Point","coordinates":[72.8243351,18.9925482]}},{"type":"Feature","id":"node/7056928509","properties":{"name":"Diamond Mela jewellers","shop":"jewelry","id":"node/7056928509"},"geometry":{"type":"Point","coordinates":[72.8169644,18.9552557]}},{"type":"Feature","id":"node/7056928510","properties":{"amenity":"place_of_worship","name":"Khatri Masjid","religion":"muslim","id":"node/7056928510"},"geometry":{"type":"Point","coordinates":[72.8310272,18.954378]}},{"type":"Feature","id":"node/7057066899","properties":{"amenity":"place_of_worship","religion":"muslim","id":"node/7057066899"},"geometry":{"type":"Point","coordinates":[72.8190344,19.0169059]}},{"type":"Feature","id":"node/7058058366","properties":{"addr:city":"Lower Parel Mumbai, Maharashtra","addr:housenumber":"126, Todi Building, Mathuradas Mill Compound,","addr:postcode":"400013","addr:street":"Senapati Bapat Marg (Tulsi Pipe Road)","air_conditioning":"yes","amenity":"restaurant","cuisine":"indian","delivery":"yes","name":"Delhi Highway","opening_hours":"Mo-Su 11:30-23:30","phone":"+912249710101","id":"node/7058058366"},"geometry":{"type":"Point","coordinates":[72.8296269,19.0005438]}},{"type":"Feature","id":"node/7059192086","properties":{"addr:district":"Mumbai","addr:full":"Imamwada Road, Opposite Mughal Masjid","addr:postcode":"400009","addr:state":"Maharashtra","amenity":"hospital","emergency":"yes","healthcare":"hospital","healthcare:speciality":"gynaecology;general","name":"M.H. Saboo Siddique Maternity and General Hospital - Masjid","source":"OpenGovernmentData","id":"node/7059192086"},"geometry":{"type":"Point","coordinates":[72.8331207,18.9595979]}},{"type":"Feature","id":"node/7062497112","properties":{"addr:district":"Mumbai","addr:full":"128, Hindu Colony, 5Th Lane, Dadar(East)","addr:postcode":"400014","addr:state":"Maharashtra","amenity":"clinic","check_date":"2026-03-20","healthcare":"clinic","name":"Shree Samarth Nursing Home","source":"OpenGovernmentData","id":"node/7062497112"},"geometry":{"type":"Point","coordinates":[72.8474218,19.0212229]}},{"type":"Feature","id":"node/7062900183","properties":{"addr:city":"Mumbai","amenity":"bar","brewery":"various","check_date":"2026-03-20","min_age":"21","name":"Aer","opening_hours":"Mo-Su 17:00-01:30","outdoor_seating":"yes","website":"https://www.fourseasons.com/mumbai/dining/lounges/aer","id":"node/7062900183"},"geometry":{"type":"Point","coordinates":[72.8203077,18.9940904]}},{"type":"Feature","id":"node/7062918791","properties":{"addr:city":"Mumbai","addr:housenumber":"462","addr:postcode":"400013","addr:street":"Senapati Bapat Marg","air_conditioning":"yes","amenity":"bar","check_date":"2026-03-20","level":"40","name":"ASILO","opening_hours":"Mo-Su 16:30-01:00","website":"https://www.jsmcorp.in","id":"node/7062918791"},"geometry":{"type":"Point","coordinates":[72.8241036,18.9940013]}},{"type":"Feature","id":"node/7063077063","properties":{"addr:district":"Mumbai","addr:full":"Above Prabhat Bazar, 26, Kapad Bazar, Mahim","addr:postcode":"400016","addr:state":"Maharashtra","amenity":"hospital","healthcare":"hospital","name":"Dr Haresh Shah Prabhat Maternity and Surgical Nursing Home","source":"OpenGovernmentData","id":"node/7063077063"},"geometry":{"type":"Point","coordinates":[72.8397457,19.0373922]}},{"type":"Feature","id":"node/7063805561","properties":{"addr:district":"Mumbai","addr:full":"Plot No.16 Next To Citylight Cinema, L J Road , Mahim","addr:postcode":"400016","addr:state":"Maharashtra","amenity":"clinic","healthcare":"clinic","name":"Dr. Mathure's Surgical Clinic","source":"OpenGovernmentData","id":"node/7063805561"},"geometry":{"type":"Point","coordinates":[72.8417493,19.0307642]}},{"type":"Feature","id":"node/7064364272","properties":{"addr:district":"Mumbai","addr:full":"Pupala Sadan","addr:postcode":"400030","addr:state":"Maharashtra","amenity":"hospital","name":"Worli Hospital For Women","source":"OpenGovernmentData","id":"node/7064364272"},"geometry":{"type":"Point","coordinates":[72.8225863,19.0128124]}},{"type":"Feature","id":"node/7064774671","properties":{"addr:district":"Mumbai","addr:full":"13, Rameshwar, 1st Floor, Opposite Citylight Cinema, 206, K.J. Road, Mahim","addr:postcode":"400016","addr:state":"Maharashtra","amenity":"clinic","healthcare":"clinic","name":"Nadkarni Clinic","source":"OpenGovernmentData","id":"node/7064774671"},"geometry":{"type":"Point","coordinates":[72.8425553,19.0313246]}},{"type":"Feature","id":"node/7064867159","properties":{"addr:district":"Mumbai","addr:full":"58-60 Jehangir Merwanji Street Parel","addr:postcode":"400012","addr:state":"Maharashtra","amenity":"hospital","name":"K B Haji Bachooali Charitable Ophthalmic and E N T H","source":"OpenGovernmentData","id":"node/7064867159"},"geometry":{"type":"Point","coordinates":[72.8402299,19.0030769]}},{"type":"Feature","id":"node/7065820603","properties":{"addr:district":"Mumbai","addr:full":"Gokul 1st Floor Near Senapati Bapat Statue 93 Ranade Road Dadar","addr:postcode":"400014","addr:state":"Maharashtra","amenity":"clinic","healthcare":"clinic","name":"Nirmal Nursing Home, Mumbai","source":"OpenGovernmentData","id":"node/7065820603"},"geometry":{"type":"Point","coordinates":[72.8369227,19.0250514]}},{"type":"Feature","id":"node/7065829191","properties":{"addr:district":"Mumbai","addr:full":"Continental Bldg, Opp, Glaxo","addr:postcode":"400018","addr:state":"Maharashtra","amenity":"clinic","name":"Bosco Nursing Home and Ent Research Centre","source":"OpenGovernmentData","id":"node/7065829191"},"geometry":{"type":"Point","coordinates":[72.8184825,19.006096]}},{"type":"Feature","id":"node/7066371677","properties":{"addr:district":"Mumbai","addr:full":"96/97, Jerbai Wadia Road, Near Tata Hospital, Opp Vicco House, Bhoiwada, Parel","addr:postcode":"400012","addr:state":"Maharashtra","amenity":"hospital","name":"Parel Institute Of Orthopaedic Specialities","source":"OpenGovernmentData","id":"node/7066371677"},"geometry":{"type":"Point","coordinates":[72.8449465,19.0056262]}},{"type":"Feature","id":"node/7066374693","properties":{"addr:district":"Mumbai","addr:full":"Paresh, 4-A Bhulabhai Desai Road","addr:postcode":"400026","addr:state":"Maharashtra","amenity":"clinic","name":"Voras Nursing Home","source":"OpenGovernmentData","id":"node/7066374693"},"geometry":{"type":"Point","coordinates":[72.8100577,18.9777793]}},{"type":"Feature","id":"node/7066505690","properties":{"addr:district":"Mumbai","addr:full":"104, Ramgiri Heights, Mtnl Marg, Dadari (W)","addr:postcode":"400028","addr:state":"Maharashtra","amenity":"hospital","healthcare":"hospital","name":"Ashtavinayak Maternity Surgical and Eye Hospital","source":"OpenGovernmentData","id":"node/7066505690"},"geometry":{"type":"Point","coordinates":[72.8339642,19.0202665]}},{"type":"Feature","id":"node/7066505700","properties":{"addr:district":"Mumbai","addr:full":"Apex centre, 5 Babulnath Road, OppositeBabulnath Temple, Grant Road","addr:postcode":"400007","addr:state":"Maharashtra","amenity":"hospital","email":"Contact@EyeCareForAll.in","name":"Bombay City Eye Institute and Research Centre","operator:type":"private","source":"OpenGovernmentData","website":"http://www.eyecareforall.in/eyecareforall/index.html","id":"node/7066505700"},"geometry":{"type":"Point","coordinates":[72.8095293,18.9580372]}},{"type":"Feature","id":"node/7066505743","properties":{"addr:district":"Mumbai","addr:full":"Savitri Sadan, 168-A, Dr. Ambedkar Road","addr:postcode":"400014","addr:state":"Maharashtra","amenity":"hospital","name":"Asmi Arthroscopy and Sports Medicine Institute","source":"OpenGovernmentData","id":"node/7066505743"},"geometry":{"type":"Point","coordinates":[72.8485903,19.0051336]}},{"type":"Feature","id":"node/7066505744","properties":{"addr:district":"Mumbai","addr:full":"139 Unity Frd Floor Road No 5 Shivaji Park","addr:postcode":"400016","addr:state":"Maharashtra","amenity":"clinic","healthcare":"clinic","name":"Rajvi Clinic","source":"OpenGovernmentData","id":"node/7066505744"},"geometry":{"type":"Point","coordinates":[72.8420055,19.0283567]}},{"type":"Feature","id":"node/7066505804","properties":{"addr:district":"Mumbai","addr:full":"266 , Patel Bldg Opposite Central Cinema Girgaum","addr:postcode":"400004","addr:state":"Maharashtra","amenity":"hospital","healthcare":"hospital","name":"Beramjis Hospital","source":"OpenGovernmentData","id":"node/7066505804"},"geometry":{"type":"Point","coordinates":[72.8182693,18.9547128]}},{"type":"Feature","id":"node/7066695543","properties":{"addr:district":"Mumbai","addr:full":"Shilpa Apartment Dasturwadi Dadar E Mumbai","addr:postcode":"400014","addr:state":"Maharashtra","amenity":"hospital","check_date":"2026-03-20","healthcare":"hospital","name":"G S B S Medical Trust","source":"OpenGovernmentData","id":"node/7066695543"},"geometry":{"type":"Point","coordinates":[72.8451866,19.015612]}},{"type":"Feature","id":"node/7066865609","properties":{"addr:district":"Mumbai","addr:full":"Rajdeep, 143, Lt. Dilip Gupte Road, Mahim","addr:postcode":"400016","addr:state":"Maharashtra","amenity":"hospital","healthcare":"hospital","name":"Gupte Maternity and Surgical Home","source":"OpenGovernmentData","id":"node/7066865609"},"geometry":{"type":"Point","coordinates":[72.8401695,19.0346836]}},{"type":"Feature","id":"node/7068194935","properties":{"addr:district":"Mumbai","addr:full":"Goola Mansion, Jam-E-Jamshed Road, Near Five Gardens","addr:postcode":"400019","addr:state":"Maharashtra","amenity":"clinic","healthcare":"clinic","name":"Narvekar Clinics","source":"OpenGovernmentData","id":"node/7068194935"},"geometry":{"type":"Point","coordinates":[72.8141896,18.9565215]}},{"type":"Feature","id":"node/7068218589","properties":{"addr:district":"Mumbai","addr:full":"2, Anand Sagar, Mogal Lane Matunga Bombay","addr:postcode":"400016","addr:state":"Maharashtra","amenity":"clinic","healthcare":"clinic","name":"Shree Saraswati Nursing Home","source":"OpenGovernmentData","id":"node/7068218589"},"geometry":{"type":"Point","coordinates":[72.8452831,19.0304967]}},{"type":"Feature","id":"node/7069814001","properties":{"addr:city":"Mumbai","addr:district":"Mumbai","addr:full":"245-A, Maulana Azad Road , Nagpada","addr:housenumber":"247","addr:postcode":"400008","addr:state":"Maharashtra","addr:street":"Maulana Azad Road North","amenity":"hospital","healthcare":"hospital","name":"Nagori Clinic and Nursing Home","source":"OpenGovernmentData","id":"node/7069814001"},"geometry":{"type":"Point","coordinates":[72.8286038,18.9685072]}},{"type":"Feature","id":"node/7069814052","properties":{"addr:district":"Mumbai","addr:full":"93/95, August Kranti Marg, August Kranti Maidan","addr:postcode":"400036","addr:state":"Maharashtra","amenity":"hospital","email":"support@cumbalahillhospital.com","healthcare":"hospital","name":"Cumbala Hill Hospital and Heart Institute","operator:type":"private","source":"OpenGovernmentData","website":"www.chh.co.in/","id":"node/7069814052"},"geometry":{"type":"Point","coordinates":[72.8087763,18.9634974]}},{"type":"Feature","id":"node/7070054643","properties":{"addr:district":"Mumbai","addr:full":"Queystreet, OppositeSaibabamandir, Reayroad(E)","addr:postcode":"400010","addr:state":"Maharashtra","amenity":"hospital","name":"Sai Raj Hospital","source":"OpenGovernmentData","id":"node/7070054643"},"geometry":{"type":"Point","coordinates":[72.8485957,18.9772251]}},{"type":"Feature","id":"node/7070711758","properties":{"addr:district":"Mumbai","addr:full":"Anil Apartment Ist Floor College Street Behind Prabhadevi Teleophone Exchange Agar Bazar Dadar","addr:postcode":"400028","addr:state":"Maharashtra","amenity":"hospital","healthcare":"hospital","name":"Shreedhar Hospital","source":"OpenGovernmentData","id":"node/7070711758"},"geometry":{"type":"Point","coordinates":[72.8337321,19.0196086]}},{"type":"Feature","id":"node/7070857459","properties":{"addr:district":"Mumbai","addr:full":"Bldg. No.2, 1st Floor, R.No. 4, 5 & 10, Navjivan Society, Lamington Road","addr:postcode":"400008","addr:state":"Maharashtra","amenity":"hospital","check_date":"2026-03-20","healthcare":"hospital","name":"Sadhu-Kamal Eye Hospital","source":"OpenGovernmentData","id":"node/7070857459"},"geometry":{"type":"Point","coordinates":[72.8195715,18.9661811]}},{"type":"Feature","id":"node/7072544674","properties":{"addr:district":"Mumbai","addr:full":"Mangal Murti Cooperative Housing Society, Off. S.K. Bole Road, Near Raheja Princess, Agar Bazar, Dadar West","addr:postcode":"400028","addr:state":"Maharashtra","amenity":"clinic","email":"info@drgandhi.org","healthcare":"clinic","name":"Dr. Gandhi's Nusing Home","source":"OpenGovernmentData","website":"https://www.drgandhi.org/","id":"node/7072544674"},"geometry":{"type":"Point","coordinates":[72.8332186,19.0178347]}},{"type":"Feature","id":"node/7073672865","properties":{"addr:district":"Mumbai","addr:full":"V.P.Road","addr:postcode":"400004","addr:state":"Maharashtra","amenity":"hospital","name":"Dr.Pai Dhungat Maternity and Nursing Home","source":"OpenGovernmentData","id":"node/7073672865"},"geometry":{"type":"Point","coordinates":[72.8229122,18.9571912]}},{"type":"Feature","id":"node/7073895608","properties":{"addr:district":"Mumbai","addr:full":"Jain Sthanak Chawl, Dr Baba Saheb Ambedkar Rd, Chinchpokali (East)","addr:postcode":"400012","addr:state":"Maharashtra","amenity":"clinic","name":"N S Optical Contact Lens Clinic Ghatkopar","source":"OpenGovernmentData","id":"node/7073895608"},"geometry":{"type":"Point","coordinates":[72.8354555,18.9869495]}},{"type":"Feature","id":"node/7073949849","properties":{"addr:district":"Mumbai","addr:full":"202-A, Sukh Sagar,2nd Floor, N S Patkar Marg","addr:postcode":"400007","addr:state":"Maharashtra","amenity":"hospital","healthcare":"hospital","name":"Samyak Drishti Eye Centre","source":"OpenGovernmentData","id":"node/7073949849"},"geometry":{"type":"Point","coordinates":[72.8133488,18.9563909]}},{"type":"Feature","id":"node/7074541583","properties":{"addr:district":"Mumbai","addr:full":"Yashashree Society N M Joshi Marg Opp Zee News Bldg Lower Parel","addr:postcode":"400011","addr:state":"Maharashtra","amenity":"hospital","name":"Sankalp Eye Care Centre","source":"OpenGovernmentData","id":"node/7074541583"},"geometry":{"type":"Point","coordinates":[72.8313598,18.9893399]}},{"type":"Feature","id":"node/7079411421","properties":{"addr:district":"Mumbai","addr:full":"Shreyas, 120, Hindu Colony, 5Th Road, Dadar","addr:postcode":"400014","addr:state":"Maharashtra","amenity":"clinic","check_date":"2026-03-20","name":"Shrikhande Clinic, Mumbai","source":"OpenGovernmentData","website":"https://www.shrikhandeclinic.org/","id":"node/7079411421"},"geometry":{"type":"Point","coordinates":[72.8478111,19.0205873]}},{"type":"Feature","id":"node/7080141269","properties":{"addr:district":"Latur","addr:full":"122, Dr Maheshwari Rd, Dongri, Umerkhadi","addr:postcode":"400009","addr:state":"Maharashtra","amenity":"hospital","name":"Smt.Laxmiben Dhanji Devshi Health Centre","source":"OpenGovernmentData","id":"node/7080141269"},"geometry":{"type":"Point","coordinates":[72.8383537,18.9592421]}},{"type":"Feature","id":"node/7080205222","properties":{"addr:district":"Mumbai","addr:full":"Mumbai","addr:postcode":"400026","addr:state":"Maharashtra","amenity":"hospital","healthcare":"hospital","name":"Gynaecworld","source":"OpenGovernmentData","id":"node/7080205222"},"geometry":{"type":"Point","coordinates":[72.8078722,18.9639954]}},{"type":"Feature","id":"node/7080269652","properties":{"addr:district":"Mumbai","addr:full":"Ganesh Apt. Ground Floor, L. J. Road, Opposite Sitladevi Temple, Mahim","addr:postcode":"400014","addr:state":"Maharashtra","amenity":"hospital","healthcare":"hospital","name":"Ashwini Accident Hospital and Poly Clinic","source":"OpenGovernmentData","id":"node/7080269652"},"geometry":{"type":"Point","coordinates":[72.8427344,19.0363697]}},{"type":"Feature","id":"node/7081227364","properties":{"addr:district":"Mumbai","addr:full":"B-104,105 Prithvi Vandan N M Joshi Marg N M Joshi Marg","addr:postcode":"400013","addr:state":"Maharashtra","amenity":"clinic","check_date":"2026-03-20","name":"Harish Nursing Home","source":"OpenGovernmentData","id":"node/7081227364"},"geometry":{"type":"Point","coordinates":[72.8312646,18.9917087]}},{"type":"Feature","id":"node/7082370197","properties":{"addr:district":"Mumbai","addr:full":"10/86 Dadasaheb Phalka Road Dadar","addr:postcode":"400014","addr:state":"Maharashtra","amenity":"clinic","check_date":"2026-03-20","name":"Dr. Mahaveer Jangada Clinic, Dadar","source":"OpenGovernmentData","id":"node/7082370197"},"geometry":{"type":"Point","coordinates":[72.842719,19.0149831]}},{"type":"Feature","id":"node/7082370227","properties":{"addr:district":"Mumbai","addr:full":"25-C, Sea Race, Opposite Flora Hotel, Thadani Marg, Worli","addr:postcode":"400030","addr:state":"Maharashtra","amenity":"clinic","health_facility:type":"dispensary","healthcare":"centre","name":"CGHS Dispensary No.3, Worli","operator:type":"government","source":"OpenGovernmentData","website":"http://nb.bsf.gov.in/CGHS%20DIspenseries.pdf","id":"node/7082370227"},"geometry":{"type":"Point","coordinates":[72.8139858,19.0033596]}},{"type":"Feature","id":"node/7082733172","properties":{"addr:district":"Mumbai","addr:full":"47-A, Walchand Terraces, Opp Tardeo A/C Market, Tardeo","addr:postcode":"400034","addr:state":"Maharashtra","amenity":"hospital","name":"Anudhiti Care","source":"OpenGovernmentData","id":"node/7082733172"},"geometry":{"type":"Point","coordinates":[72.8145584,18.9734559]}},{"type":"Feature","id":"node/7085383681","properties":{"addr:district":"Mumbai","addr:full":"Vidya Building, Kotnis Path, Near Hinduja Hospital, Mahim","addr:postcode":"400016","addr:state":"Maharashtra","amenity":"clinic","healthcare":"clinic","name":"Laxmi Clinic","source":"OpenGovernmentData","id":"node/7085383681"},"geometry":{"type":"Point","coordinates":[72.8392519,19.033418]}},{"type":"Feature","id":"node/7085878723","properties":{"addr:district":"Mumbai","addr:full":"No.506, 5th Floor, Doctor House, Opp Jaslok Hospital, Pedder Rd, Cumballa, Hill","addr:postcode":"400026","addr:state":"Maharashtra","amenity":"clinic","name":"Dr Satish wadhwa","source":"OpenGovernmentData","id":"node/7085878723"},"geometry":{"type":"Point","coordinates":[72.8092001,18.9720742]}},{"type":"Feature","id":"node/7086283490","properties":{"addr:district":"Mumbai","addr:full":"14,Ground Floor Muljee House,Veer Savarkar Marg,Prabhadevi","addr:postcode":"400025","addr:state":"Maharashtra","amenity":"hospital","healthcare":"hospital","name":"Varad Medical Centre","source":"OpenGovernmentData","id":"node/7086283490"},"geometry":{"type":"Point","coordinates":[72.8274786,19.0146877]}},{"type":"Feature","id":"node/7086409774","properties":{"addr:district":"Mumbai","addr:full":"153-B Dongre Building Hindu Colony Opp Ruia College Matunga (Cr)","addr:postcode":"400019","addr:state":"Maharashtra","amenity":"hospital","check_date":"2026-03-20","name":"Icon The Eye Consultants Eye and Laser Centre","source":"OpenGovernmentData","id":"node/7086409774"},"geometry":{"type":"Point","coordinates":[72.8498315,19.0230349]}},{"type":"Feature","id":"node/7086516381","properties":{"addr:district":"Mumbai","addr:full":"395-A G.K. Marg, Worli","addr:postcode":"400018","addr:state":"Maharashtra","amenity":"clinic","name":"Nirmal Clinic","source":"OpenGovernmentData","id":"node/7086516381"},"geometry":{"type":"Point","coordinates":[72.8186139,18.9980415]}},{"type":"Feature","id":"node/7086734179","properties":{"addr:district":"Mumbai","addr:full":"6,Jaymahal,French Bridge,Opera House, Next To Patidar Samaj Hall","addr:postcode":"400007","addr:state":"Maharashtra","amenity":"hospital","name":"Infiniti Eye Hospital","source":"OpenGovernmentData","id":"node/7086734179"},"geometry":{"type":"Point","coordinates":[72.8116241,18.9654379]}},{"type":"Feature","id":"node/7086786149","properties":{"addr:district":"Mumbai","addr:full":"Mumbai","addr:postcode":"400001","addr:state":"Maharashtra","amenity":"clinic","healthcare":"clinic","name":"Dr Kiran Katar Clinic","source":"OpenGovernmentData","id":"node/7086786149"},"geometry":{"type":"Point","coordinates":[72.8378642,19.0238089]}},{"type":"Feature","id":"node/7087131446","properties":{"addr:district":"Mumbai","addr:full":"Flat No-01,Shankar Niwas,Plot No-117,Shivaji Park Lane No-03,Opp Sena Bhawan,Shiva Ji Park","addr:postcode":"400028","addr:state":"Maharashtra","amenity":"clinic","healthcare":"clinic","name":"Deccan Fertility Clinic and Keyhole Surgery Center","source":"OpenGovernmentData","id":"node/7087131446"},"geometry":{"type":"Point","coordinates":[72.83957,19.0249236]}},{"type":"Feature","id":"node/7087636854","properties":{"addr:district":"Mumbai","addr:full":"180, Saraswati Nilayam , 180 , Hindu Colony , Dadar ( East )","addr:postcode":"400014","addr:state":"Maharashtra","amenity":"clinic","check_date":"2026-03-20","name":"Laud Clinic","source":"OpenGovernmentData","id":"node/7087636854"},"geometry":{"type":"Point","coordinates":[72.8486473,19.0206094]}},{"type":"Feature","id":"node/7112155252","properties":{"addr:city":"Mumbai","addr:housenumber":"Tulsiwadi","addr:postcode":"400034","addr:street":"Hatutma Sitaram Ghadi Gaonkar Street","air_conditioning":"yes","amenity":"restaurant","bar":"yes","cuisine":"indian;seafood","name":"Oh! Calcutta","opening_hours":"Mo-Su 12:30-23:30","phone":"+912223539114 +912223533115","website":"https://www.speciality.co.in/","id":"node/7112155252"},"geometry":{"type":"Point","coordinates":[72.8155735,18.9725365]}},{"type":"Feature","id":"node/7118934813","properties":{"addr:city":"Mumbai","addr:housenumber":"273, Prathana Samaj Corner","addr:postcode":"400004","addr:street":"Vithalbhai Patel Marg","amenity":"restaurant","cuisine":"indian;chinese;pizza;sandwich;juice","delivery":"yes","diet:vegetarian":"yes","name":"Nityanand Fast Food","opening_hours":"Mo-Su 10:00-00:30","phone":"+91 22 2380 9614;+91 22 6635 7182","id":"node/7118934813"},"geometry":{"type":"Point","coordinates":[72.8195089,18.9572494]}},{"type":"Feature","id":"node/7139457385","properties":{"name:en":"The Great Eastern Art District","tourism":"artwork","id":"node/7139457385"},"geometry":{"type":"Point","coordinates":[72.8371986,18.9823836]}},{"type":"Feature","id":"node/7139457485","properties":{"name:en":"The Great Eastern Home (Fine Interiors)","shop":"furniture","id":"node/7139457485"},"geometry":{"type":"Point","coordinates":[72.8369153,18.9815516]}},{"type":"Feature","id":"node/7139458085","properties":{"name:en":"Nine Fish Gallery","tourism":"artwork","id":"node/7139458085"},"geometry":{"type":"Point","coordinates":[72.8372528,18.9824526]}},{"type":"Feature","id":"node/7139458285","properties":{"name:en":"Tao Art Gallery","tourism":"artwork","id":"node/7139458285"},"geometry":{"type":"Point","coordinates":[72.8140684,18.9876581]}},{"type":"Feature","id":"node/7142975161","properties":{"addr:city":"Mumbai","addr:housenumber":"5, Navbhavna CHS","addr:postcode":"400025","addr:street":"Swatantrya Veer Savarkar Marg","air_conditioning":"yes","amenity":"restaurant","contact:mobile":"+91 91379 54993","contact:phone":"+91 22 2422 0709","cuisine":"pizza;italian;chinese;mexican;indian;thai;dessert","delivery":"yes","diet:vegetarian":"yes","name":"The Lab","opening_hours":"Mo-Su 11:30-23:30","id":"node/7142975161"},"geometry":{"type":"Point","coordinates":[72.8281577,19.0160828]}},{"type":"Feature","id":"node/7142975162","properties":{"addr:city":"Mumbai","addr:housename":"Mamta A","addr:postcode":"400025","addr:street":"Appasaheb Marathe Marg","name":"Birdy's Bakery and Patisserie","opening_hours":"Mo-Su 07:00-23:00","phone":"+91 22 24331641 , +91 22 24301074","shop":"bakery","id":"node/7142975162"},"geometry":{"type":"Point","coordinates":[72.8283829,19.013337]}},{"type":"Feature","id":"node/7193739486","properties":{"addr:housenumber":"253/255","addr:street":"Maulana Azad Road (Duncan Road)","internet_access":"wlan","name:en":"Amber Palace Hotel","tourism":"hotel","id":"node/7193739486"},"geometry":{"type":"Point","coordinates":[72.8287891,18.9623451]}},{"type":"Feature","id":"node/7206288300","properties":{"addr:city":"Mumbai","addr:district":"Mumbai","addr:housenumber":"21/22","addr:postcode":"400008","addr:street":"Memni Buidling, Dimtimakar Road","amenity":"hospital","emergency":"yes","healthcare":"hospital","healthcare:speciality":"gynaecology;surgery;paediatrics;orthopaedics;general","name":"Dawood Multispeciality Nursing Home","opening_hours":"09:30-22:30, We off","operator":"sabusiddique","operator:type":"public","phone":"+91 22 23091413, +91 22 23051797","id":"node/7206288300"},"geometry":{"type":"Point","coordinates":[72.8289157,18.9666435]}},{"type":"Feature","id":"node/7206357770","properties":{"addr:city":"Mumbai","addr:postcode":"400008","addr:street":"B Virani Marg (Hazaria Street)","amenity":"clinic","healthcare":"clinic","healthcare:speciality":"general","name":"Municipality Clinic","id":"node/7206357770"},"geometry":{"type":"Point","coordinates":[72.8306024,18.9637556]}},{"type":"Feature","id":"node/7207893889","properties":{"addr:city":"Mumbai","addr:postcode":"400008","addr:street":"Duncan Road, Dalal Estate, Kamathipura","amenity":"hospital","facility:unani":"yes","healthcare":"clinic","healthcare:speciality":"general","name":"Tibbia Hospital","id":"node/7207893889"},"geometry":{"type":"Point","coordinates":[72.8284384,18.966675]}},{"type":"Feature","id":"node/7207893890","properties":{"addr:city":"Mumbai","addr:full":"49, Mohammed Ali Road near Masjid Bunder, Pydhonie, Mumbai 400003","addr:housenumber":"49","addr:postcode":"400003","addr:street":"Mohammed Ali Road","amenity":"hospital","healthcare":"hospital","healthcare:speciality":"general;gynaecology","name":"Noor Hospital","id":"node/7207893890"},"geometry":{"type":"Point","coordinates":[72.8334612,18.9538884]}},{"type":"Feature","id":"node/7213733383","properties":{"addr:city":"Mumbai","addr:postcode":"400007","addr:street":"N S Patkar Marg","amenity":"restaurant","cuisine":"burger;mexican;pizza","name":"Poco Loco Restaurant & Bar","id":"node/7213733383"},"geometry":{"type":"Point","coordinates":[72.8112146,18.958225]}},{"type":"Feature","id":"node/7225067144","properties":{"addr:district":"Mumbai","addr:full":"Near Nirmal Park Railway Quarters, Chinchpokli","addr:postcode":"400011","addr:state":"Maharashtra","amenity":"hospital","check_date":"2026-03-20","description":"Civil Hospital/General Hospital","name":"Kasturba Hospital","source":"OpenGovernmentData","id":"node/7225067144"},"geometry":{"type":"Point","coordinates":[72.830035,18.98419]}},{"type":"Feature","id":"node/7225067147","properties":{"addr:district":"Mumbai","addr:full":"13, Abhyudaya Nagar Rd, Jijamata Nagar, Dock Labour Colony, Abhyudaya Nagar","addr:postcode":"400033","addr:state":"Maharashtra","amenity":"clinic","description":"dispensaries","health_facility:type":"dispensary","healthcare":"centre","name":"Abhyudaya Nagar Dispensary","source":"OpenGovernmentData","id":"node/7225067147"},"geometry":{"type":"Point","coordinates":[72.8462289,18.9909227]}},{"type":"Feature","id":"node/7225067153","properties":{"addr:district":"Mumbai","addr:full":"BDD Chawls Worli, behind Poddar Hospital","addr:postcode":"400018","addr:state":"Maharashtra","amenity":"hospital","name":"ESIS Hospital WORLI","source":"OpenGovernmentData","id":"node/7225067153"},"geometry":{"type":"Point","coordinates":[72.816903,19.0017314]}},{"type":"Feature","id":"node/7225067192","properties":{"addr:district":"Mumbai","addr:full":"Dr Annie Besant Road, B Wing, BDD Chawls Worli","addr:postcode":"400018","addr:state":"Maharashtra","amenity":"hospital","name":"Poddar Hospital","source":"OpenGovernmentData","id":"node/7225067192"},"geometry":{"type":"Point","coordinates":[72.8162624,19.0022803]}},{"type":"Feature","id":"node/7225067213","properties":{"addr:district":"Mumbai","addr:full":"55, Dr Anandrao Nair Marg, Near Mumbai Central Railway Station, Mumbai","addr:postcode":"400008","addr:state":"Maharashtra","amenity":"hospital","description":"Medical Colleges Hospital","healthcare":"hospital","name":"Nair Hospital Dental College","source":"OpenGovernmentData","id":"node/7225067213"},"geometry":{"type":"Point","coordinates":[72.820968,18.971194]}},{"type":"Feature","id":"node/7225067284","properties":{"addr:district":"Mumbai","addr:full":"Dr. A. L. Nair Road, Mumbai","addr:postcode":"400008","addr:state":"Maharashtra","amenity":"hospital","check_date":"2026-03-20","description":"Medical Colleges Hospital","healthcare":"hospital","name":"BYL Nair hospital","source":"OpenGovernmentData","id":"node/7225067284"},"geometry":{"type":"Point","coordinates":[72.8219188,18.9742153]}},{"type":"Feature","id":"node/7226727393","properties":{"addr:district":"Mumbai","addr:full":"Janabai Madhavrao Rokade Municipal School Ground Floor, Masjid Bunder Katha Bazzar, Mumbai","addr:postcode":"400009","addr:state":"Maharashtra","amenity":"hospital","emergency":"yes","healthcare":"hospital","name":"General Hospital, Janabai Rokade","source":"OpenGovernmentData","id":"node/7226727393"},"geometry":{"type":"Point","coordinates":[72.838827,18.95168]}},{"type":"Feature","id":"node/7226727399","properties":{"addr:district":"Mumbai","addr:full":"Guarabai Municipal Dispensary Ground Floor, Mumbai Central East","addr:postcode":"400007","addr:state":"Maharashtra","amenity":"clinic","description":"Dispensaries","health_facility:type":"dispensary","healthcare":"centre","name":"Gaurabai Dispensary","source":"OpenGovernmentData","id":"node/7226727399"},"geometry":{"type":"Point","coordinates":[72.8279768,18.9656479]}},{"type":"Feature","id":"node/7229657887","properties":{"addr:city":"Mumbai","addr:housenumber":"1, Janta Industrial Estate","addr:postcode":"400013","addr:street":"Senapati Bapat Marg","air_conditioning":"yes","amenity":"restaurant","bar":"no","check_date":"2026-03-20","cuisine":"indian","delivery":"yes","diet:vegetarian":"yes","name":"Firki","opening_hours":"Mo-Su 12:00-15:30,18:30-23:30","outdoor_seating":"no","phone":"+91 22 61054695","smoking":"no","id":"node/7229657887"},"geometry":{"type":"Point","coordinates":[72.826055,18.9950055]}},{"type":"Feature","id":"node/7229657888","properties":{"addr:city":"Mumbai","addr:housenumber":"1, Janta Industrial Estate","addr:postcode":"400013","addr:street":"Senapati Bapat Marg","air_conditioning":"yes","amenity":"restaurant","bar":"no","check_date":"2026-03-20","cuisine":"italian;mexican;pizza;italian_pizza","delivery":"yes","diet:jain":"yes","diet:vegetarian":"yes","name":"Riso","opening_hours":"Mo-Su 12:00-23:30","outdoor_seating":"no","phone":"+91 22 50645845","smoking":"no","id":"node/7229657888"},"geometry":{"type":"Point","coordinates":[72.8258629,18.9947003]}},{"type":"Feature","id":"node/7242340897","properties":{"addr:city":"Mumbai","addr:housenumber":"7","addr:postcode":"400026","addr:street":"August Kranti Marg","air_conditioning":"yes","brand":"Mayori","clothes":"women;workwear;fashion;suits","description":"Mayori Conscious Clothing Conscious Giving is a fresh international take on Jaipur hand block printing. We at Mayori are amalgamating traditional printing techniques with fine cotton fabrics and stitching in the modern silhouettes desired by the urban","email":"mumbai@mayori.in","name":"Mayori Conscious Clothing Store","name:en":"Mayori Mumbai","opening_hours":"Mo-Su 11:00-20:00","payment:cash":"yes","payment:credit_cards":"yes","payment:debit_cards":"yes","payment:electronic_purses":"yes","phone":"+91 91378 49505","shop":"clothes","website":"https://www.mayori.in","id":"node/7242340897"},"geometry":{"type":"Point","coordinates":[72.8048403,18.9647263]}},{"type":"Feature","id":"node/7279287985","properties":{"amenity":"atm","operator":"State Bank of India (SBI)","id":"node/7279287985"},"geometry":{"type":"Point","coordinates":[72.8287617,18.9506405]}},{"type":"Feature","id":"node/7285168636","properties":{"addr:city":"Mumbai","addr:housenumber":"1A-C Wing, Raheja Excelsior","addr:postcode":"400034","addr:street":"Pandit Madan Mohan Malviya Marg","air_conditioning":"yes","amenity":"restaurant","bar":"yes","cuisine":"indian;italian;chinese;dessert;pizza;italian_pizza","delivery":"yes","name":"One Step Up - Bar and Grill","opening_hours":"Mo-Su 12:00-01:30","outdoor_seating":"no","phone":"+91 22 23542999;+91 9324415581","smoking":"isolated","id":"node/7285168636"},"geometry":{"type":"Point","coordinates":[72.8131343,18.9749342]}},{"type":"Feature","id":"node/7361030396","properties":{"name":"Shitala Devi Mandir","name:mr":"शितला देवी मंदिर","public_transport":"stop_position","railway":"stop","subway":"yes","id":"node/7361030396"},"geometry":{"type":"Point","coordinates":[72.8418699,19.0386879]}},{"type":"Feature","id":"node/7405089091","properties":{"amenity":"school","name":"The Golden Spiral School","id":"node/7405089091"},"geometry":{"type":"Point","coordinates":[72.813493,18.9737612]}},{"type":"Feature","id":"node/7405863748","properties":{"amenity":"school","name":"The Universal School, Tardeo","id":"node/7405863748"},"geometry":{"type":"Point","coordinates":[72.8140038,18.9651298]}},{"type":"Feature","id":"node/7405863749","properties":{"amenity":"school","check_date":"2026-03-20","name":"Grant Road Central High School","id":"node/7405863749"},"geometry":{"type":"Point","coordinates":[72.8159226,18.9634363]}},{"type":"Feature","id":"node/7405863760","properties":{"amenity":"college","name":"Nagrik Shikshan Sanstha's College Of Commerce & Economics","id":"node/7405863760"},"geometry":{"type":"Point","coordinates":[72.8127402,18.9734614]}},{"type":"Feature","id":"node/7411177793","properties":{"amenity":"school","name":"Tardeo Municipal Secondary School","id":"node/7411177793"},"geometry":{"type":"Point","coordinates":[72.8173698,18.9709943]}},{"type":"Feature","id":"node/7411177794","properties":{"amenity":"university","name":"Swami Educational Society-Madurai Kamaraj University","id":"node/7411177794"},"geometry":{"type":"Point","coordinates":[72.8170518,18.9706634]}},{"type":"Feature","id":"node/7411177797","properties":{"amenity":"kindergarten","name":"My Happy Place","id":"node/7411177797"},"geometry":{"type":"Point","coordinates":[72.8161877,18.9697009]}},{"type":"Feature","id":"node/7411177799","properties":{"amenity":"school","check_date":"2026-03-20","name":"Education Inspector South","id":"node/7411177799"},"geometry":{"type":"Point","coordinates":[72.8185191,18.9675962]}},{"type":"Feature","id":"node/7411177802","properties":{"amenity":"college","name":"Navneet Education Society Night Degree College","id":"node/7411177802"},"geometry":{"type":"Point","coordinates":[72.8190128,18.9687473]}},{"type":"Feature","id":"node/7411177803","properties":{"amenity":"school","name":"Gilder Lane Muncipal School","id":"node/7411177803"},"geometry":{"type":"Point","coordinates":[72.8189721,18.9684792]}},{"type":"Feature","id":"node/7411177813","properties":{"amenity":"college","name":"Maratha Mandir's Babasaheb Gawde Institute of Technology","id":"node/7411177813"},"geometry":{"type":"Point","coordinates":[72.8220205,18.9708186]}},{"type":"Feature","id":"node/7414783353","properties":{"amenity":"driving_school","name":"Lucky Motor Training School","id":"node/7414783353"},"geometry":{"type":"Point","coordinates":[72.8276963,18.9749159]}},{"type":"Feature","id":"node/7414783359","properties":{"addr:housenumber":"Nm Joshi Marg, Near Bycullaw Railway Station, Mumbai, Maharashtra","amenity":"school","name":"Sadhvi Savitribai Phule Upper Primary School","id":"node/7414783359"},"geometry":{"type":"Point","coordinates":[72.8319417,18.9764347]}},{"type":"Feature","id":"node/7414791530","properties":{"amenity":"school","name":"Napoo High School","id":"node/7414791530"},"geometry":{"type":"Point","coordinates":[72.8347715,18.9871]}},{"type":"Feature","id":"node/7425930335","properties":{"addr:housenumber":"16","addr:street":"Sir Pochkhanawala Road","amenity":"school","name":"Worli Seaface Municipal School","id":"node/7425930335"},"geometry":{"type":"Point","coordinates":[72.8157382,19.0086699]}},{"type":"Feature","id":"node/7430392503","properties":{"amenity":"school","check_date":"2026-03-20","fixme":"does not exist here, nor is this place called Worli Naka","name":"Worli Naka Upper Primary School-Tamil","id":"node/7430392503"},"geometry":{"type":"Point","coordinates":[72.8285467,18.9869676]}},{"type":"Feature","id":"node/7430392504","properties":{"amenity":"school","check_date":"2026-03-20","name":"KASTURBA GANDHI MUNICIPAL SCHOOL","id":"node/7430392504"},"geometry":{"type":"Point","coordinates":[72.8214434,18.9956112]}},{"type":"Feature","id":"node/7430392506","properties":{"amenity":"kindergarten","name":"The Learning Curve Worli","website":"https://www.learningcurveindia.co.in/centre/mumbai/worli","id":"node/7430392506"},"geometry":{"type":"Point","coordinates":[72.8227848,19.008711]}},{"type":"Feature","id":"node/7433481437","properties":{"amenity":"hospital","emergency":"no","healthcare":"hospital","name":"The Muslim Ambulance Society Diagnostic Center","id":"node/7433481437"},"geometry":{"type":"Point","coordinates":[72.8340909,18.9540069]}},{"type":"Feature","id":"node/7433481438","properties":{"amenity":"hospital","healthcare":"hospital","healthcare:speciality":"general;paediatrics;gynaecology;orthopaedics","name":"Habib Hospital","phone":"+91-22-23788100","website":"http://habibhospital.com/","id":"node/7433481438"},"geometry":{"type":"Point","coordinates":[72.8368049,18.9596948]}},{"type":"Feature","id":"node/7433682214","properties":{"addr:district":"Mumbai City","addr:full":"Shreeram Rane Chowk, Police Colony, New Nagpada, Byculla, Mumbai","addr:postcode":"400008","addr:state":"Maharastra","amenity":"hospital","healthcare":"hospital","name":"Nagpada Police Hospital","name:mr":"नागपाडा पोलीस रुग्णालय","source":"Local Knowledge","id":"node/7433682214"},"geometry":{"type":"Point","coordinates":[72.831912,18.9660613]}},{"type":"Feature","id":"node/7433749757","properties":{"addr:postcode":"400010","amenity":"hospital","healthcare":"hospital","healthcare:speciality":"gynaecology","name":"Rajshree Maternity","name:mr":"राजश्री मैटरनिटी","id":"node/7433749757"},"geometry":{"type":"Point","coordinates":[72.8357505,18.9724219]}},{"type":"Feature","id":"node/7433829905","properties":{"amenity":"hospital","healthcare":"hospital","healthcare:speciality":"oncology","name":"Masina Cancer Center","id":"node/7433829905"},"geometry":{"type":"Point","coordinates":[72.8357371,18.9749545]}},{"type":"Feature","id":"node/7434309486","properties":{"addr:postcode":"400013","addr:street":"Pandurang Budhkar Marg","amenity":"school","name":"Kamaladevi Gobindram Tahiliani High School","id":"node/7434309486"},"geometry":{"type":"Point","coordinates":[72.8304056,19.0058854]}},{"type":"Feature","id":"node/7434309508","properties":{"amenity":"college","name":"Sneha lata Rane Girls High School and Junior College","id":"node/7434309508"},"geometry":{"type":"Point","coordinates":[72.8316628,18.9861213]}},{"type":"Feature","id":"node/7434309509","properties":{"addr:housename":"Rani Vicaji Memorial Ward","addr:street":"Sakhubai Mohita Marg","amenity":"childcare","check_date":"2026-03-20","name":"St Jude India ChildCare Centres","id":"node/7434309509"},"geometry":{"type":"Point","coordinates":[72.8294612,18.992259]}},{"type":"Feature","id":"node/7438485760","properties":{"addr:housenumber":"30/4","addr:street":"Century Bazaar Lane","amenity":"kindergarten","name":"Sunrise Play School","id":"node/7438485760"},"geometry":{"type":"Point","coordinates":[72.8244454,19.0107186]}},{"type":"Feature","id":"node/7438485774","properties":{"amenity":"college","name":"ABA College of Law","id":"node/7438485774"},"geometry":{"type":"Point","coordinates":[72.8345634,19.016964]}},{"type":"Feature","id":"node/7438485781","properties":{"amenity":"art_school","name":"Unnati School Of Art","id":"node/7438485781"},"geometry":{"type":"Point","coordinates":[72.8319373,19.0185277]}},{"type":"Feature","id":"node/7438485782","properties":{"amenity":"college","name":"Government Technical High School & Jr. College, Dadar","id":"node/7438485782"},"geometry":{"type":"Point","coordinates":[72.8320298,19.019274]}},{"type":"Feature","id":"node/7442381757","properties":{"addr:housenumber":"335/A, Anant Niwas","addr:street":"SVS Road","amenity":"kindergarten","name":"Simmba Nursery","id":"node/7442381757"},"geometry":{"type":"Point","coordinates":[72.8335822,19.0208376]}},{"type":"Feature","id":"node/7442381759","properties":{"amenity":"kindergarten","name":"Simmba Daycare and Kindergarten","id":"node/7442381759"},"geometry":{"type":"Point","coordinates":[72.8343067,19.022073]}},{"type":"Feature","id":"node/7442381761","properties":{"addr:street":"College Lane, MTNL Marg","amenity":"school","name":"Pragati School","id":"node/7442381761"},"geometry":{"type":"Point","coordinates":[72.8356824,19.0209617]}},{"type":"Feature","id":"node/7442381763","properties":{"amenity":"college","name":"Kohinoor College of Hospitality Management & Tourism Studies","website":"https://kohinoorcollege.com/","id":"node/7442381763"},"geometry":{"type":"Point","coordinates":[72.8358686,19.0229262]}},{"type":"Feature","id":"node/7442381765","properties":{"amenity":"prep_school","name":"National School Of Banking","id":"node/7442381765"},"geometry":{"type":"Point","coordinates":[72.8361835,19.0222101]}},{"type":"Feature","id":"node/7442381770","properties":{"amenity":"kindergarten","name":"Daffodils Play School","id":"node/7442381770"},"geometry":{"type":"Point","coordinates":[72.8368204,19.0287008]}},{"type":"Feature","id":"node/7442381771","properties":{"amenity":"kindergarten","name":"Edustart Multi-Activity Centre","website":"https://edustart.in/","id":"node/7442381771"},"geometry":{"type":"Point","coordinates":[72.8381972,19.0302467]}},{"type":"Feature","id":"node/7442381772","properties":{"addr:housenumber":"1, Shafi Manzil","addr:street":"L.J. Road","amenity":"kindergarten","name":"Tree House Play Group","id":"node/7442381772"},"geometry":{"type":"Point","coordinates":[72.8392574,19.0314857]}},{"type":"Feature","id":"node/7442381773","properties":{"addr:street":"Jamshetji Road","amenity":"school","name":"St. Michaels English Primary School","id":"node/7442381773"},"geometry":{"type":"Point","coordinates":[72.8399288,19.0313861]}},{"type":"Feature","id":"node/7442381774","properties":{"addr:street":"L.J. Cross Road 2","amenity":"school","name":"R.C.Mahim Municipal Urdu Primary","id":"node/7442381774"},"geometry":{"type":"Point","coordinates":[72.8400202,19.0295396]}},{"type":"Feature","id":"node/7442381783","properties":{"addr:housenumber":"78","addr:street":"Dr Madhukar B Raut Marg","amenity":"place_of_worship","name":"Shree Samarth Vyayam Mandir","religion":"hindu","id":"node/7442381783"},"geometry":{"type":"Point","coordinates":[72.8368322,19.0256669]}},{"type":"Feature","id":"node/7442452588","properties":{"amenity":"college","name":"Dadar Vidya Mandir Junior College","id":"node/7442452588"},"geometry":{"type":"Point","coordinates":[72.8415661,19.028379]}},{"type":"Feature","id":"node/7442452591","properties":{"amenity":"college","name":"Saraswati College","id":"node/7442452591"},"geometry":{"type":"Point","coordinates":[72.841612,19.0190223]}},{"type":"Feature","id":"node/7442452594","properties":{"amenity":"prep_school","name":"Prahar Academy","id":"node/7442452594"},"geometry":{"type":"Point","coordinates":[72.8423049,19.017377]}},{"type":"Feature","id":"node/7442452598","properties":{"amenity":"kindergarten","isced:level":"0","name":"Tarabai Modak Pre Primary English Medium School","id":"node/7442452598"},"geometry":{"type":"Point","coordinates":[72.8475988,19.0224765]}},{"type":"Feature","id":"node/7442452600","properties":{"amenity":"school","check_date":"2026-03-20","isced:level":"1;2;3","name":"Shishuvihar Madhyamik Vidhyala","id":"node/7442452600"},"geometry":{"type":"Point","coordinates":[72.8477584,19.0224005]}},{"type":"Feature","id":"node/7442452610","properties":{"amenity":"school","name":"Saraswati Mandir School","id":"node/7442452610"},"geometry":{"type":"Point","coordinates":[72.8481813,19.0200022]}},{"type":"Feature","id":"node/7442452611","properties":{"amenity":"school","education":"school","fee":"yes","isced:level":"1","name":"Patkar Guruji Vidyalaya","id":"node/7442452611"},"geometry":{"type":"Point","coordinates":[72.8487774,19.0206415]}},{"type":"Feature","id":"node/7442452621","properties":{"amenity":"kindergarten","name":"Little More Pre School","id":"node/7442452621"},"geometry":{"type":"Point","coordinates":[72.8498777,19.022245]}},{"type":"Feature","id":"node/7453712172","properties":{"amenity":"kindergarten","check_date":"2026-03-20","name":"Padmashali Yuvak Sangh Pre-Primary School","id":"node/7453712172"},"geometry":{"type":"Point","coordinates":[72.8442757,19.0112423]}},{"type":"Feature","id":"node/7453717292","properties":{"amenity":"kindergarten","name":"Serra International Pre-school","id":"node/7453717292"},"geometry":{"type":"Point","coordinates":[72.8484194,19.0131929]}},{"type":"Feature","id":"node/7458437223","properties":{"addr:city":"Mumbai","addr:housenumber":"3/31 ,J KARIA IND EST","addr:postcode":"400011","addr:street":"Musa Killedar Street","brand":"RL;WALLETSNBAGS","ele":"GROUND FLOOR","email":"walletsnbags@rediffmail.com","name":"WALLETSNBAGS","opening_hours":"Mo-Sa 08:00-18:00","payment:cash":"yes","payment:credit_cards":"yes","payment:unionpay":"yes","phone":"+912223089653","shop":"fashion_accessories","id":"node/7458437223"},"geometry":{"type":"Point","coordinates":[72.8298066,18.9792602]}},{"type":"Feature","id":"node/7459352386","properties":{"addr:housenumber":"124/B, Syed House","addr:street":"Veer Savarkar Marg","amenity":"kindergarten","name":"Little Angels Nursery, Jr. & Sr. K. G.","id":"node/7459352386"},"geometry":{"type":"Point","coordinates":[72.8390078,19.0381969]}},{"type":"Feature","id":"node/7459352409","properties":{"amenity":"language_school","name":"Tendulkar's Language Academy","id":"node/7459352409"},"geometry":{"type":"Point","coordinates":[72.8423528,19.0320153]}},{"type":"Feature","id":"node/7459352410","properties":{"amenity":"kindergarten","name":"Podar Jumbo Kids","id":"node/7459352410"},"geometry":{"type":"Point","coordinates":[72.8428383,19.0316654]}},{"type":"Feature","id":"node/7459352412","properties":{"addr:housenumber":"1/10, Pankaj Apartments","addr:street":"Sitaram Keer Marg","amenity":"kindergarten","name":"Bubblez World Preschool","id":"node/7459352412"},"geometry":{"type":"Point","coordinates":[72.8440265,19.0326492]}},{"type":"Feature","id":"node/7459352428","properties":{"amenity":"kindergarten","name":"St. Michaels Pre-primary School","id":"node/7459352428"},"geometry":{"type":"Point","coordinates":[72.8410917,19.0413702]}},{"type":"Feature","id":"node/7459352437","properties":{"addr:housenumber":"207/2nd Floor, Gala No. 207","addr:street":"Gabriel Road","amenity":"dancing_school","name":"Phulawa's School of Dance and Gymnastics","id":"node/7459352437"},"geometry":{"type":"Point","coordinates":[72.8429668,19.0383437]}},{"type":"Feature","id":"node/7459352441","properties":{"amenity":"studio","name":"Temple of Bob Marley","id":"node/7459352441"},"geometry":{"type":"Point","coordinates":[72.8429584,19.0369413]}},{"type":"Feature","id":"node/7498825218","properties":{"addr:city":"Mumbai","addr:postcode":"400008","addr:street":"Temkar Street","name":"U.P. Bakery","opening_hours":"Mo-Su,PH 06:00-23:00","payment:cash":"yes","shop":"bakery","stroller":"no","id":"node/7498825218"},"geometry":{"type":"Point","coordinates":[72.8310545,18.9641387]}},{"type":"Feature","id":"node/7499053622","properties":{"addr:city":"Mumbai","addr:postcode":"400008","addr:street":"Maulana Shaukat Ali Marg","amenity":"restaurant","cuisine":"indian;kebab;chicken;mughlai","name":"Cafe Paradise","id":"node/7499053622"},"geometry":{"type":"Point","coordinates":[72.830019,18.9618693]}},{"type":"Feature","id":"node/7499053623","properties":{"addr:city":"Mumbai","addr:postcode":"400008","addr:street":"Undria Street","amenity":"police","name":"Chowki Mohalla Police Chowki","operator":"Mumbai Police","id":"node/7499053623"},"geometry":{"type":"Point","coordinates":[72.8301422,18.9618784]}},{"type":"Feature","id":"node/7506793876","properties":{"addr:city":"Mumbai","addr:postcode":"400003","amenity":"restaurant","cuisine":"mughlai;indian","name":"Al Rehmani Resturant","id":"node/7506793876"},"geometry":{"type":"Point","coordinates":[72.8317742,18.9617676]}},{"type":"Feature","id":"node/7506793877","properties":{"addr:city":"Mumbai","addr:postcode":"400008","amenity":"restaurant","cuisine":"mughlai;indian","name":"Cafe Almas","id":"node/7506793877"},"geometry":{"type":"Point","coordinates":[72.8321931,18.9617761]}},{"type":"Feature","id":"node/7506793879","properties":{"addr:city":"Mumbai","addr:postcode":"400003","addr:street":"Maulana Shaukat Ali Marg","amenity":"restaurant","cuisine":"mughlai;indian","name":"Nilgiri","id":"node/7506793879"},"geometry":{"type":"Point","coordinates":[72.8307893,18.961654]}},{"type":"Feature","id":"node/7506793880","properties":{"addr:city":"Mumbai","addr:postcode":"400003","addr:street":"Maulana Shaukat Ali Marg","amenity":"restaurant","cuisine":"mughlai;indian","name":"Alamgir Hotel","id":"node/7506793880"},"geometry":{"type":"Point","coordinates":[72.830466,18.9617326]}},{"type":"Feature","id":"node/7506854136","properties":{"amenity":"restaurant","cuisine":"mughlai;indian","name":"Laham","id":"node/7506854136"},"geometry":{"type":"Point","coordinates":[72.829516,18.96168]}},{"type":"Feature","id":"node/7506854141","properties":{"amenity":"police","name":"Do Taki Police Chowki","operator":"Mumbai Police","id":"node/7506854141"},"geometry":{"type":"Point","coordinates":[72.8286697,18.9616064]}},{"type":"Feature","id":"node/7506854142","properties":{"addr:city":"Mumbai","addr:postcode":"400003","addr:street":"Maulana Shaukat Ali Marg","amenity":"restaurant","cuisine":"mughlai;indian","name":"Star of U.P Restaurant","id":"node/7506854142"},"geometry":{"type":"Point","coordinates":[72.8290834,18.9616225]}},{"type":"Feature","id":"node/7506854143","properties":{"addr:city":"Mumbai","addr:postcode":"400008","addr:street":"Maulana Shaukat Ali Marg","amenity":"fast_food","cuisine":"mughlai;indian","name":"Nawab Seekh Paratha","id":"node/7506854143"},"geometry":{"type":"Point","coordinates":[72.8284556,18.9616408]}},{"type":"Feature","id":"node/7510862062","properties":{"name":"Reay Road","public_transport":"stop_position","railway":"stop","ref":"2","train":"yes","id":"node/7510862062"},"geometry":{"type":"Point","coordinates":[72.8442643,18.9774327]}},{"type":"Feature","id":"node/7510862063","properties":{"name":"Reay Road","public_transport":"stop_position","railway":"stop","ref":"1","train":"yes","id":"node/7510862063"},"geometry":{"type":"Point","coordinates":[72.8442202,18.9774257]}},{"type":"Feature","id":"node/7511298719","properties":{"IR:zone":"WR:CCG","local_ref":"2","name":"Mahalaxmi","name:hi":"महालक्ष्मी","name:mr":"महालक्ष्मी","network":"WR","operator":"IR","public_transport":"stop_position","railway":"stop","train":"yes","id":"node/7511298719"},"geometry":{"type":"Point","coordinates":[72.8240475,18.9821386]}},{"type":"Feature","id":"node/7511298720","properties":{"IR:zone":"WR:CCG","local_ref":"1","name":"Mahalaxmi","name:hi":"महालक्ष्मी","name:mr":"महालक्ष्मी","network":"WR","operator":"IR","public_transport":"stop_position","railway":"stop","train":"yes","id":"node/7511298720"},"geometry":{"type":"Point","coordinates":[72.8239368,18.982232]}},{"type":"Feature","id":"node/7514380044","properties":{"addr:city":"Mumbai","addr:postcode":"400008","addr:street":"Dimtimakar Road","amenity":"restaurant","cuisine":"mughlai;indian","name":"Zulfikar Restaurant","id":"node/7514380044"},"geometry":{"type":"Point","coordinates":[72.8308951,18.964704]}},{"type":"Feature","id":"node/7553582481","properties":{"IR:zone":"WR:CCG","local_ref":"1","name":"Mumbai Central","name:hi":"मुम्बई सेन्ट्रल","name:mr":"मुंबई सेंट्रल","network":"WR","operator":"IR","public_transport":"stop_position","railway":"stop","ref":"MMCT","train":"yes","id":"node/7553582481"},"geometry":{"type":"Point","coordinates":[72.8191416,18.9701022]}},{"type":"Feature","id":"node/7554999656","properties":{"name":"Dadar (Central)","name:en":"Dadar (Central)","name:hi":"दादर (सेंट्रल)","name:mr":"दादर (सेंट्रल)","public_transport":"stop_position","railway":"stop","ref":"8","train":"yes","id":"node/7554999656"},"geometry":{"type":"Point","coordinates":[72.8428598,19.0173769]}},{"type":"Feature","id":"node/7565221199","properties":{"addr:city":"Mumbai","addr:postcode":"400003","addr:street":"Ramchandra Bhatt Marg","amenity":"pharmacy","dispensing":"yes","health_facility:type":"pharmacy","healthcare":"pharmacy","name":"Parveen Medical & General Stores","id":"node/7565221199"},"geometry":{"type":"Point","coordinates":[72.8323802,18.9618303]}},{"type":"Feature","id":"node/7565221200","properties":{"addr:city":"Mumbai","addr:postcode":"400003","addr:street":"Ramchandra Bhatt Marg","amenity":"pharmacy","dispensing":"yes","health_facility:type":"pharmacy","healthcare":"pharmacy","name":"Munna General Store","id":"node/7565221200"},"geometry":{"type":"Point","coordinates":[72.8328576,18.9619546]}},{"type":"Feature","id":"node/7565221201","properties":{"access":"yes","amenity":"toilets","changing_table":"no","toilets:disposal":"bucket","unisex":"yes","wheelchair":"no","id":"node/7565221201"},"geometry":{"type":"Point","coordinates":[72.8332554,18.9620125]}},{"type":"Feature","id":"node/7565221202","properties":{"access":"yes","amenity":"toilets","changing_table":"no","toilets:disposal":"bucket","unisex":"yes","wheelchair":"no","id":"node/7565221202"},"geometry":{"type":"Point","coordinates":[72.8333867,18.9621913]}},{"type":"Feature","id":"node/7565260156","properties":{"addr:city":"Mumbai","addr:postcode":"400008","addr:street":"Dimtimakar Road","amenity":"doctors","healthcare":"doctor","healthcare:speciality":"general;paediatrics","name":"Dr. Abbas F. Merchant","id":"node/7565260156"},"geometry":{"type":"Point","coordinates":[72.8302467,18.9653858]}},{"type":"Feature","id":"node/7577821991","properties":{"tourism":"artwork","id":"node/7577821991"},"geometry":{"type":"Point","coordinates":[72.8190135,18.9695456]}},{"type":"Feature","id":"node/7607557871","properties":{"addr:district":"Mumbai","addr:full":"MS Ali Road, Siddharth Nagar, Kamathipura, Mumbai","addr:postcode":"400008","addr:state":"Maharashtra","amenity":"hospital","healthcare":"hospital","name":"BMC Eye Hospital ,Kamathipura","source":"Local Knowledge","id":"node/7607557871"},"geometry":{"type":"Point","coordinates":[72.8265104,18.961983]}},{"type":"Feature","id":"node/7607886540","properties":{"addr:district":"Mumbai","addr:full":"Haji Ali, Keshavrao Khadye Marg","addr:postcode":"400034","addr:state":"Maharashtra","amenity":"hospital","name":"All India Institute of Physical Medicine and Rehabilitation","source":"Local Knowledge","id":"node/7607886540"},"geometry":{"type":"Point","coordinates":[72.8128747,18.9785849]}},{"type":"Feature","id":"node/7664032187","properties":{"addr:district":"Mumbai City","addr:full":"Khemraj Srikrishna Das Marg, Grant Road, Khetwadi, Girgaon, Mumbai","addr:postcode":"400004","addr:state":"Maharastra","amenity":"hospital","healthcare":"hospital","name":"Dr. Sanjay Shah Hospital","source":"Local Knowledge","id":"node/7664032187"},"geometry":{"type":"Point","coordinates":[72.823862,18.959185]}},{"type":"Feature","id":"node/7664032188","properties":{"addr:district":"Mumbai City","addr:full":"Zaobawadi Road, Marine Lines East, Thakurdwar, Kalbadevi, Mumbai","addr:postcode":"400002","addr:state":"Maharastra","amenity":"hospital","healthcare":"hospital","name":"Suryakant Wagal Maternity Hospital","source":"Local Knowledge","id":"node/7664032188"},"geometry":{"type":"Point","coordinates":[72.8236501,18.9513853]}},{"type":"Feature","id":"node/7664032190","properties":{"addr:district":"Mumbai City","addr:full":"10, Bomanji Petit Marg, Cumballa Hill, Mumbai","addr:postcode":"400026","addr:state":"Maharastra","amenity":"clinic","name":"Zarah Medical & Comestic Skin Clinic","source":"Local Knowledge","id":"node/7664032190"},"geometry":{"type":"Point","coordinates":[72.8053844,18.9670887]}},{"type":"Feature","id":"node/7664032192","properties":{"addr:district":"Mumbai City","addr:full":"R K Madani Building, Babasaheb Ambedkar Nagar, Mumbai","addr:postcode":"400028","addr:state":"Maharastra","amenity":"hospital","healthcare":"hospital","name":"Gorai Naka Nalasopara Zoya Hospital","source":"Local Knowledge","id":"node/7664032192"},"geometry":{"type":"Point","coordinates":[72.835058,19.012455]}},{"type":"Feature","id":"node/7664032195","properties":{"addr:district":"Mumbai City","addr:full":"Bhatia Hospital, Tardeo Road, Grant Road, West Grant Road, (W), Tardeo, Mumbai","addr:postcode":"400007","addr:state":"Maharastra","amenity":"doctors","healthcare":"doctor","name":"Dr. Nitin Gupta ENT Specialist","source":"Local Knowledge","id":"node/7664032195"},"geometry":{"type":"Point","coordinates":[72.814186,18.964553]}},{"type":"Feature","id":"node/7664032196","properties":{"addr:district":"Mumbai City","addr:full":"20, Dr E Moses Road, Gandhi Nagar, Upper Worli, Lower Parel, Mumbai","addr:postcode":"400013","addr:state":"Maharastra","amenity":"hospital","check_date":"2026-03-20","name":"Anand Niketan Hospital","opening_hours":"24/7","source":"Local Knowledge","id":"node/7664032196"},"geometry":{"type":"Point","coordinates":[72.8230369,18.9887771]}},{"type":"Feature","id":"node/7664032197","properties":{"addr:district":"Mumbai City","addr:full":"Dadyseth Road, Opp Bombay Garage, Chowpatty, Mumbai","addr:postcode":"400007","addr:state":"Maharastra","amenity":"hospital","name":"Desa's Hospital","source":"Local Knowledge","id":"node/7664032197"},"geometry":{"type":"Point","coordinates":[72.807685,18.956001]}},{"type":"Feature","id":"node/7664032199","properties":{"addr:district":"Mumbai City","addr:full":"Geeta Smriti Building, B-42,44, Pandita Ramabai Marg, Gamdevi, Mumbai","addr:postcode":"400007","addr:state":"Maharastra","amenity":"clinic","name":"Ria Clinic","source":"Local Knowledge","id":"node/7664032199"},"geometry":{"type":"Point","coordinates":[72.8114136,18.9584181]}},{"type":"Feature","id":"node/7664032200","properties":{"addr:district":"Mumbai City","addr:full":"KM Munshi Road, Gamdevi, Mumbai","addr:postcode":"400007","addr:state":"Maharastra","amenity":"hospital","name":"Dolby Hospital","source":"Local Knowledge","id":"node/7664032200"},"geometry":{"type":"Point","coordinates":[72.8115973,18.9570962]}},{"type":"Feature","id":"node/7664032202","properties":{"addr:district":"Mumbai City","addr:full":"Rupal Apartment, 1st Floor, Dadasaheb Phalke Road, Dadar East, Mumbai","addr:postcode":"400014","addr:state":"Maharastra","amenity":"hospital","check_date":"2026-03-20","name":"Ashvini Nursing Home","source":"Local Knowledge","id":"node/7664032202"},"geometry":{"type":"Point","coordinates":[72.8424841,19.0146087]}},{"type":"Feature","id":"node/7664032203","properties":{"addr:district":"Mumbai City","addr:full":"37, St Mary Road, Tadwadi, Mazgaon, Mumbai","addr:postcode":"400010","addr:state":"Maharastra","amenity":"hospital","name":"Dr. Shantilal Oza Hospital","source":"Local Knowledge","id":"node/7664032203"},"geometry":{"type":"Point","coordinates":[72.838751,18.967509]}},{"type":"Feature","id":"node/7664032205","properties":{"addr:district":"Mumbai City","addr:full":"White Hall Building, Next to Shalimar Hotel, Kemps Corner, Mumbai","addr:postcode":"400036","addr:state":"Maharastra","amenity":"clinic","healthcare":"clinic","name":"Cheers Child Care Clinic","source":"Local Knowledge","id":"node/7664032205"},"geometry":{"type":"Point","coordinates":[72.805654,18.96436]}},{"type":"Feature","id":"node/7664032206","properties":{"addr:district":"Mumbai City","addr:full":"C/1, August Kranti Road, Cumballa Hill, Mumbai","addr:postcode":"400026","addr:state":"Maharastra","amenity":"clinic","healthcare":"clinic","name":"Dr. Nilen Shah's Clinic","source":"Local Knowledge","id":"node/7664032206"},"geometry":{"type":"Point","coordinates":[72.807013,18.9642646]}},{"type":"Feature","id":"node/7664032207","properties":{"addr:district":"Mumbai City","addr:full":"Ground Floor, Shiv Tapi Building, H.Goregaonkar Road, Gamdevi, Mumbai","addr:postcode":"400007","addr:state":"Maharastra","amenity":"clinic","healthcare":"clinic","name":"Cods Clinic","source":"Local Knowledge","id":"node/7664032207"},"geometry":{"type":"Point","coordinates":[72.8136684,18.9586366]}},{"type":"Feature","id":"node/7664032211","properties":{"addr:district":"Mumbai City","addr:full":"Elphinstone Bridge, Babasaheb Ambedkar Nagar, Parel, Mumbai","addr:postcode":"400012","addr:state":"Maharastra","amenity":"hospital","name":"Laxmi Niwas General Hospital","source":"Local Knowledge","id":"node/7664032211"},"geometry":{"type":"Point","coordinates":[72.835476,19.008175]}},{"type":"Feature","id":"node/7664032213","properties":{"addr:district":"Mumbai City","addr:full":"Sitladevi Temple Road, Mahim West, Mahim, Mumbai","addr:postcode":"400016","addr:state":"Maharastra","amenity":"hospital","healthcare":"hospital","name":"New Ratna Hospital","source":"Local Knowledge","id":"node/7664032213"},"geometry":{"type":"Point","coordinates":[72.8386025,19.0358599]}},{"type":"Feature","id":"node/7664032214","properties":{"addr:district":"Mumbai City","addr:full":"N S Patkar Marg, Opp Westside, Babulnath, Dadi Sheth Wadi, Gamdevi, Mumbai","addr:postcode":"400007","addr:state":"Maharastra","amenity":"hospital","name":"Smt. Motiben B. Dalvi Hospital","source":"Local Knowledge","id":"node/7664032214"},"geometry":{"type":"Point","coordinates":[72.8102818,18.9582867]}},{"type":"Feature","id":"node/7664032215","properties":{"addr:district":"Mumbai City","addr:full":"101, Inder Tower, Gokhale Road, Near Tilak Bhavan, Dadar West, Mumbai","addr:postcode":"400028","addr:state":"Maharastra","amenity":"hospital","healthcare":"hospital","name":"Punamiya Hospital","source":"Local Knowledge","id":"node/7664032215"},"geometry":{"type":"Point","coordinates":[72.833644,19.012145]}},{"type":"Feature","id":"node/7664032218","properties":{"addr:district":"Mumbai City","addr:full":"Digvijay Mill Building, Dattaram Lad Marg, Ghodapdeo, Byculla East, Mumbai","addr:postcode":"400033","addr:state":"Maharastra","amenity":"hospital","name":"Astha Nursing Home","source":"Local Knowledge","id":"node/7664032218"},"geometry":{"type":"Point","coordinates":[72.8376926,18.9881485]}},{"type":"Feature","id":"node/7664032219","properties":{"addr:district":"Mumbai City","addr:full":"Old Prabhadevi Road, G-South Ward, Dadar West, Prabhadevi, Mumbai","addr:postcode":"400025","addr:state":"Maharastra","amenity":"hospital","healthcare":"hospital","healthcare:speciality":"general","name":"BMC Hospital","source":"Local Knowledge","id":"node/7664032219"},"geometry":{"type":"Point","coordinates":[72.8261774,19.015443]}},{"type":"Feature","id":"node/7664032220","properties":{"addr:district":"Mumbai City","addr:full":"Rambha Bhavan, Near Babulnath Temple, Khareghat Colony, Malabar Hill, Mumbai","addr:postcode":"400007","addr:state":"Maharastra","amenity":"hospital","name":"Hospital For Women Care","source":"Local Knowledge","id":"node/7664032220"},"geometry":{"type":"Point","coordinates":[72.807333,18.957089]}},{"type":"Feature","id":"node/7664032222","properties":{"addr:district":"Mumbai City","addr:full":"Building No.1, Ground Floor, New Mahim Police Colony, Mahim, Mumbai","addr:postcode":"400016","addr:state":"Maharastra","amenity":"hospital","name":"Mahim Police Hospital","source":"Local Knowledge","id":"node/7664032222"},"geometry":{"type":"Point","coordinates":[72.84134,19.047153]}},{"type":"Feature","id":"node/7664032223","properties":{"addr:district":"Mumbai City","addr:full":"Shiv Tapi, Shop 5, JK Towers, Ground Floor, Opposite Goregaonkar Marg, Gamdevi, Mumbai","addr:postcode":"400007","addr:state":"Maharastra","amenity":"dentist","healthcare":"dentist","name":"Sobo Smiles Dental Clinic","source":"Local Knowledge","id":"node/7664032223"},"geometry":{"type":"Point","coordinates":[72.813346,18.958779]}},{"type":"Feature","id":"node/7664032224","properties":{"addr:district":"Mumbai City","addr:full":"Welkarwadi BMC Building, LJ Cross Road, Opp.Darga Sarff, Mahim West, Mahim, Mumbai","addr:postcode":"400016","addr:state":"Maharastra","amenity":"hospital","healthcare":"hospital","name":"Welkarwadi BMC Hospital","source":"Local Knowledge","id":"node/7664032224"},"geometry":{"type":"Point","coordinates":[72.840027,19.03978]}},{"type":"Feature","id":"node/7664032225","properties":{"addr:district":"Mumbai City","addr:full":"Baig Mansion, Chowpatty Medical Centre 3, Babulnath Road, Mumbai","addr:postcode":"400007","addr:state":"Maharastra","amenity":"hospital","name":"Dr. Nadeem Rais Endocrinologist","source":"Local Knowledge","id":"node/7664032225"},"geometry":{"type":"Point","coordinates":[72.8084083,18.9559782]}},{"type":"Feature","id":"node/7664032231","properties":{"addr:district":"Mumbai City","addr:full":"Bobby Apartments, Near Mahim Bazar, P.O., Kapad Bazar, Mahim West, Mumbai","addr:postcode":"400016","addr:state":"Maharastra","amenity":"hospital","healthcare":"hospital","name":"Raj Ratan Hospital","source":"Local Knowledge","id":"node/7664032231"},"geometry":{"type":"Point","coordinates":[72.8400357,19.0363379]}},{"type":"Feature","id":"node/7664032237","properties":{"addr:district":"Mumbai City","addr:full":"43-A/43B, Dr Anandrao Nair Marg, RTO Colony, Mumbai Central, Mumbai","addr:postcode":"400008","addr:state":"Maharastra","amenity":"hospital","check_date":"2026-03-20","healthcare":"hospital","name":"Nair Hospital","source":"Local Knowledge","id":"node/7664032237"},"geometry":{"type":"Point","coordinates":[72.8219132,18.9730222]}},{"type":"Feature","id":"node/7664032239","properties":{"addr:district":"Mumbai City","addr:full":"9th Floor, Flat No 43, Joothica, Sleater Road, Grant Road, West Grant Road, Mumbai","addr:postcode":"400007","addr:state":"Maharastra","amenity":"doctors","name":"Dr. A G Kamat","source":"Local Knowledge","id":"node/7664032239"},"geometry":{"type":"Point","coordinates":[72.8160928,18.9659479]}},{"type":"Feature","id":"node/7664032244","properties":{"addr:district":"Mumbai City","addr:full":"31, Lower Parel East, BDD Chawl, Lower Parel, Mumbai","addr:postcode":"400013","addr:state":"Maharastra","amenity":"hospital","check_date":"2026-03-20","healthcare":"hospital","name":"Mhaskar Hospital","source":"Local Knowledge","id":"node/7664032244"},"geometry":{"type":"Point","coordinates":[72.8294352,18.9921984]}},{"type":"Feature","id":"node/7731605577","properties":{"name":"Worli","name:en":"Worli","name:mr":"वरळी","public_transport":"stop_position","railway":"stop","subway":"yes","id":"node/7731605577"},"geometry":{"type":"Point","coordinates":[72.8192495,19.0086178]}},{"type":"Feature","id":"node/7743133235","properties":{"addr:city":"Mumbai","addr:postcode":"400003","addr:street":"Husainiyah Marg (Pakodia Street)","name":"Saifi sweet mart","payment:cash":"yes","shop":"confectionery","id":"node/7743133235"},"geometry":{"type":"Point","coordinates":[72.8309919,18.960603]}},{"type":"Feature","id":"node/7743170548","properties":{"addr:city":"Mumbai","addr:postcode":"400003","addr:street":"Maulana Shaukat Ali Marg","name":"Aftab Tea store","name:en":"Aftab Tea store","shop":"tea","id":"node/7743170548"},"geometry":{"type":"Point","coordinates":[72.8311608,18.9616887]}},{"type":"Feature","id":"node/7802203490","properties":{"IR:zone":"CR:CSMT","local_ref":"1","name":"Parel","name:en":"Parel","name:hi":"परेल","name:ml":"പരൾ","name:mr":"परळ","network":"CR","operator":"IR","public_transport":"stop_position","railway":"stop","ref":"1","train":"yes","id":"node/7802203490"},"geometry":{"type":"Point","coordinates":[72.8375091,19.0095674]}},{"type":"Feature","id":"node/7802203491","properties":{"IR:zone":"CR:CSMT","local_ref":"2;2A","name":"Parel","name:en":"Parel","name:hi":"परेल","name:ml":"പരൾ","name:mr":"परळ","network":"CR","operator":"IR","public_transport":"stop_position","railway":"stop","ref":"2;2A","train":"yes","id":"node/7802203491"},"geometry":{"type":"Point","coordinates":[72.8376051,19.009507]}},{"type":"Feature","id":"node/7802203492","properties":{"IR:zone":"CR:CSMT","local_ref":"3","name":"Parel","name:en":"Parel","name:hi":"परेल","name:ml":"പരൾ","name:mr":"परळ","network":"CR","operator":"IR","public_transport":"stop_position","railway":"stop","ref":"3","train":"yes","id":"node/7802203492"},"geometry":{"type":"Point","coordinates":[72.837708,19.0094467]}},{"type":"Feature","id":"node/7802203493","properties":{"IR:zone":"CR:CSMT","name":"Parel","name:en":"Parel","name:hi":"परेल","name:ml":"പരൾ","name:mr":"परळ","network":"CR","operator":"IR","public_transport":"stop_position","railway":"stop","train":"yes","id":"node/7802203493"},"geometry":{"type":"Point","coordinates":[72.8377555,19.0094169]}},{"type":"Feature","id":"node/7802203494","properties":{"IR:zone":"CR:CSMT","name":"Parel","name:en":"Parel","name:hi":"परेल","name:ml":"പരൾ","name:mr":"परळ","network":"CR","operator":"IR","public_transport":"stop_position","railway":"stop","train":"yes","id":"node/7802203494"},"geometry":{"type":"Point","coordinates":[72.8378243,19.0093633]}},{"type":"Feature","id":"node/7817952879","properties":{"IR:zone":"WR:CCG","local_ref":"1","name":"Lower Parel","name:hi":"लोअर परेल","name:mr":"लोअर परळ","network":"WR","operator":"IR","public_transport":"stop_position","railway":"stop","train":"yes","id":"node/7817952879"},"geometry":{"type":"Point","coordinates":[72.8300633,18.9955353]}},{"type":"Feature","id":"node/7817952880","properties":{"IR:zone":"WR:CCG","local_ref":"2","name":"Lower Parel","name:hi":"लोअर परेल","name:mr":"लोअर परळ","network":"WR","operator":"IR","public_transport":"stop_position","railway":"stop","train":"yes","id":"node/7817952880"},"geometry":{"type":"Point","coordinates":[72.8301006,18.9955157]}},{"type":"Feature","id":"node/7869383739","properties":{"addr:city":"Mumbai","addr:housenumber":"1, Parsi building, ground floor, Bawlawadi,opp. voltas house","addr:postcode":"400012","addr:street":"Dr Babasaheb Ambedkar Marg","amenity":"clinic","healthcare":"clinic","healthcare:speciality":"general;gynaecology;ophthalmology;paediatrics;dentist;physiotherapy;community;clinic;dermatology;cardiology;optometry;surgery;urology;acupuncture","name":"Om Shanti Churchgate J.D.F Mumbai Medical Centre Trust","opening_hours":"Mo-Sa 08:00-19:00","phone":"+912223778175 +912223635780","id":"node/7869383739"},"geometry":{"type":"Point","coordinates":[72.834865,18.9865353]}},{"type":"Feature","id":"node/7912405385","properties":{"addr:housenumber":"#84","addr:postcode":"400009","addr:street":"C.V.O.D. Jain Pathshala, SVP Road, Samuel Street (PalaGaly), Masjid Bunder","amenity":"school","email":"communications.oisp@orchids.edu.in","name:en":"Orchids The International School, Masjid Bunder","opening_hours":"Mo-Su 09:00-18:30","operator":"Orchids International School","phone":"9513731352","website":"https://www.orchidsinternationalschool.com/mumbai-branches/masjid-bunder/","id":"node/7912405385"},"geometry":{"type":"Point","coordinates":[72.8366214,18.9562488]}},{"type":"Feature","id":"node/7933004405","properties":{"name":"Tardeo General Stores","opening_hours":"Mo-Su 10:00-20:00","phone":"02223801771","shop":"general","id":"node/7933004405"},"geometry":{"type":"Point","coordinates":[72.8205023,18.9722788]}},{"type":"Feature","id":"node/8095683678","properties":{"addr:city":"Mahim, Mumbai","addr:housenumber":"Bethany CHS","addr:place":"Mahim","addr:postcode":"400016","addr:street":"Mogul Lane, Mahim","name":"Bristol Bakery","shop":"bakery","id":"node/8095683678"},"geometry":{"type":"Point","coordinates":[72.8463516,19.0374143]}},{"type":"Feature","id":"node/8095683679","properties":{"addr:city":"Mahim, Mumbai","addr:housenumber":"Bethany CHS","addr:place":"Mahim","addr:postcode":"400016","addr:street":"Mogul Lane, Mahim","name":"Jimmy Boy Bakery","shop":"bakery","id":"node/8095683679"},"geometry":{"type":"Point","coordinates":[72.8464401,19.0374092]}},{"type":"Feature","id":"node/8126743841","properties":{"addr:city":"mumbai","addr:housenumber":"Shop No. 5","addr:postcode":"400013","addr:street":"Khatijabai Chawl, NM Joshi Marg, opp. Matterden Carnival Cinema (Deepak Talkies, Prabhadevi, W, Maharashtra 400013","amenity":"ice_cream","name":"Nomou","organic":"yes","website":"https://nomou.in/","id":"node/8126743841"},"geometry":{"type":"Point","coordinates":[72.8309857,19.0061138]}},{"type":"Feature","id":"node/8138701119","properties":{"addr:city":"Mumbai","addr:housenumber":"Shop No. 8","addr:postcode":"40001","addr:street":"Tirupati Apartment, Warden Rd, opp. Mahalaxmi Temple, Breach Candy, Mahalakshmi, Mumbai, Maharashtra 400011","amenity":"ice_cream","name":"Nature's Basket Warden Road","organic":"yes","shop":"supermarket","website":"https://www.naturesbasket.co.in/","id":"node/8138701119"},"geometry":{"type":"Point","coordinates":[72.8073145,18.9760257]}},{"type":"Feature","id":"node/8251744595","properties":{"addr:city":"Mumbai","addr:street":"Veer Nariman Marg","amenity":"fast_food","name":"Mandala Food","organic":"yes","id":"node/8251744595"},"geometry":{"type":"Point","coordinates":[72.823972,19.0158259]}},{"type":"Feature","id":"node/8256911628","properties":{"addr:city":"Mumbai","addr:housenumber":"4, Shankar Niwas","addr:postcode":"400028","addr:street":"Dadasaheb Rege Marg , Opposite Shiv Sena Bhavan, Behind bank Of Maharashtra, Shivaji Park, Dadar West","amenity":"clinic","healthcare":"clinic","healthcare:speciality":"Orthopedics;Pediatric_Orthopedics_and_Joint_Replacement;Joint_Replacement;Sports_Injuries_Treatment;Achilles_Tendon_Injuries_Treatment;Radiculopathy_Treatment","name":"Dr. Shreedhar Archik","website":"https://www.drarchik.com/knee-replacement-surgeon-mumbai","id":"node/8256911628"},"geometry":{"type":"Point","coordinates":[72.8395684,19.0248332]}},{"type":"Feature","id":"node/8261466698","properties":{"addr:city":"East Mumbai","addr:postcode":"400008","addr:street":"DR PLUS HEALTH CARE NATHANI HEIGHTS, Opposite Mumbai Central","amenity":"clinic","check_date":"2026-03-20","healthcare":"clinic","healthcare:speciality":"ORTHOPEDIC;surgery","name":"MUMBAI SPINE CARE CLINIC","website":"https://www.mumbaispinecareclinic.com/","id":"node/8261466698"},"geometry":{"type":"Point","coordinates":[72.8204271,18.9686893]}},{"type":"Feature","id":"node/8277185744","properties":{"addr:city":"mumbai","addr:district":"Mumbai","addr:postcode":"400016","addr:street":"Ground Floor, Om Aradhana Mandir Co Operative Housing Society,(Next to Bank of Baroda, Near Raja Rani Travels), L J Road, Mahim","amenity":"clinic","healthcare":"clinic","healthcare:speciality":"Complex_Primary_and_Re-do_Joint_Replacement_Surgeries;orthopaedics;general","name":"DR ANOOP DHAMANGOANKAR","opening_hours":"Mo-Sa 09:00-20:00","operator":"MR. ANOOP C. DHAMANGOANKAR","operator:type":"private","website":"https://www.dranoopdhamangaonkar.com/","id":"node/8277185744"},"geometry":{"type":"Point","coordinates":[72.8413417,19.0290045]}},{"type":"Feature","id":"node/8360488232","properties":{"amenity":"ferry_terminal","ferry":"yes","name":"M2M Ro-Ro Terminal","public_transport":"station","id":"node/8360488232"},"geometry":{"type":"Point","coordinates":[72.8475783,18.9573602]}},{"type":"Feature","id":"node/8360488234","properties":{"amenity":"ferry_terminal","ferry":"yes","name":"Angriya Water Terminal","public_transport":"station","id":"node/8360488234"},"geometry":{"type":"Point","coordinates":[72.8464559,18.953769]}},{"type":"Feature","id":"node/8452637318","properties":{"shop":"clothes","id":"node/8452637318"},"geometry":{"type":"Point","coordinates":[72.8250498,18.9504721]}},{"type":"Feature","id":"node/8494348695","properties":{"addr:city":"Mumbai,Dadar(East)","addr:housenumber":"5, Dhun Building, 1st Floor","addr:postcode":"400014","addr:street":"Dadasaheb Phalke Marg","check_date":"2026-03-20","description":"We help people lose weight and manage health problems at any age naturally — without fasting, medicines, and side effects. \n\nTo achieve this goal, we make customized health programs for each person which include yoga therapy, diet therapy, sujok therapy,","email":"enquiry@rajshreeyoga.com","leisure":"fitness_centre","name":"Rajshree Yoga - Weight & Health Centre","opening_hours":"Mo-Sa 07:00-17:00","opening_hours:covid19":"Mo-Sa 08:30-12:30","phone":"+919699966266","sport":"fitness;weight_Loss;weight_maintenance;diabetes_treatment","start_date":"1994-02-18","website":"https://www.rajshreeyoga.com/","id":"node/8494348695"},"geometry":{"type":"Point","coordinates":[72.8414903,19.0141926]}},{"type":"Feature","id":"node/8524317738","properties":{"amenity":"atm","brand":"ICICI Bank","brand:wikidata":"Q1653258","operator":"ICICI Bank","operator:wikidata":"Q1653258","service":"no","short_name":"ICICI","id":"node/8524317738"},"geometry":{"type":"Point","coordinates":[72.8325199,18.9646741]}},{"type":"Feature","id":"node/8576357587","properties":{"amenity":"parking","parking":"street_side","id":"node/8576357587"},"geometry":{"type":"Point","coordinates":[72.8301036,19.0050973]}},{"type":"Feature","id":"node/8615193244","properties":{"name":"Girgaon","name:mr":"गिरगाव","public_transport":"stop_position","railway":"stop","ref":"2","start_date":"2025-10-09","subway":"yes","id":"node/8615193244"},"geometry":{"type":"Point","coordinates":[72.8221894,18.9520608]}},{"type":"Feature","id":"node/8633083017","properties":{"addr:city":"Mumbai","addr:postcode":"400033","addr:street":"Dattaram Lad Marg (Kala Chowky Road)","amenity":"clinic","healthcare":"clinic","name":"Samadhan Diagnostic Centre","opening_hours":"Mo-Sa 08:30-21:00; Su 09:00-12:00","phone":"+912224701238","id":"node/8633083017"},"geometry":{"type":"Point","coordinates":[72.8373606,18.9883932]}},{"type":"Feature","id":"node/8717192414","properties":{"name":"Print Evolution","shop":"printing","id":"node/8717192414"},"geometry":{"type":"Point","coordinates":[72.8254777,18.9976395]}},{"type":"Feature","id":"node/8718465671","properties":{"addr:city":"Mumbai","addr:postcode":"400008","amenity":"bank","atm":"yes","brand":"Bank of India","brand:wikidata":"Q2004439","brand:wikipedia":"en:Bank of India","name":"Bank of India","id":"node/8718465671"},"geometry":{"type":"Point","coordinates":[72.8331718,18.9665015]}},{"type":"Feature","id":"node/8797105668","properties":{"addr:district":"Mumbai","addr:full":"Sant Savata Mali Marg, Naralwadi, Sewri, Mumbai","addr:postcode":"400027","addr:state":"Maharashtra","amenity":"hospital","source":"Local Knowledge","id":"node/8797105668"},"geometry":{"type":"Point","coordinates":[72.8416085,18.9764756]}},{"type":"Feature","id":"node/8797726541","properties":{"addr:district":"Mumbai","addr:full":"SS Wagh Marg, Old bdd chawl, Naigaon, Dadar, Mumbai","addr:postcode":"400014","addr:state":"Maharashtra","amenity":"hospital","healthcare":"hospital","name":"Naigaon Municipal Maternity Home","source":"Local Knowledge","id":"node/8797726541"},"geometry":{"type":"Point","coordinates":[72.8460141,19.0115774]}},{"type":"Feature","id":"node/8817020641","properties":{"addr:city":"Mumbai","addr:housenumber":"1877","addr:postcode":"400011","addr:street":"Doctor Anandrao Nair Marg, Near Agripada Police Station Mumbai Central East, Agripada","amenity":"hospital","check_date":"2026-03-20","healthcare":"hospital","healthcare:speciality":"Arthroplasty;Arthroscopy;Hip_Replacement;Knee_Replacement;Trauma","name":"Dr Mudit Khanna","website":"https://www.drmuditkhanna.com/","id":"node/8817020641"},"geometry":{"type":"Point","coordinates":[72.8237596,18.9752297]}},{"type":"Feature","id":"node/8839016426","properties":{"amenity":"bank","atm":"yes","brand":"Bank of Baroda","brand:wikidata":"Q2003797","brand:wikipedia":"en:Bank of Baroda","name":"Bank of Baroda","id":"node/8839016426"},"geometry":{"type":"Point","coordinates":[72.8227002,18.957899]}},{"type":"Feature","id":"node/8839016427","properties":{"amenity":"pharmacy","dispensing":"yes","healthcare":"pharmacy","name":"Noble Chemist","id":"node/8839016427"},"geometry":{"type":"Point","coordinates":[72.8196746,18.959596]}},{"type":"Feature","id":"node/8839016428","properties":{"amenity":"courthouse","name":"Girgaon Metropolitan Magistrate Court","id":"node/8839016428"},"geometry":{"type":"Point","coordinates":[72.8194037,18.9592941]}},{"type":"Feature","id":"node/8839016429","properties":{"name":"210 Degrees","shop":"bakery","id":"node/8839016429"},"geometry":{"type":"Point","coordinates":[72.8193742,18.9590125]}},{"type":"Feature","id":"node/8839016430","properties":{"name":"Kala Kendra","shop":"clothes","id":"node/8839016430"},"geometry":{"type":"Point","coordinates":[72.8199134,18.9586427]}},{"type":"Feature","id":"node/8839016431","properties":{"name":"Irani Bakery","shop":"bakery","id":"node/8839016431"},"geometry":{"type":"Point","coordinates":[72.8200716,18.9582318]}},{"type":"Feature","id":"node/8839016432","properties":{"name":"Kamdar Sweets","shop":"confectionery","id":"node/8839016432"},"geometry":{"type":"Point","coordinates":[72.8194493,18.9578284]}},{"type":"Feature","id":"node/8839119222","properties":{"addr:city":"Mumbai","addr:postcode":"400004","addr:street":"A B Kolhatkar Marg","amenity":"clinic","healthcare":"clinic","name":"Mumbai Clinic","id":"node/8839119222"},"geometry":{"type":"Point","coordinates":[72.8219474,18.9585769]}},{"type":"Feature","id":"node/9017048009","properties":{"bus":"yes","highway":"bus_stop","name":"Mastan Talav/Nagpada","operator":"BEST","public_transport":"platform","ref":"124, 125","shelter":"no","id":"node/9017048009"},"geometry":{"type":"Point","coordinates":[72.8303453,18.9650832]}},{"type":"Feature","id":"node/9017048011","properties":{"bus":"yes","highway":"bus_stop","name":"J J Hospital","operator":"BEST","public_transport":"platform","id":"node/9017048011"},"geometry":{"type":"Point","coordinates":[72.8318866,18.9626612]}},{"type":"Feature","id":"node/9017048012","properties":{"bus":"yes","highway":"bus_stop","name":"J J Hospital","operator":"BEST","public_transport":"platform","id":"node/9017048012"},"geometry":{"type":"Point","coordinates":[72.8318956,18.9628289]}},{"type":"Feature","id":"node/9017048013","properties":{"bus":"yes","highway":"bus_stop","name":"J J Hospital","operator":"BEST","public_transport":"platform","id":"node/9017048013"},"geometry":{"type":"Point","coordinates":[72.831903,18.9632404]}},{"type":"Feature","id":"node/9017048014","properties":{"bus":"yes","highway":"bus_stop","name":"J J Hospital","operator":"BEST","public_transport":"platform","id":"node/9017048014"},"geometry":{"type":"Point","coordinates":[72.832204,18.9633545]}},{"type":"Feature","id":"node/9017048015","properties":{"bus":"yes","highway":"bus_stop","name":"J J Hospital","operator":"BEST","public_transport":"platform","id":"node/9017048015"},"geometry":{"type":"Point","coordinates":[72.8321772,18.9629416]}},{"type":"Feature","id":"node/9017048016","properties":{"bus":"yes","highway":"bus_stop","name":"J J Hospital","operator":"BEST","public_transport":"platform","id":"node/9017048016"},"geometry":{"type":"Point","coordinates":[72.8321683,18.9628007]}},{"type":"Feature","id":"node/9017049888","properties":{"addr:city":"Mumbai","addr:postcode":"400008","addr:street":"Dimtimakar Road","amenity":"pharmacy","check_date:opening_hours":"2025-08-23","dispensing":"yes","healthcare":"pharmacy","name":"Al Madina Medical Store","opening_hours":"Mo-Sa 10:00-23:30","id":"node/9017049888"},"geometry":{"type":"Point","coordinates":[72.8310687,18.9643195]}},{"type":"Feature","id":"node/9017049889","properties":{"addr:city":"Mumbai","addr:postcode":"400008","addr:street":"Dimtimakar Road","amenity":"pharmacy","dispensing":"yes","healthcare":"pharmacy","name":"Al-Falah Medical & General Store","id":"node/9017049889"},"geometry":{"type":"Point","coordinates":[72.8298816,18.9655541]}},{"type":"Feature","id":"node/9017049890","properties":{"addr:city":"Mumbai","addr:postcode":"400008","addr:street":"Dimtimakar Road","amenity":"restaurant","cuisine":"muglai;indian","name":"Gama Roti, Bara Handi Shop","opening_hours":"Mo-Sa 07:00-22:00","takeaway":"only","id":"node/9017049890"},"geometry":{"type":"Point","coordinates":[72.8302061,18.9654281]}},{"type":"Feature","id":"node/9017078772","properties":{"addr:city":"Mumbai","addr:postcode":"400008","addr:street":"1st Peerkhan Street","name":"Ring World","shop":"cosmetics","id":"node/9017078772"},"geometry":{"type":"Point","coordinates":[72.8300165,18.9658258]}},{"type":"Feature","id":"node/9017104717","properties":{"bus":"yes","highway":"bus_stop","name":"J J Hospital","operator":"BEST","public_transport":"platform","id":"node/9017104717"},"geometry":{"type":"Point","coordinates":[72.8321578,18.9626288]}},{"type":"Feature","id":"node/9017104718","properties":{"bus":"yes","highway":"bus_stop","name":"J J Hospital","network":"BEST","operator":"BEST","public_transport":"platform","ref":"135","shelter":"yes","id":"node/9017104718"},"geometry":{"type":"Point","coordinates":[72.8328008,18.9621334]}},{"type":"Feature","id":"node/9019341400","properties":{"bus":"yes","highway":"bus_stop","name":"Nagpada/Nagpada Police Station","operator":"BESt","public_transport":"platform","id":"node/9019341400"},"geometry":{"type":"Point","coordinates":[72.8299191,18.9666687]}},{"type":"Feature","id":"node/9019341401","properties":{"bench":"yes","bus":"yes","highway":"bus_stop","name":"Maharashtra College/Alexandra Cinema","operator":"BEST","public_transport":"platform","shelter":"yes","id":"node/9019341401"},"geometry":{"type":"Point","coordinates":[72.8273764,18.9673359]}},{"type":"Feature","id":"node/9019341402","properties":{"bench":"yes","bus":"yes","highway":"bus_stop","name":"Maharashtra College/Alexandra Cinema","operator":"BEST","public_transport":"platform","shelter":"yes","id":"node/9019341402"},"geometry":{"type":"Point","coordinates":[72.8274566,18.9675019]}},{"type":"Feature","id":"node/9019367761","properties":{"addr:city":"Mumbai","addr:housenumber":"S/4, Memni Building","addr:postcode":"400008","amenity":"pharmacy","dispensing":"yes","healthcare":"pharmacy","name":"Anmol Chemist","id":"node/9019367761"},"geometry":{"type":"Point","coordinates":[72.8288332,18.9667592]}},{"type":"Feature","id":"node/9019367762","properties":{"addr:city":"Mumbai","addr:postcode":"400008","addr:street":"Dimtimakar Road","amenity":"pharmacy","dispensing":"yes","drive_through":"no","healthcare":"pharmacy","name":"Global Medical and General Store","opening_hours":"Mo-Su 10:00-23:00","id":"node/9019367762"},"geometry":{"type":"Point","coordinates":[72.8308073,18.9645498]}},{"type":"Feature","id":"node/9019727218","properties":{"addr:street":"Gokhale Road","name:en":"Astro Park-Dadar Salvation Turf","tourism":"attraction","id":"node/9019727218"},"geometry":{"type":"Point","coordinates":[72.8350426,19.0175135]}},{"type":"Feature","id":"node/9024163317","properties":{"amenity":"cafe","name:en":"Coffee by Di Bella","id":"node/9024163317"},"geometry":{"type":"Point","coordinates":[72.8390596,19.0318344]}},{"type":"Feature","id":"node/9024751917","properties":{"amenity":"fire_station","name:en":"Shivaji ParkFire Station","id":"node/9024751917"},"geometry":{"type":"Point","coordinates":[72.8412091,19.0331179]}},{"type":"Feature","id":"node/9028213699","properties":{"bus":"yes","highway":"bus_stop","name":"A.H. Ansari Chowk / New Nagpada","network":"BEST","public_transport":"platform","shelter":"yes","id":"node/9028213699"},"geometry":{"type":"Point","coordinates":[72.8325718,18.9670639]}},{"type":"Feature","id":"node/9028213700","properties":{"bus":"yes","highway":"bus_stop","name":"A.H. Ansari Chowk / New Nagpada","network":"BEST","public_transport":"platform","shelter":"yes","id":"node/9028213700"},"geometry":{"type":"Point","coordinates":[72.8328481,18.96662]}},{"type":"Feature","id":"node/9028216977","properties":{"bus":"yes","highway":"bus_stop","name":"Byculla Station","network":"BEST","public_transport":"platform","shelter":"yes","id":"node/9028216977"},"geometry":{"type":"Point","coordinates":[72.8320059,18.976137]}},{"type":"Feature","id":"node/9028216978","properties":{"bus":"yes","highway":"bus_stop","name":"Byculla Station","network":"BEST","public_transport":"platform","id":"node/9028216978"},"geometry":{"type":"Point","coordinates":[72.8322151,18.9768853]}},{"type":"Feature","id":"node/9028216979","properties":{"bus":"yes","highway":"bus_stop","name":"Byculla Station","network":"BEST","public_transport":"platform","shelter":"yes","id":"node/9028216979"},"geometry":{"type":"Point","coordinates":[72.8333765,18.9761776]}},{"type":"Feature","id":"node/9028216980","properties":{"bus":"yes","highway":"bus_stop","name":"Byculla Station (East)","network":"BEST","public_transport":"platform","shelter":"yes","id":"node/9028216980"},"geometry":{"type":"Point","coordinates":[72.8337654,18.9777806]}},{"type":"Feature","id":"node/9028216982","properties":{"bus":"yes","highway":"bus_stop","name":"New Nagpada","network":"BEST","public_transport":"platform","shelter":"yes","id":"node/9028216982"},"geometry":{"type":"Point","coordinates":[72.8331673,18.9687837]}},{"type":"Feature","id":"node/9028264752","properties":{"bus":"yes","highway":"bus_stop","name":"Christ Church School / Mirja Galib Marg","network":"BEST","public_transport":"platform","shelter":"yes","id":"node/9028264752"},"geometry":{"type":"Point","coordinates":[72.8300758,18.9697688]}},{"type":"Feature","id":"node/9028264753","properties":{"bus":"yes","highway":"bus_stop","name":"Christ Church School / Mirja Galib Marg","network":"BEST","public_transport":"platform","shelter":"yes","id":"node/9028264753"},"geometry":{"type":"Point","coordinates":[72.8297867,18.9697483]}},{"type":"Feature","id":"node/9034182888","properties":{"bus":"yes","highway":"bus_stop","name":"Cafe Paradise","network":"BEST","public_transport":"platform","shelter":"no","id":"node/9034182888"},"geometry":{"type":"Point","coordinates":[72.8300164,18.9618408]}},{"type":"Feature","id":"node/9034182889","properties":{"bus":"yes","highway":"bus_stop","name":"Cafe Paradise","network":"BEST","public_transport":"platform","shelter":"no","id":"node/9034182889"},"geometry":{"type":"Point","coordinates":[72.8308708,18.9617478]}},{"type":"Feature","id":"node/9034182890","properties":{"bus":"yes","highway":"bus_stop","name":"Do Tanki","network":"BEST","public_transport":"platform","id":"node/9034182890"},"geometry":{"type":"Point","coordinates":[72.8283906,18.9617755]}},{"type":"Feature","id":"node/9034182891","properties":{"bus":"yes","highway":"bus_stop","name":"Do Tanki","network":"BEST","public_transport":"platform","id":"node/9034182891"},"geometry":{"type":"Point","coordinates":[72.8281023,18.9616759]}},{"type":"Feature","id":"node/9034182892","properties":{"bus":"yes","highway":"bus_stop","name":"Akbar Peerbhoy College","network":"BEST","public_transport":"platform","shelter":"yes","id":"node/9034182892"},"geometry":{"type":"Point","coordinates":[72.8257159,18.9617755]}},{"type":"Feature","id":"node/9034182893","properties":{"bus":"yes","highway":"bus_stop","name":"Akbar Peerbhoy College","public_transport":"platform","shelter":"yes","id":"node/9034182893"},"geometry":{"type":"Point","coordinates":[72.8256669,18.9616319]}},{"type":"Feature","id":"node/9034182894","properties":{"bus":"yes","highway":"bus_stop","name":"Play House","network":"BEST","public_transport":"platform","id":"node/9034182894"},"geometry":{"type":"Point","coordinates":[72.8224687,18.9617412]}},{"type":"Feature","id":"node/9034182895","properties":{"bus":"yes","highway":"bus_stop","name":"Play House","public_transport":"platform","id":"node/9034182895"},"geometry":{"type":"Point","coordinates":[72.8214435,18.9619241]}},{"type":"Feature","id":"node/9034182896","properties":{"access":"yes","amenity":"toilets","changing_table":"no","toilets:disposal":"flush","wheelchair":"no","id":"node/9034182896"},"geometry":{"type":"Point","coordinates":[72.8215315,18.9617347]}},{"type":"Feature","id":"node/9034182897","properties":{"bus":"yes","highway":"bus_stop","name":"Novelty Cinema / Dr .Bhadkamkar Road","network":"BEST","public_transport":"platform","id":"node/9034182897"},"geometry":{"type":"Point","coordinates":[72.8186353,18.9620073]}},{"type":"Feature","id":"node/9034182898","properties":{"bus":"yes","highway":"bus_stop","name":"Novelty Cinema / Dr .Bhadkamkar Road","network":"BEST","public_transport":"platform","id":"node/9034182898"},"geometry":{"type":"Point","coordinates":[72.8189028,18.9618424]}},{"type":"Feature","id":"node/9034221913","properties":{"bus":"yes","highway":"bus_stop","name":"Petit Hall","network":"BEST","public_transport":"platform","id":"node/9034221913"},"geometry":{"type":"Point","coordinates":[72.7984966,18.9550234]}},{"type":"Feature","id":"node/9034221914","properties":{"bus":"yes","highway":"bus_stop","name":"Petit Hall","network":"BEST","public_transport":"platform","id":"node/9034221914"},"geometry":{"type":"Point","coordinates":[72.7984242,18.9547248]}},{"type":"Feature","id":"node/9034221915","properties":{"bus":"yes","highway":"bus_stop","name":"Darya Mahal","network":"BEST","public_transport":"platform","id":"node/9034221915"},"geometry":{"type":"Point","coordinates":[72.797512,18.9532628]}},{"type":"Feature","id":"node/9034221916","properties":{"bus":"yes","highway":"bus_stop","name":"Darya Mahal","network":"BEST","public_transport":"platform","id":"node/9034221916"},"geometry":{"type":"Point","coordinates":[72.7971018,18.9527204]}},{"type":"Feature","id":"node/9034231128","properties":{"bus":"yes","highway":"bus_stop","name":"Grant Road Railway Station","network":"BEST","public_transport":"platform","id":"node/9034231128"},"geometry":{"type":"Point","coordinates":[72.8159479,18.9619796]}},{"type":"Feature","id":"node/9034231129","properties":{"bus":"yes","highway":"bus_stop","name":"Grant Road Railway Station","network":"BEST","public_transport":"platform","id":"node/9034231129"},"geometry":{"type":"Point","coordinates":[72.8158029,18.9619224]}},{"type":"Feature","id":"node/9034231130","properties":{"bus":"yes","highway":"bus_stop","name":"Nana Chowk","network":"BEST","public_transport":"platform","id":"node/9034231130"},"geometry":{"type":"Point","coordinates":[72.8142064,18.962022]}},{"type":"Feature","id":"node/9034231131","properties":{"bus":"yes","highway":"bus_stop","name":"Nana Chowk","network":"BEST","public_transport":"platform","id":"node/9034231131"},"geometry":{"type":"Point","coordinates":[72.8140752,18.9619681]}},{"type":"Feature","id":"node/9034231132","properties":{"bus":"yes","highway":"bus_stop","name":"Nana Chowk","network":"BEST","public_transport":"platform","id":"node/9034231132"},"geometry":{"type":"Point","coordinates":[72.8125218,18.962164]}},{"type":"Feature","id":"node/9034231133","properties":{"bus":"yes","highway":"bus_stop","name":"Nana Chowk","network":"BEST","public_transport":"platform","id":"node/9034231133"},"geometry":{"type":"Point","coordinates":[72.8123371,18.9620987]}},{"type":"Feature","id":"node/9034231134","properties":{"bus":"yes","highway":"bus_stop","name":"August Kranti Maidan","network":"BEST","public_transport":"platform","id":"node/9034231134"},"geometry":{"type":"Point","coordinates":[72.8105525,18.9628235]}},{"type":"Feature","id":"node/9034231135","properties":{"bus":"yes","highway":"bus_stop","name":"August Kranti Maidan","network":"BEST","public_transport":"platform","id":"node/9034231135"},"geometry":{"type":"Point","coordinates":[72.8109322,18.9627712]}},{"type":"Feature","id":"node/9034231136","properties":{"bus":"yes","highway":"bus_stop","name":"Godrej Chowk","network":"BEST","public_transport":"platform","shelter":"yes","id":"node/9034231136"},"geometry":{"type":"Point","coordinates":[72.8085279,18.9639269]}},{"type":"Feature","id":"node/9034231137","properties":{"bus":"yes","highway":"bus_stop","name":"Godrej Chowk","network":"BEST","public_transport":"platform","id":"node/9034231137"},"geometry":{"type":"Point","coordinates":[72.8075596,18.9647431]}},{"type":"Feature","id":"node/9034231138","properties":{"bus":"yes","highway":"bus_stop","name":"Godrej Chowk","network":"BEST","public_transport":"platform","shelter":"yes","id":"node/9034231138"},"geometry":{"type":"Point","coordinates":[72.8068347,18.9640787]}},{"type":"Feature","id":"node/9034231139","properties":{"bus":"yes","highway":"bus_stop","name":"Parsi Dharmashala / Om Chambers","network":"BEST","public_transport":"platform","shelter":"yes","id":"node/9034231139"},"geometry":{"type":"Point","coordinates":[72.8053555,18.9646941]}},{"type":"Feature","id":"node/9034231140","properties":{"bus":"yes","highway":"bus_stop","name":"Parsi Dharmashala / Om Chambers","network":"BEST","public_transport":"platform","id":"node/9034231140"},"geometry":{"type":"Point","coordinates":[72.8051674,18.9645586]}},{"type":"Feature","id":"node/9034231141","properties":{"bus":"yes","highway":"bus_stop","name":"Mukesh Chowk","network":"BEST","public_transport":"platform","id":"node/9034231141"},"geometry":{"type":"Point","coordinates":[72.8040162,18.9643807]}},{"type":"Feature","id":"node/9034231142","properties":{"bus":"yes","highway":"bus_stop","name":"Mukesh Chowk","network":"BEST","public_transport":"platform","id":"node/9034231142"},"geometry":{"type":"Point","coordinates":[72.8030848,18.9635316]}},{"type":"Feature","id":"node/9034231143","properties":{"bus":"yes","highway":"bus_stop","name":"Petrol Pump / Maheshwari Mansion","network":"BEST","public_transport":"platform","id":"node/9034231143"},"geometry":{"type":"Point","coordinates":[72.8013944,18.9613532]}},{"type":"Feature","id":"node/9034231144","properties":{"bus":"yes","highway":"bus_stop","name":"Petrol Pump / Maheshwari Mansion","public_transport":"platform","id":"node/9034231144"},"geometry":{"type":"Point","coordinates":[72.8014223,18.9610897]}},{"type":"Feature","id":"node/9034231145","properties":{"bus":"yes","highway":"bus_stop","name":"Priyadarshani Park / Shimla House","network":"BEST","public_transport":"platform","shelter":"yes","id":"node/9034231145"},"geometry":{"type":"Point","coordinates":[72.7995926,18.9569155]}},{"type":"Feature","id":"node/9034231146","properties":{"bus":"yes","highway":"bus_stop","name":"Priyadarshani Park / Shimla House","network":"BEST","public_transport":"platform","shelter":"yes","id":"node/9034231146"},"geometry":{"type":"Point","coordinates":[72.7994793,18.9565097]}},{"type":"Feature","id":"node/9034247017","properties":{"bus":"yes","highway":"bus_stop","name":"J. Mehta Marg","network":"BEST","public_transport":"platform","id":"node/9034247017"},"geometry":{"type":"Point","coordinates":[72.7958552,18.9506295]}},{"type":"Feature","id":"node/9034332937","properties":{"bus":"yes","highway":"bus_stop","name":"Dr. M. Iqbal Chowk / Chinch Bunder","network":"BEST","public_transport":"platform","id":"node/9034332937"},"geometry":{"type":"Point","coordinates":[72.835492,18.9626029]}},{"type":"Feature","id":"node/9034332938","properties":{"bus":"yes","highway":"bus_stop","name":"Dr. M. Iqbal Chowk / Chinch Bunder","network":"BEST","public_transport":"platform","id":"node/9034332938"},"geometry":{"type":"Point","coordinates":[72.8342613,18.9620901]}},{"type":"Feature","id":"node/9034332939","properties":{"bus":"yes","highway":"bus_stop","name":"Umarkhadi / Noorbaug","network":"BEST","public_transport":"platform","id":"node/9034332939"},"geometry":{"type":"Point","coordinates":[72.8365312,18.9624747]}},{"type":"Feature","id":"node/9034332940","properties":{"bus":"yes","highway":"bus_stop","name":"Umarkhadi / Noorbaug","network":"BEST","public_transport":"platform","id":"node/9034332940"},"geometry":{"type":"Point","coordinates":[72.8377469,18.9626395]}},{"type":"Feature","id":"node/9034332941","properties":{"bench":"no","bus":"yes","highway":"bus_stop","name":"Sandhurst Road Railway Station","network":"BEST","public_transport":"platform","shelter":"no","id":"node/9034332941"},"geometry":{"type":"Point","coordinates":[72.8388528,18.9613596]}},{"type":"Feature","id":"node/9034332942","properties":{"bus":"yes","highway":"bus_stop","name":"Chinch Bunder","network":"BEST","public_transport":"platform","id":"node/9034332942"},"geometry":{"type":"Point","coordinates":[72.8385064,18.9591904]}},{"type":"Feature","id":"node/9034332943","properties":{"bus":"yes","highway":"bus_stop","name":"Maharana Pratap Chowk / Mazgaon Garden","network":"BEST","operator":"rwgh","public_transport":"platform","ref":"867","shelter":"yes","id":"node/9034332943"},"geometry":{"type":"Point","coordinates":[72.8405986,18.9683664]}},{"type":"Feature","id":"node/9034332945","properties":{"bus":"yes","description":"mazgaon S B Dhoby Mard (nesbit Road) bus stand","highway":"bus_stop","name":"Maharana Pratap Chowk (Mazgaon)","operator":"bus stop","public_transport":"platform","ref":"126","shelter":"yes","id":"node/9034332945"},"geometry":{"type":"Point","coordinates":[72.8406189,18.9692003]}},{"type":"Feature","id":"node/9034332946","properties":{"bus":"yes","highway":"bus_stop","name":"Maharana Pratap Chowk (Mazgaon)","network":"BEST","public_transport":"platform","shelter":"yes","id":"node/9034332946"},"geometry":{"type":"Point","coordinates":[72.8408086,18.9692846]}},{"type":"Feature","id":"node/9034332948","properties":{"bus":"yes","highway":"bus_stop","name":"Dockyard Road Railway Station","network":"BEST","public_transport":"platform","shelter":"yes","id":"node/9034332948"},"geometry":{"type":"Point","coordinates":[72.8442602,18.9680153]}},{"type":"Feature","id":"node/9034332949","properties":{"bus":"yes","highway":"bus_stop","name":"Mazgaon Dock (Mazgaon)","network":"BEST","public_transport":"platform","shelter":"yes","id":"node/9034332949"},"geometry":{"type":"Point","coordinates":[72.8455184,18.9655503]}},{"type":"Feature","id":"node/9034332950","properties":{"bus":"yes","highway":"bus_stop","name":"Mazgaon Dock (Mazgaon)","network":"BEST","public_transport":"platform","shelter":"yes","id":"node/9034332950"},"geometry":{"type":"Point","coordinates":[72.8453786,18.9656178]}},{"type":"Feature","id":"node/9034332951","properties":{"bus":"yes","highway":"bus_stop","name":"Nirman Bhavan","network":"BEST","public_transport":"platform","id":"node/9034332951"},"geometry":{"type":"Point","coordinates":[72.8465955,18.9635566]}},{"type":"Feature","id":"node/9034332952","properties":{"bus":"yes","highway":"bus_stop","name":"Nirman Bhavan","network":"BEST","public_transport":"platform","id":"node/9034332952"},"geometry":{"type":"Point","coordinates":[72.846546,18.9637133]}},{"type":"Feature","id":"node/9034332953","properties":{"bus":"yes","highway":"bus_stop","name":"Railway Crossing","network":"BEST","public_transport":"platform","id":"node/9034332953"},"geometry":{"type":"Point","coordinates":[72.8462537,18.9591417]}},{"type":"Feature","id":"node/9034332954","properties":{"bus":"yes","highway":"bus_stop","name":"Railway Crossing","network":"BEST","public_transport":"platform","id":"node/9034332954"},"geometry":{"type":"Point","coordinates":[72.8460522,18.9589103]}},{"type":"Feature","id":"node/9034332955","properties":{"bus":"yes","highway":"bus_stop","name":"Mallet Bunder / Tapasani Naka","network":"BEST","public_transport":"platform","id":"node/9034332955"},"geometry":{"type":"Point","coordinates":[72.8473081,18.9579267]}},{"type":"Feature","id":"node/9034332956","properties":{"bus":"yes","highway":"bus_stop","name":"Mallet Bunder / Tapasani Naka","network":"BEST","public_transport":"platform","id":"node/9034332956"},"geometry":{"type":"Point","coordinates":[72.8472577,18.9581514]}},{"type":"Feature","id":"node/9034376639","properties":{"bus":"yes","highway":"bus_stop","name":"J J Hospital","network":"BEST","operator":"BEST","public_transport":"platform","shelter":"yes","id":"node/9034376639"},"geometry":{"type":"Point","coordinates":[72.8325848,18.9619528]}},{"type":"Feature","id":"node/9036896643","properties":{"amenity":"fast_food","brand":"McDonald's","brand:pa":"ਮੈਕਡੋਨਲਡ’ਜ਼","brand:ur":"مکڈونلڈز","brand:wikidata":"Q38076","brand:wikipedia":"en:McDonald's","brand:wikipedia:pa":"ਮੈਕਡੋਨਲਡ’ਜ਼","brand:wikipedia:ur":"مکڈونلڈز","cuisine":"burger","drive_through":"no","name":"McDonald's","name:pa":"ਮੈਕਡੋਨਲਡ’ਜ਼","name:ur":"مکڈونلڈز","takeaway":"yes","id":"node/9036896643"},"geometry":{"type":"Point","coordinates":[72.8292868,19.0167471]}},{"type":"Feature","id":"node/9036896644","properties":{"amenity":"fast_food","brand":"Domino's","brand:ks":"ڈومینوز","brand:pa":"ਡੋਮੀਨੋਜ਼","brand:ur":"ڈومینوز","brand:wikidata":"Q839466","brand:wikipedia":"en:Domino's Pizza","cuisine":"pizza","drive_through":"no","name":"Domino's","name:ks":"ڈومینوز","name:pa":"ਡੋਮੀਨੋਜ਼","name:ur":"ڈومینوز","opening_hours":"Mo-Su 10:00-01:00","takeaway":"yes","id":"node/9036896644"},"geometry":{"type":"Point","coordinates":[72.8292732,19.01674]}},{"type":"Feature","id":"node/9036896645","properties":{"name":"Chintamanis","shop":"jewelry","id":"node/9036896645"},"geometry":{"type":"Point","coordinates":[72.829416,19.0168313]}},{"type":"Feature","id":"node/9036896648","properties":{"name":"Titan Eyeplus","shop":"optician","id":"node/9036896648"},"geometry":{"type":"Point","coordinates":[72.8296002,19.0170048]}},{"type":"Feature","id":"node/9036896649","properties":{"amenity":"atm","brand":"Canara Bank","brand:en":"Canara Bank","brand:hi":"केनरा बैंक","brand:kn":"ಕೆನರಾ ಬ್ಯಾಂಕ್","brand:pa":"ਕੇਨਰਾ ਬੈਂਕ","brand:pnb":"کینرا بینک","brand:ur":"کینرا بینک","brand:wikidata":"Q2003777","brand:wikipedia":"en:Canara Bank","brand:wikipedia:pa":"ਕੇਨਰਾ ਬੈਂਕ","cash_in":"yes","drive_through":"no","name":"Canara Bank","name:en":"Canara Bank","name:hi":"केनरा बैंक","name:kn":"ಕೆನರಾ ಬ್ಯಾಂಕ್","name:pa":"ਕੇਨਰਾ ਬੈਂਕ","name:pnb":"کینرا بینک","name:ur":"کینرا بینک","operator":"Canara Bank","operator:wikidata":"Q2003777","id":"node/9036896649"},"geometry":{"type":"Point","coordinates":[72.8295955,19.0170196]}},{"type":"Feature","id":"node/9036896650","properties":{"amenity":"events_venue","location":"roof","name":"Vows Banquet","id":"node/9036896650"},"geometry":{"type":"Point","coordinates":[72.8293351,19.0168454]}},{"type":"Feature","id":"node/9055069383","properties":{"amenity":"school","name":"Prabhadevi Municipal School","id":"node/9055069383"},"geometry":{"type":"Point","coordinates":[72.828683,19.0108648]}},{"type":"Feature","id":"node/9055082839","properties":{"amenity":"school","check_date":"2026-03-20","name":"Guru Nank English High School","id":"node/9055082839"},"geometry":{"type":"Point","coordinates":[72.8446515,19.0124003]}},{"type":"Feature","id":"node/9060641466","properties":{"amenity":"school","name":"Bhausaheb Hiray Vidyalaya","id":"node/9060641466"},"geometry":{"type":"Point","coordinates":[72.812634,18.973182]}},{"type":"Feature","id":"node/9060641467","properties":{"amenity":"college","name":"Bhausaheb Hiray College","id":"node/9060641467"},"geometry":{"type":"Point","coordinates":[72.812756,18.9734103]}},{"type":"Feature","id":"node/9060708505","properties":{"amenity":"college","name":"Babasaheb Gawde Institute of Management Studies","id":"node/9060708505"},"geometry":{"type":"Point","coordinates":[72.8219929,18.97074]}},{"type":"Feature","id":"node/9060840937","properties":{"amenity":"school","name":"VLN High School","id":"node/9060840937"},"geometry":{"type":"Point","coordinates":[72.8347508,18.9868553]}},{"type":"Feature","id":"node/9062426516","properties":{"amenity":"college","name":"Sasmira's Institute of Management Studies and Research","id":"node/9062426516"},"geometry":{"type":"Point","coordinates":[72.8198867,19.0101483]}},{"type":"Feature","id":"node/9062444517","properties":{"amenity":"college","name":"Sasmira's Institute of Man-made Textiles","id":"node/9062444517"},"geometry":{"type":"Point","coordinates":[72.8200915,19.0108465]}},{"type":"Feature","id":"node/9080656319","properties":{"brand":"Anytime Fitness","brand:wikidata":"Q4778364","leisure":"fitness_centre","name":"Anytime Fitness","opening_hours":"24/7","id":"node/9080656319"},"geometry":{"type":"Point","coordinates":[72.82922,19.0140313]}},{"type":"Feature","id":"node/9080656320","properties":{"brand":"Reliance Digital","brand:wikidata":"Q7311012","name":"Reliance Digital","shop":"electronics","wikipedia":"en:Reliance Digital","id":"node/9080656320"},"geometry":{"type":"Point","coordinates":[72.8277261,19.0128029]}},{"type":"Feature","id":"node/9080656338","properties":{"brand":"MG","brand:wikidata":"Q1881443","name":"MG Hector Showroom","service":"dealer","shop":"car","wikipedia":"en:SAIC-GM-Wuling","id":"node/9080656338"},"geometry":{"type":"Point","coordinates":[72.8267303,19.0125373]}},{"type":"Feature","id":"node/9081763637","properties":{"leisure":"fitness_centre","name":"Transform Gym","id":"node/9081763637"},"geometry":{"type":"Point","coordinates":[72.8290437,19.0120656]}},{"type":"Feature","id":"node/9081826006","properties":{"access":"yes","amenity":"waste_disposal","operator":"BMC","id":"node/9081826006"},"geometry":{"type":"Point","coordinates":[72.8294139,19.0100965]}},{"type":"Feature","id":"node/9081860659","properties":{"amenity":"police","name":"Elphinstone Road Traffic Police Chowki","id":"node/9081860659"},"geometry":{"type":"Point","coordinates":[72.8325587,19.0085419]}},{"type":"Feature","id":"node/9135966843","properties":{"name":"Currey Road","name:en":"Currey Road","name:hi":"करी रोड","name:ml":"കറി റോഡ്","name:mr":"करी रोड","network":"CR","operator":"IR","public_transport":"stop_position","railway":"stop","ref":"2","train":"yes","id":"node/9135966843"},"geometry":{"type":"Point","coordinates":[72.8329074,18.9936274]}},{"type":"Feature","id":"node/9140141117","properties":{"name":"Railway Booking office","operator":"CR","shop":"ticket","id":"node/9140141117"},"geometry":{"type":"Point","coordinates":[72.8373509,19.0081922]}},{"type":"Feature","id":"node/9140706757","properties":{"name":"Currey Road","name:en":"Currey Road","name:hi":"करी रोड","name:ml":"കറി റോഡ്","name:mr":"करी रोड","network":"CR","operator":"IR","public_transport":"stop_position","railway":"stop","ref":"1","train":"yes","id":"node/9140706757"},"geometry":{"type":"Point","coordinates":[72.8327955,18.9936375]}},{"type":"Feature","id":"node/9175977461","properties":{"bus":"yes","highway":"bus_stop","name":"Prabhadevi Station","public_transport":"platform","id":"node/9175977461"},"geometry":{"type":"Point","coordinates":[72.8352687,19.007292]}},{"type":"Feature","id":"node/9215659357","properties":{"addr:district":"Mumbai","addr:full":"Dadar West","addr:postcode":"400028","addr:state":"Maharashtra","amenity":"hospital","description":"Private Hospital","name":"Thyrocare Aarogyam Center - Dadar West","source":"Local Knowledge","id":"node/9215659357"},"geometry":{"type":"Point","coordinates":[72.8419304,19.0207825]}},{"type":"Feature","id":"node/9277562779","properties":{"addr:city":"Mumbai","addr:housenumber":"330","addr:postcode":"400003","addr:street":"NARSHI NATHA STREET","name":"NAMO 9 TEA","opening_hours":"Mo-Sa 08:00-18:00","phone":"+917977579726","shop":"tea","website":"https://namo9tea.com","id":"node/9277562779"},"geometry":{"type":"Point","coordinates":[72.83736,18.9523684]}},{"type":"Feature","id":"node/9308356711","properties":{"check_date":"2026-03-20","name":"SarA;S wORLD","shop":"market_place","id":"node/9308356711"},"geometry":{"type":"Point","coordinates":[72.8454362,18.9954045]}},{"type":"Feature","id":"node/9333636644","properties":{"amenity":"cafe","name":"Cafe Waah Maratha","opening_hours":"Th-Wed 00:00-12:00","outdoor_seating":"no","id":"node/9333636644"},"geometry":{"type":"Point","coordinates":[72.8257335,19.0144176]}},{"type":"Feature","id":"node/9333655067","properties":{"brand":"Cromā","brand:wikidata":"Q5187683","name":"Cromā","payment:all":"yes","shop":"electronics","id":"node/9333655067"},"geometry":{"type":"Point","coordinates":[72.823421,19.0126516]}},{"type":"Feature","id":"node/9333655068","properties":{"amenity":"cafe","brand":"Starbucks","brand:pa":"ਸਟਾਰਬਕਸ","brand:ur":"اسٹاربکس","brand:wikidata":"Q37158","brand:wikipedia":"en:Starbucks","cuisine":"coffee_shop","name":"Starbucks","name:pa":"ਸਟਾਰਬਕਸ","name:ur":"اسٹاربکس","official_name":"Starbucks Coffee","official_name:pa":"ਸਟਾਰਬਕਸ ਕੌਫੀ","official_name:ur":"اسٹاربکس کافی","opening_hours":"Mo-Su 09:00-21:00","takeaway":"yes","id":"node/9333655068"},"geometry":{"type":"Point","coordinates":[72.8236034,19.0126947]}},{"type":"Feature","id":"node/9405918644","properties":{"addr:street":"Kadeshwari Mandir Marg","name":"Bajrangbali General Stores","shop":"general","id":"node/9405918644"},"geometry":{"type":"Point","coordinates":[72.8239488,19.0447822]}},{"type":"Feature","id":"node/9504617891","properties":{"addr:city":"Mumbai","addr:housenumber":"123","addr:postcode":"400036","addr:street":"Hughes Road (N Spatkar Marg)","name":"pdp","opening_hours":"24/7","opening_hours:covid19":"closed","operator":"pdp","payment:cash":"yes","phone":"123567890","shop":"bakery","id":"node/9504617891"},"geometry":{"type":"Point","coordinates":[72.8097193,18.9625348]}},{"type":"Feature","id":"node/9551812129","properties":{"addr:city":"Mumbai","addr:street":"Matunga West","amenity":"place_of_worship","denomination":"pentecostal","name":"Ephphatha Church (Ephphatha Ministries International)","religion":"christian","id":"node/9551812129"},"geometry":{"type":"Point","coordinates":[72.8498877,19.0332781]}},{"type":"Feature","id":"node/9663134040","properties":{"addr:city":"Mumbai","addr:housenumber":"2/5","addr:postcode":"400003","addr:street":"Maulana Shaukat Ali Marg","amenity":"fast_food","cuisine":"regional","name":"JJ Jalebi","id":"node/9663134040"},"geometry":{"type":"Point","coordinates":[72.8292672,18.9616452]}},{"type":"Feature","id":"node/9739425785","properties":{"bench":"yes","bin":"no","bus":"yes","highway":"bus_stop","lit":"no","name":"Khodadad Circle","name:hi":"खोदादाद सर्कल","public_transport":"platform","shelter":"yes","id":"node/9739425785"},"geometry":{"type":"Point","coordinates":[72.8474477,19.0170701]}},{"type":"Feature","id":"node/9739425786","properties":{"bus":"yes","highway":"bus_stop","name":"Khodadad Circle","name:hi":"खोदादाद सर्कल","public_transport":"platform","shelter":"yes","id":"node/9739425786"},"geometry":{"type":"Point","coordinates":[72.8481933,19.0186753]}},{"type":"Feature","id":"node/9739425787","properties":{"bus":"yes","highway":"bus_stop","name":"Khodadad Circle","name:hi":"खोदादाद सर्कल","public_transport":"platform","id":"node/9739425787"},"geometry":{"type":"Point","coordinates":[72.8471285,19.0181554]}},{"type":"Feature","id":"node/9739425788","properties":{"bus":"yes","highway":"bus_stop","name":"Chitra Cinema","public_transport":"platform","id":"node/9739425788"},"geometry":{"type":"Point","coordinates":[72.8452295,19.0140778]}},{"type":"Feature","id":"node/9739425789","properties":{"bus":"yes","highway":"bus_stop","name":"Chitra Cinema","public_transport":"platform","id":"node/9739425789"},"geometry":{"type":"Point","coordinates":[72.8450847,19.014476]}},{"type":"Feature","id":"node/9739425790","properties":{"bench":"yes","bus":"yes","highway":"bus_stop","name":"Shindewadi","name:en":"Shindewadi","name:hi":"शिंदेवाडी","name:mr":"शिंदेवाडी","public_transport":"platform","shelter":"yes","id":"node/9739425790"},"geometry":{"type":"Point","coordinates":[72.8434861,19.0115267]}},{"type":"Feature","id":"node/9739425791","properties":{"bus":"yes","highway":"bus_stop","name":"Hindmata Cinema","public_transport":"platform","id":"node/9739425791"},"geometry":{"type":"Point","coordinates":[72.8419304,19.0091379]}},{"type":"Feature","id":"node/9739425792","properties":{"bus":"yes","highway":"bus_stop","name":"Hindmata Cinema","public_transport":"platform","id":"node/9739425792"},"geometry":{"type":"Point","coordinates":[72.8421396,19.010099]}},{"type":"Feature","id":"node/9739425793","properties":{"bus":"yes","highway":"bus_stop","name":"Parel Workshop","public_transport":"platform","id":"node/9739425793"},"geometry":{"type":"Point","coordinates":[72.8396398,19.0050727]}},{"type":"Feature","id":"node/9739425794","properties":{"bus":"yes","highway":"bus_stop","name":"Madkebuwa Chowk","public_transport":"platform","id":"node/9739425794"},"geometry":{"type":"Point","coordinates":[72.8398624,19.0058487]}},{"type":"Feature","id":"node/9739425795","properties":{"bus":"yes","highway":"bus_stop","name":"Parel Workshop","public_transport":"platform","id":"node/9739425795"},"geometry":{"type":"Point","coordinates":[72.8380439,19.0005231]}},{"type":"Feature","id":"node/9739425796","properties":{"bus":"yes","highway":"bus_stop","name":"Bharatmata Cinema","public_transport":"platform","id":"node/9739425796"},"geometry":{"type":"Point","coordinates":[72.8367752,18.995144]}},{"type":"Feature","id":"node/9739425797","properties":{"bus":"yes","highway":"bus_stop","name":"Bharatmata Cinema","public_transport":"platform","id":"node/9739425797"},"geometry":{"type":"Point","coordinates":[72.8365955,18.9958135]}},{"type":"Feature","id":"node/9739433145","properties":{"alt_name":"Lalbaug","bus":"yes","highway":"bus_stop","name":"Sant Jagnade Chowk","public_transport":"platform","id":"node/9739433145"},"geometry":{"type":"Point","coordinates":[72.8363031,18.9918622]}},{"type":"Feature","id":"node/9739433146","properties":{"alt_name":"Lalbaug","bus":"yes","highway":"bus_stop","name":"Sant Jagnade Chowk","public_transport":"platform","id":"node/9739433146"},"geometry":{"type":"Point","coordinates":[72.8362414,18.9927042]}},{"type":"Feature","id":"node/9739433147","properties":{"bus":"yes","highway":"bus_stop","name":"Shantaram Pujare Chok","public_transport":"platform","id":"node/9739433147"},"geometry":{"type":"Point","coordinates":[72.8359464,18.988172]}},{"type":"Feature","id":"node/9739433148","properties":{"bus":"yes","highway":"bus_stop","name":"Shantaram Pujare Chok","public_transport":"platform","id":"node/9739433148"},"geometry":{"type":"Point","coordinates":[72.8356782,18.9886919]}},{"type":"Feature","id":"node/9739433149","properties":{"bus":"yes","highway":"bus_stop","name":"Jaihind Cinema","public_transport":"platform","id":"node/9739433149"},"geometry":{"type":"Point","coordinates":[72.835595,18.9852045]}},{"type":"Feature","id":"node/9739433150","properties":{"bench":"yes","bin":"no","bus":"yes","highway":"bus_stop","lit":"no","name":"Jaihind Cinema","public_transport":"platform","shelter":"yes","id":"node/9739433150"},"geometry":{"type":"Point","coordinates":[72.8353843,18.9853428]}},{"type":"Feature","id":"node/9739433151","properties":{"alt_name":"Mumbai Zoo","bus":"yes","highway":"bus_stop","name":"Jijamata Udyan","public_transport":"platform","id":"node/9739433151"},"geometry":{"type":"Point","coordinates":[72.834093,18.979102]}},{"type":"Feature","id":"node/9739433152","properties":{"alt_name":"Mumbai Zoo","bus":"yes","highway":"bus_stop","name":"Jijamata Udyan","public_transport":"platform","id":"node/9739433152"},"geometry":{"type":"Point","coordinates":[72.8339079,18.9794901]}},{"type":"Feature","id":"node/9739433153","properties":{"bus":"yes","highway":"bus_stop","name":"Byculla Station","public_transport":"platform","id":"node/9739433153"},"geometry":{"type":"Point","coordinates":[72.8335914,18.976066]}},{"type":"Feature","id":"node/9739433154","properties":{"bus":"yes","highway":"bus_stop","name":"Byculla Station","public_transport":"platform","id":"node/9739433154"},"geometry":{"type":"Point","coordinates":[72.8333688,18.9764566]}},{"type":"Feature","id":"node/9739433155","properties":{"bench":"yes","bus":"yes","highway":"bus_stop","name":"Dr A.H. Ansari Chowk","public_transport":"platform","shelter":"yes","id":"node/9739433155"},"geometry":{"type":"Point","coordinates":[72.8328565,18.9673607]}},{"type":"Feature","id":"node/9739433158","properties":{"alt_name":"J.J. Hospital","bus":"yes","highway":"bus_stop","name":"Dr M. Iqbal Chowk","public_transport":"platform","id":"node/9739433158"},"geometry":{"type":"Point","coordinates":[72.8318292,18.9621048]}},{"type":"Feature","id":"node/9739433159","properties":{"alt_name":"Bhendi Bazaar","bus":"yes","highway":"bus_stop","name":"Johar Chowk Bus Stop","operator":"BEST","public_transport":"platform","id":"node/9739433159"},"geometry":{"type":"Point","coordinates":[72.8320277,18.9584596]}},{"type":"Feature","id":"node/9739433160","properties":{"alt_name":"Bhendi Bazaar","bus":"yes","highway":"bus_stop","name":"Johar Chowk","public_transport":"platform","id":"node/9739433160"},"geometry":{"type":"Point","coordinates":[72.831687,18.9585534]}},{"type":"Feature","id":"node/9739433161","properties":{"bus":"yes","highway":"bus_stop","name":"Minara Masjid","public_transport":"platform","id":"node/9739433161"},"geometry":{"type":"Point","coordinates":[72.8330818,18.95452]}},{"type":"Feature","id":"node/9739433162","properties":{"bus":"yes","highway":"bus_stop","name":"Minara Masjid","public_transport":"platform","id":"node/9739433162"},"geometry":{"type":"Point","coordinates":[72.8327599,18.9547432]}},{"type":"Feature","id":"node/9739433163","properties":{"bus":"yes","highway":"bus_stop","name":"Zakaria Masjid","public_transport":"platform","id":"node/9739433163"},"geometry":{"type":"Point","coordinates":[72.8342083,18.9527519]}},{"type":"Feature","id":"node/9739433164","properties":{"bus":"yes","highway":"bus_stop","name":"Zakaria Masjid","public_transport":"platform","id":"node/9739433164"},"geometry":{"type":"Point","coordinates":[72.8337631,18.9530588]}},{"type":"Feature","id":"node/9739433165","properties":{"bus":"yes","highway":"bus_stop","name":"Chakala Market","public_transport":"platform","id":"node/9739433165"},"geometry":{"type":"Point","coordinates":[72.8346857,18.9506057]}},{"type":"Feature","id":"node/9739433166","properties":{"bus":"yes","highway":"bus_stop","name":"Chakala Market","public_transport":"platform","id":"node/9739433166"},"geometry":{"type":"Point","coordinates":[72.8344041,18.9507174]}},{"type":"Feature","id":"node/9739478786","properties":{"bus":"yes","highway":"bus_stop","name":"Mahim Koliwada","name:en":"Mahim Koliwada","public_transport":"platform","ref":"19195","shelter":"yes","id":"node/9739478786"},"geometry":{"type":"Point","coordinates":[72.8385776,19.0463816]}},{"type":"Feature","id":"node/9739478787","properties":{"bus":"yes","highway":"bus_stop","name":"Mahim Koliwada","public_transport":"platform","shelter":"yes","id":"node/9739478787"},"geometry":{"type":"Point","coordinates":[72.8383615,19.0458942]}},{"type":"Feature","id":"node/9739478789","properties":{"bus":"yes","highway":"bus_stop","name":"Mahim","public_transport":"platform","id":"node/9739478789"},"geometry":{"type":"Point","coordinates":[72.8417225,19.0392108]}},{"type":"Feature","id":"node/9739478790","properties":{"bus":"yes","highway":"bus_stop","name":"Sitaladevi Temple","public_transport":"platform","id":"node/9739478790"},"geometry":{"type":"Point","coordinates":[72.8424383,19.0351571]}},{"type":"Feature","id":"node/9739478791","properties":{"bus":"yes","highway":"bus_stop","name":"Sitaladevi Temple","public_transport":"platform","id":"node/9739478791"},"geometry":{"type":"Point","coordinates":[72.842204,19.0357859]}},{"type":"Feature","id":"node/9739478792","properties":{"bus":"yes","highway":"bus_stop","name":"Citylight Cinema","name:en":"Citylight Cinema","name:hi":"सिटीलाइट सिनेमा","name:mr":"सिटीलाइट सिनेमा","public_transport":"platform","id":"node/9739478792"},"geometry":{"type":"Point","coordinates":[72.8418392,19.0300936]}},{"type":"Feature","id":"node/9739478793","properties":{"bus":"yes","highway":"bus_stop","name":"City Light Cinema","public_transport":"platform","id":"node/9739478793"},"geometry":{"type":"Point","coordinates":[72.8417051,19.0303598]}},{"type":"Feature","id":"node/9739478795","properties":{"bench":"yes","bus":"yes","highway":"bus_stop","name":"Ram Ganesh Gadkari Chowk","name:en":"Ram Ganesh Gadkari Chowk","public_transport":"platform","shelter":"yes","id":"node/9739478795"},"geometry":{"type":"Point","coordinates":[72.8412424,19.023918]}},{"type":"Feature","id":"node/9739478796","properties":{"bus":"yes","highway":"bus_stop","name":"Ram Ganesh Gadkari Chowk","public_transport":"platform","id":"node/9739478796"},"geometry":{"type":"Point","coordinates":[72.8406778,19.0257044]}},{"type":"Feature","id":"node/9739950328","properties":{"bench":"yes","bus":"yes","highway":"bus_stop","name":"Ranade Road Junction","public_transport":"platform","ref":"07286","shelter":"yes","id":"node/9739950328"},"geometry":{"type":"Point","coordinates":[72.8381431,19.0221866]}},{"type":"Feature","id":"node/9739950329","properties":{"bus":"yes","highway":"bus_stop","name":"Ranade Road","public_transport":"platform","id":"node/9739950329"},"geometry":{"type":"Point","coordinates":[72.8386098,19.0230621]}},{"type":"Feature","id":"node/9739950330","properties":{"bus":"yes","highway":"bus_stop","name":"Prabhodhankar Thakre Chowk","public_transport":"platform","id":"node/9739950330"},"geometry":{"type":"Point","coordinates":[72.8364801,19.0196465]}},{"type":"Feature","id":"node/9739950331","properties":{"bus":"yes","highway":"bus_stop","name":"Prabhodhankar Thakre Chowk","public_transport":"platform","shelter":"yes","id":"node/9739950331"},"geometry":{"type":"Point","coordinates":[72.8364319,19.0199863]}},{"type":"Feature","id":"node/9739950332","properties":{"bench":"yes","bin":"no","bus":"yes","highway":"bus_stop","lit":"yes","name":"Our Lady Of Salvation School","public_transport":"platform","shelter":"yes","id":"node/9739950332"},"geometry":{"type":"Point","coordinates":[72.835772,19.0181478]}},{"type":"Feature","id":"node/9739950333","properties":{"bus":"yes","highway":"bus_stop","name":"Our Lady Of Salvation School","public_transport":"platform","id":"node/9739950333"},"geometry":{"type":"Point","coordinates":[72.8358042,19.0187209]}},{"type":"Feature","id":"node/9739950334","properties":{"alt_name":"Dadar Police Station","bus":"yes","highway":"bus_stop","name":"Jakhadevi","public_transport":"platform","id":"node/9739950334"},"geometry":{"type":"Point","coordinates":[72.833696,19.013099]}},{"type":"Feature","id":"node/9739950335","properties":{"alt_name":"Dadar Police Station","bus":"yes","highway":"bus_stop","name":"Jakhadevi","public_transport":"platform","id":"node/9739950335"},"geometry":{"type":"Point","coordinates":[72.8346901,19.0150749]}},{"type":"Feature","id":"node/9739950336","properties":{"bus":"yes","highway":"bus_stop","name":"Sant Rohidas Chowk","public_transport":"platform","id":"node/9739950336"},"geometry":{"type":"Point","coordinates":[72.832261,19.0108319]}},{"type":"Feature","id":"node/9739950337","properties":{"bench":"yes","bin":"no","bus":"yes","highway":"bus_stop","lit":"no","name":"Sant Rohidas Chowk","public_transport":"platform","shelter":"yes","id":"node/9739950337"},"geometry":{"type":"Point","coordinates":[72.8310513,19.0100128]}},{"type":"Feature","id":"node/9739950338","properties":{"bus":"yes","highway":"bus_stop","name":"Sant Rohidas Chowk","public_transport":"platform","id":"node/9739950338"},"geometry":{"type":"Point","coordinates":[72.8322101,19.0092013]}},{"type":"Feature","id":"node/9739950339","properties":{"bus":"yes","highway":"bus_stop","name":"Sant Rohidas Chowk","public_transport":"platform","id":"node/9739950339"},"geometry":{"type":"Point","coordinates":[72.8333339,19.008902]}},{"type":"Feature","id":"node/9739950340","properties":{"bus":"yes","highway":"bus_stop","name":"Sant Rohidas Chowk","public_transport":"platform","id":"node/9739950340"},"geometry":{"type":"Point","coordinates":[72.8335163,19.0095944]}},{"type":"Feature","id":"node/9739950341","properties":{"bus":"yes","highway":"bus_stop","name":"Dhanmill Naka","public_transport":"platform","id":"node/9739950341"},"geometry":{"type":"Point","coordinates":[72.8321055,19.0068682]}},{"type":"Feature","id":"node/9739950342","properties":{"bus":"yes","highway":"bus_stop","name":"Dhanmill Naka","public_transport":"platform","id":"node/9739950342"},"geometry":{"type":"Point","coordinates":[72.8319472,19.0073298]}},{"type":"Feature","id":"node/9739950343","properties":{"bus":"yes","highway":"bus_stop","name":"Deepak Cinema","public_transport":"platform","id":"node/9739950343"},"geometry":{"type":"Point","coordinates":[72.8313223,19.005126]}},{"type":"Feature","id":"node/9739950344","properties":{"bus":"yes","highway":"bus_stop","name":"Deepak Cinema","public_transport":"platform","id":"node/9739950344"},"geometry":{"type":"Point","coordinates":[72.8311238,19.0056002]}},{"type":"Feature","id":"node/9739950345","properties":{"bus":"yes","highway":"bus_stop","name":"Lower Parel Station","public_transport":"platform","id":"node/9739950345"},"geometry":{"type":"Point","coordinates":[72.8313893,18.9976953]}},{"type":"Feature","id":"node/9739950346","properties":{"bus":"yes","highway":"bus_stop","name":"Lower Parel Station","public_transport":"platform","id":"node/9739950346"},"geometry":{"type":"Point","coordinates":[72.8311264,18.9983674]}},{"type":"Feature","id":"node/9739950347","properties":{"bus":"yes","highway":"bus_stop","name":"Bavla Masjid","public_transport":"platform","id":"node/9739950347"},"geometry":{"type":"Point","coordinates":[72.8315328,18.9946697]}},{"type":"Feature","id":"node/9739950348","properties":{"bus":"yes","highway":"bus_stop","name":"Bavla Masjid","public_transport":"platform","id":"node/9739950348"},"geometry":{"type":"Point","coordinates":[72.8312753,18.9954876]}},{"type":"Feature","id":"node/9739950349","properties":{"bus":"yes","highway":"bus_stop","name":"NM Joshi Marg Police Station","public_transport":"platform","id":"node/9739950349"},"geometry":{"type":"Point","coordinates":[72.8317152,18.9908096]}},{"type":"Feature","id":"node/9739950350","properties":{"bus":"yes","highway":"bus_stop","name":"NM Joshi Marg Police Station","public_transport":"platform","id":"node/9739950350"},"geometry":{"type":"Point","coordinates":[72.8314148,18.9914602]}},{"type":"Feature","id":"node/9739950351","properties":{"bus":"yes","highway":"bus_stop","name":"Comrade Gulabrao Ganacharya Chowk","public_transport":"platform","id":"node/9739950351"},"geometry":{"type":"Point","coordinates":[72.8318372,18.986252]}},{"type":"Feature","id":"node/9739950352","properties":{"bus":"yes","highway":"bus_stop","name":"Comrade Gulabrao Ganacharya Chowk","public_transport":"platform","id":"node/9739950352"},"geometry":{"type":"Point","coordinates":[72.8316414,18.9869343]}},{"type":"Feature","id":"node/9739950353","properties":{"alt_name":"Mandlik Chowk","bus":"yes","highway":"bus_stop","name":"S Bridge","public_transport":"platform","id":"node/9739950353"},"geometry":{"type":"Point","coordinates":[72.8321591,18.9793734]}},{"type":"Feature","id":"node/9739950354","properties":{"alt_name":"Mandlik Chowk","bus":"yes","highway":"bus_stop","name":"S Bridge","public_transport":"platform","id":"node/9739950354"},"geometry":{"type":"Point","coordinates":[72.8319123,18.9799771]}},{"type":"Feature","id":"node/9739950355","properties":{"bus":"yes","highway":"bus_stop","name":"Byculla Station (W)","public_transport":"platform","id":"node/9739950355"},"geometry":{"type":"Point","coordinates":[72.8320384,18.9769157]}},{"type":"Feature","id":"node/9739950386","properties":{"bus":"yes","highway":"bus_stop","name":"Mahim","public_transport":"platform","id":"node/9739950386"},"geometry":{"type":"Point","coordinates":[72.8420967,19.0387601]}},{"type":"Feature","id":"node/9739950392","properties":{"bus":"yes","highway":"bus_stop","name":"Ram Ganesh Gadkari Chowk","public_transport":"platform","id":"node/9739950392"},"geometry":{"type":"Point","coordinates":[72.8403345,19.0246799]}},{"type":"Feature","id":"node/9739950395","properties":{"bus":"yes","highway":"bus_stop","name":"Veer Kotwal Udyan","public_transport":"platform","id":"node/9739950395"},"geometry":{"type":"Point","coordinates":[72.8416622,19.0207673]}},{"type":"Feature","id":"node/9739950396","properties":{"bus":"yes","highway":"bus_stop","name":"Veer Kotwal Udyan","public_transport":"platform","id":"node/9739950396"},"geometry":{"type":"Point","coordinates":[72.8428826,19.0213252]}},{"type":"Feature","id":"node/9739950397","properties":{"bus":"yes","highway":"bus_stop","name":"Veer Kotwal Udyan","public_transport":"platform","id":"node/9739950397"},"geometry":{"type":"Point","coordinates":[72.8424454,19.0221163]}},{"type":"Feature","id":"node/9740687823","properties":{"guest_house":"guest_house","name":"Central Government Touring Officers Guest House","operator":"Central Public Works Department","tourism":"guest_house","id":"node/9740687823"},"geometry":{"type":"Point","coordinates":[72.8012181,18.9594735]}},{"type":"Feature","id":"node/9769880924","properties":{"bus":"yes","highway":"bus_stop","name":"Robert Gomes Chowk","public_transport":"platform","id":"node/9769880924"},"geometry":{"type":"Point","coordinates":[72.8364935,18.9806771]}},{"type":"Feature","id":"node/9769880925","properties":{"bus":"yes","highway":"bus_stop","name":"Sant Savta Market","public_transport":"platform","id":"node/9769880925"},"geometry":{"type":"Point","coordinates":[72.8346509,18.9813112]}},{"type":"Feature","id":"node/9769880926","properties":{"bus":"yes","highway":"bus_stop","name":"Sant Savta Market","public_transport":"platform","id":"node/9769880926"},"geometry":{"type":"Point","coordinates":[72.8344551,18.9815319]}},{"type":"Feature","id":"node/9769880928","properties":{"alt_name":"Mustafa Bazar","bus":"yes","highway":"bus_stop","name":"Savlya Tandel Chowk","public_transport":"platform","id":"node/9769880928"},"geometry":{"type":"Point","coordinates":[72.8401896,18.9761649]}},{"type":"Feature","id":"node/9769880932","properties":{"bus":"yes","highway":"bus_stop","name":"St Mary High School","public_transport":"platform","id":"node/9769880932"},"geometry":{"type":"Point","coordinates":[72.835013,18.969953]}},{"type":"Feature","id":"node/9769880933","properties":{"bus":"yes","highway":"bus_stop","name":"Dr A.H. Ansari Chowk","public_transport":"platform","id":"node/9769880933"},"geometry":{"type":"Point","coordinates":[72.8326178,18.967457]}},{"type":"Feature","id":"node/9769880934","properties":{"bus":"yes","highway":"bus_stop","name":"Mandvi Post Office","public_transport":"platform","id":"node/9769880934"},"geometry":{"type":"Point","coordinates":[72.8327666,18.956656]}},{"type":"Feature","id":"node/9788429257","properties":{"alt_name":"Rustom Baug","bus":"yes","highway":"bus_stop","name":"Masina Hospital","public_transport":"platform","id":"node/9788429257"},"geometry":{"type":"Point","coordinates":[72.8359517,18.9756398]}},{"type":"Feature","id":"node/9788429259","properties":{"bus":"yes","highway":"bus_stop","name":"Anjeer Wadi","public_transport":"platform","id":"node/9788429259"},"geometry":{"type":"Point","coordinates":[72.8402111,18.9733304]}},{"type":"Feature","id":"node/9788429260","properties":{"bus":"yes","departures_board":"yes","description":"mazgaon\"s court","highway":"bus_stop","name":"Mazgaon Court","network":"unkmown","public_transport":"platform","ref":"8","id":"node/9788429260"},"geometry":{"type":"Point","coordinates":[72.8379661,18.9688623]}},{"type":"Feature","id":"node/9788429261","properties":{"bus":"yes","highway":"bus_stop","name":"St Mary High School","public_transport":"platform","id":"node/9788429261"},"geometry":{"type":"Point","coordinates":[72.8348118,18.9698338]}},{"type":"Feature","id":"node/9788429265","properties":{"bus":"yes","highway":"bus_stop","name":"Mandvi Post Office","public_transport":"platform","id":"node/9788429265"},"geometry":{"type":"Point","coordinates":[72.8325266,18.9565266]}},{"type":"Feature","id":"node/9788462285","properties":{"alt_name":"Paydhuni","bus":"yes","highway":"bus_stop","name":"Vikjay Vallbh Chowk","public_transport":"platform","id":"node/9788462285"},"geometry":{"type":"Point","coordinates":[72.8318077,18.9542739]}},{"type":"Feature","id":"node/9788462286","properties":{"bus":"yes","highway":"bus_stop","name":"Bhuleshwar","public_transport":"platform","id":"node/9788462286"},"geometry":{"type":"Point","coordinates":[72.8298191,18.9525875]}},{"type":"Feature","id":"node/9879398059","properties":{"addr:city":"Mumbai","addr:housenumber":"Kamala Mills Compound, Ground Floor, Trade Tower, B Wing, Lower Parel","addr:postcode":"400013","addr:street":"Senapati Bapat Marg","air_conditioning":"yes","amenity":"restaurant","bar":"no","cuisine":"indian","delivery":"yes","diet:vegetarian":"yes","name":"Banana Leaf","opening_hours":"Mo-Su 10:30-23:00","phone":"+91 8080891111","smoking":"no","takeaway":"yes","id":"node/9879398059"},"geometry":{"type":"Point","coordinates":[72.827484,19.0041456]}},{"type":"Feature","id":"node/9918840782","properties":{"leisure":"park","id":"node/9918840782"},"geometry":{"type":"Point","coordinates":[72.8272697,18.9555852]}},{"type":"Feature","id":"node/9923848317","properties":{"addr:city":"Mumbai","addr:housenumber":"Hubtown Skybay, 4th Floor and Rooftop,","addr:postcode":"400026","addr:street":"Warden Road (Bhula Bhai Desai Marg)","air_conditioning":"yes","amenity":"restaurant","bar":"yes","cuisine":"american;italian_pizza;pizza;salad","delivery":"yes","diet:vegetarian":"yes","name:en":"The Green Affair","opening_hours":"Mo-Su 12:00-01:30","phone":"+918097808871","takeaway":"yes","website":"https://www.thegreenaffair.in","id":"node/9923848317"},"geometry":{"type":"Point","coordinates":[72.8062654,18.9751389]}},{"type":"Feature","id":"node/9990028713","properties":{"addr:city":"Mumbai","addr:district":"Mumbai","addr:postcode":"400036","addr:street":"Tejpal Marg","amenity":"clinic","email":"spjmcgowaliatank@gmail.com","healthcare":"clinic","healthcare:speciality":"ophthalmology;gynaecology;dentist;general;paediatrics;orthopaedics;dermatology;physiotherapy;radiology;diagnostic_radiology;vaccination;obstetrics","name":"Shri Gowalia Tank Shankheswara Parshwanath Jain Medical Centre & Kankutara Diagnostic Medical Centre","opening_hours":"Mo-Sa 08:00-20:00","phone":"+91-22-23823583, +91-22-23823584, +91-22-23823531, +91-22-23823532, +91-8282825836, +91-8282825837, +91-8282821926, +91-8282821927","id":"node/9990028713"},"geometry":{"type":"Point","coordinates":[72.8099188,18.9630505]}},{"type":"Feature","id":"node/10036691169","properties":{"name":"Fish Market","shop":"fishing","id":"node/10036691169"},"geometry":{"type":"Point","coordinates":[72.8178399,19.0203002]}},{"type":"Feature","id":"node/10036691171","properties":{"amenity":"place_of_worship","name":"Vetal Temple","id":"node/10036691171"},"geometry":{"type":"Point","coordinates":[72.816403,19.0244245]}},{"type":"Feature","id":"node/10101434119","properties":{"addr:postcode":"400034","amenity":"place_of_worship","name":"Racecourse Masjid","religion":"muslim","id":"node/10101434119"},"geometry":{"type":"Point","coordinates":[72.8214157,18.9811536]}},{"type":"Feature","id":"node/10102851943","properties":{"amenity":"bench","backrest":"yes","material":"wood","seats":"3","id":"node/10102851943"},"geometry":{"type":"Point","coordinates":[72.8380566,18.9786826]}},{"type":"Feature","id":"node/10102851944","properties":{"amenity":"bench","backrest":"yes","material":"wood","seats":"3","id":"node/10102851944"},"geometry":{"type":"Point","coordinates":[72.8380785,18.9787619]}},{"type":"Feature","id":"node/10102851946","properties":{"amenity":"bench","backrest":"yes","material":"wood","seats":"3","id":"node/10102851946"},"geometry":{"type":"Point","coordinates":[72.8380722,18.978729]}},{"type":"Feature","id":"node/10102851947","properties":{"amenity":"bench","backrest":"yes","material":"wood","seats":"3","id":"node/10102851947"},"geometry":{"type":"Point","coordinates":[72.8380642,18.9787093]}},{"type":"Feature","id":"node/10102940254","properties":{"amenity":"toilets","id":"node/10102940254"},"geometry":{"type":"Point","coordinates":[72.8371866,18.9773729]}},{"type":"Feature","id":"node/10108062037","properties":{"amenity":"drinking_water","id":"node/10108062037"},"geometry":{"type":"Point","coordinates":[72.8359326,18.9786372]}},{"type":"Feature","id":"node/10108062038","properties":{"amenity":"toilets","id":"node/10108062038"},"geometry":{"type":"Point","coordinates":[72.8362892,18.9802087]}},{"type":"Feature","id":"node/10108069854","properties":{"name":"Woodlath Consevatory","shop":"herbalist","id":"node/10108069854"},"geometry":{"type":"Point","coordinates":[72.8351886,18.9790793]}},{"type":"Feature","id":"node/10137458914","properties":{"amenity":"toilets","id":"node/10137458914"},"geometry":{"type":"Point","coordinates":[72.8325133,18.9768941]}},{"type":"Feature","id":"node/10142871481","properties":{"addr:city":"Mumbai","addr:housenumber":"12","addr:postcode":"400004","addr:street":"Mugbhat Lane","name":"Shah Ookchand and sons","opening_hours":"Mo-Su 10:00-21:00","payment:cash":"yes","payment:cheque":"yes","shop":"wholesale","id":"node/10142871481"},"geometry":{"type":"Point","coordinates":[72.8228876,18.9533968]}},{"type":"Feature","id":"node/10172965977","properties":{"bus":"yes","description":"2","highway":"bus_stop","name":"Byculla Station","network":"BEST","public_transport":"platform","id":"node/10172965977"},"geometry":{"type":"Point","coordinates":[72.8321841,18.976218]}},{"type":"Feature","id":"node/10173118717","properties":{"name:en":"Treebo Trip Heraa International","tourism":"hotel","id":"node/10173118717"},"geometry":{"type":"Point","coordinates":[72.8194832,18.9618192]}},{"type":"Feature","id":"node/10220942701","properties":{"addr:city":"Mumbai","addr:housenumber":"335, Akhil Bharatiya Bhavan","addr:postcode":"400034","addr:street":"J Boman Behram Marg","amenity":"restaurant","cuisine":"indian;chinese;sandwich","diet:vegetarian":"yes","name":"Hotel Hindmata","opening_hours":"Mo-Su 11:00-00:00","phone":"+91 22 2380 9955;+91 22 2381 1483;+91 22 2380 6501","id":"node/10220942701"},"geometry":{"type":"Point","coordinates":[72.8167078,18.9691612]}},{"type":"Feature","id":"node/10257911200","properties":{"amenity":"bus_station","bus":"yes","name":"Worli Depot","public_transport":"station","id":"node/10257911200"},"geometry":{"type":"Point","coordinates":[72.820006,19.0135149]}},{"type":"Feature","id":"node/10269913997","properties":{"bus":"yes","highway":"bus_stop","public_transport":"platform","shelter":"yes","id":"node/10269913997"},"geometry":{"type":"Point","coordinates":[72.842595,18.9576848]}},{"type":"Feature","id":"node/10271314329","properties":{"bus":"yes","highway":"bus_stop","public_transport":"platform","shelter":"yes","id":"node/10271314329"},"geometry":{"type":"Point","coordinates":[72.837581,19.0198829]}},{"type":"Feature","id":"node/10271314331","properties":{"bus":"yes","highway":"bus_stop","public_transport":"platform","shelter":"yes","id":"node/10271314331"},"geometry":{"type":"Point","coordinates":[72.8371311,19.0194384]}},{"type":"Feature","id":"node/10271314333","properties":{"alt_name":"Plaza","bench":"yes","bus":"yes","highway":"bus_stop","name":"Veer Hutatma Bhai Kotwal Udyan","name:hi":"वीर हुतात्मा भाई कोतवाल उद्यान","public_transport":"platform","ref":"07360","route_ref":"35;88;110;151;164;A-171;C-305;A-357","shelter":"yes","id":"node/10271314333"},"geometry":{"type":"Point","coordinates":[72.8420918,19.020936]}},{"type":"Feature","id":"node/10271314337","properties":{"bus":"yes","highway":"bus_stop","public_transport":"platform","shelter":"yes","id":"node/10271314337"},"geometry":{"type":"Point","coordinates":[72.8187457,19.007323]}},{"type":"Feature","id":"node/10271314338","properties":{"bus":"yes","highway":"bus_stop","public_transport":"platform","shelter":"no","id":"node/10271314338"},"geometry":{"type":"Point","coordinates":[72.8203155,19.010041]}},{"type":"Feature","id":"node/10271314341","properties":{"bus":"yes","highway":"bus_stop","public_transport":"platform","shelter":"yes","id":"node/10271314341"},"geometry":{"type":"Point","coordinates":[72.8204397,19.0102572]}},{"type":"Feature","id":"node/10271314343","properties":{"bus":"yes","highway":"bus_stop","public_transport":"platform","shelter":"yes","id":"node/10271314343"},"geometry":{"type":"Point","coordinates":[72.8326738,19.0146273]}},{"type":"Feature","id":"node/10271314345","properties":{"bench":"yes","bin":"yes","bus":"yes","highway":"bus_stop","lit":"yes","name":"Babasaheb Worlikar Chowk","public_transport":"platform","shelter":"yes","id":"node/10271314345"},"geometry":{"type":"Point","coordinates":[72.8247703,19.012687]}},{"type":"Feature","id":"node/10271314346","properties":{"bus":"yes","highway":"bus_stop","public_transport":"platform","shelter":"yes","id":"node/10271314346"},"geometry":{"type":"Point","coordinates":[72.8400833,19.0196368]}},{"type":"Feature","id":"node/10271314347","properties":{"bus":"yes","highway":"bus_stop","name":"Rakhangi Chowk","public_transport":"platform","shelter":"yes","id":"node/10271314347"},"geometry":{"type":"Point","coordinates":[72.8232853,18.9903077]}},{"type":"Feature","id":"node/10271314348","properties":{"bus":"yes","highway":"bus_stop","public_transport":"platform","shelter":"yes","id":"node/10271314348"},"geometry":{"type":"Point","coordinates":[72.8230085,19.0125587]}},{"type":"Feature","id":"node/10271314349","properties":{"bus":"yes","highway":"bus_stop","public_transport":"platform","shelter":"yes","id":"node/10271314349"},"geometry":{"type":"Point","coordinates":[72.8301997,19.0139905]}},{"type":"Feature","id":"node/10271314350","properties":{"bus":"yes","highway":"bus_stop","public_transport":"platform","shelter":"yes","id":"node/10271314350"},"geometry":{"type":"Point","coordinates":[72.8161855,19.0009071]}},{"type":"Feature","id":"node/10271314351","properties":{"bus":"yes","highway":"bus_stop","public_transport":"platform","shelter":"yes","id":"node/10271314351"},"geometry":{"type":"Point","coordinates":[72.8425102,19.0209688]}},{"type":"Feature","id":"node/10271314354","properties":{"bus":"yes","highway":"bus_stop","public_transport":"platform","shelter":"yes","id":"node/10271314354"},"geometry":{"type":"Point","coordinates":[72.841057,19.0201883]}},{"type":"Feature","id":"node/10271314355","properties":{"bus":"yes","highway":"bus_stop","name":"Prabhadevi","public_transport":"platform","shelter":"yes","id":"node/10271314355"},"geometry":{"type":"Point","coordinates":[72.8285565,19.013183]}},{"type":"Feature","id":"node/10271314356","properties":{"bus":"yes","highway":"bus_stop","public_transport":"platform","shelter":"no","id":"node/10271314356"},"geometry":{"type":"Point","coordinates":[72.8330194,19.0154634]}},{"type":"Feature","id":"node/10271314358","properties":{"bus":"yes","highway":"bus_stop","public_transport":"platform","shelter":"yes","id":"node/10271314358"},"geometry":{"type":"Point","coordinates":[72.8426659,19.0209534]}},{"type":"Feature","id":"node/10271314360","properties":{"amenity":"toilets","check_date":"2026-03-20","id":"node/10271314360"},"geometry":{"type":"Point","coordinates":[72.8207099,18.9925388]}},{"type":"Feature","id":"node/10271314361","properties":{"bus":"yes","highway":"bus_stop","public_transport":"platform","shelter":"yes","id":"node/10271314361"},"geometry":{"type":"Point","coordinates":[72.8355116,19.0180092]}},{"type":"Feature","id":"node/10271314362","properties":{"bus":"yes","highway":"bus_stop","public_transport":"platform","shelter":"no","id":"node/10271314362"},"geometry":{"type":"Point","coordinates":[72.8162106,19.0033268]}},{"type":"Feature","id":"node/10271314363","properties":{"bus":"yes","highway":"bus_stop","public_transport":"platform","shelter":"yes","id":"node/10271314363"},"geometry":{"type":"Point","coordinates":[72.8182066,19.0059618]}},{"type":"Feature","id":"node/10271314364","properties":{"bus":"yes","highway":"bus_stop","public_transport":"platform","shelter":"no","id":"node/10271314364"},"geometry":{"type":"Point","coordinates":[72.8190091,18.9956673]}},{"type":"Feature","id":"node/10271314368","properties":{"bench":"yes","bin":"no","bus":"yes","highway":"bus_stop","public_transport":"platform","shelter":"yes","id":"node/10271314368"},"geometry":{"type":"Point","coordinates":[72.8267936,19.0127691]}},{"type":"Feature","id":"node/10271314369","properties":{"bus":"yes","highway":"bus_stop","public_transport":"platform","shelter":"yes","id":"node/10271314369"},"geometry":{"type":"Point","coordinates":[72.8431165,19.0114771]}},{"type":"Feature","id":"node/10271314370","properties":{"bus":"yes","highway":"bus_stop","public_transport":"platform","shelter":"yes","id":"node/10271314370"},"geometry":{"type":"Point","coordinates":[72.8211908,19.0113315]}},{"type":"Feature","id":"node/10271314371","properties":{"bus":"yes","highway":"bus_stop","public_transport":"platform","shelter":"yes","id":"node/10271314371"},"geometry":{"type":"Point","coordinates":[72.8289339,19.0133809]}},{"type":"Feature","id":"node/10290813617","properties":{"amenity":"veterinary","name":"Dr. Doshi's Veterinary Dispensary","id":"node/10290813617"},"geometry":{"type":"Point","coordinates":[72.8086602,18.9631341]}},{"type":"Feature","id":"node/10294428543","properties":{"bus":"yes","highway":"bus_stop","name":"Poddar Hospital Siddharth Nagar","public_transport":"platform","id":"node/10294428543"},"geometry":{"type":"Point","coordinates":[72.8162918,19.0007873]}},{"type":"Feature","id":"node/10308317048","properties":{"bus":"yes","highway":"bus_stop","name":"Siddhivinayak Mandir","public_transport":"platform","shelter":"yes","id":"node/10308317048"},"geometry":{"type":"Point","coordinates":[72.8319815,19.0178478]}},{"type":"Feature","id":"node/10308317051","properties":{"bus":"yes","highway":"bus_stop","name":"Siddhivinayak Mandir","public_transport":"platform","shelter":"no","id":"node/10308317051"},"geometry":{"type":"Point","coordinates":[72.8319258,19.0178348]}},{"type":"Feature","id":"node/10564186703","properties":{"addr:city":"Mumbai","addr:district":"Mumbai","addr:housenumber":"217","addr:postcode":"400008","addr:street":"Mirza Ghalib Marg","amenity":"restaurant","cuisine":"regional;chicken;indian","delivery":"yes","diet:halal":"yes","name":"Rolex Restaurant","opening_hours":"Mo-Su 09:00-21:00","phone":"+91 7788466723","id":"node/10564186703"},"geometry":{"type":"Point","coordinates":[72.8287291,18.9673399]}},{"type":"Feature","id":"node/10567833876","properties":{"amenity":"place_of_worship","choir":"Availaible on weekends","denomination":"catholic","name":"Commonwealth Church","religion":"christian","service_times":"12:30 a.m.","id":"node/10567833876"},"geometry":{"type":"Point","coordinates":[72.821762,19.0466349]}},{"type":"Feature","id":"node/10616180012","properties":{"amenity":"hospital","healthcare":"hospital","id":"node/10616180012"},"geometry":{"type":"Point","coordinates":[72.8271144,18.9783359]}},{"type":"Feature","id":"node/10678399405","properties":{"addr:city":"Mumbai","addr:postcode":"400025","addr:street":"Sayani Marg","amenity":"restaurant","cuisine":"indian;chinese;fast_food","name:en":"Utsav Restaurant","opening_hours":"Mo-Su 11:00-23:30","phone":"+912224327788 +912224328899","id":"node/10678399405"},"geometry":{"type":"Point","coordinates":[72.8306494,19.0152451]}},{"type":"Feature","id":"node/10688895850","properties":{"addr:city":"Mumbai","addr:postcode":"400028","addr:street":"Raobahadur S.K. Bole Marg","name":"Sahkari Bhandar Mall","opening_hours":"Mo-Su 09:00-21:00","operator":"Reliance","payment:cash":"yes","payment:contactless":"yes","payment:credit_cards":"yes","payment:debit_cards":"yes","payment:visa":"yes","shop":"mall","id":"node/10688895850"},"geometry":{"type":"Point","coordinates":[72.8328546,19.0188151]}},{"type":"Feature","id":"node/10688895851","properties":{"addr:city":"Mumbai","addr:postcode":"400028","addr:street":"Gokhale Road","amenity":"restaurant","cuisine":"indian","diet:non-vegetarian":"yes","diet:vegetarian":"yes","name":"Dadar Lucky Restaurant","opening_hours":"Mo-Su 10:00-22:00","id":"node/10688895851"},"geometry":{"type":"Point","coordinates":[72.8355487,19.0184204]}},{"type":"Feature","id":"node/10689842806","properties":{"amenity":"fast_food","name:en":"Night Market for Street Food","id":"node/10689842806"},"geometry":{"type":"Point","coordinates":[72.8315487,18.9510615]}},{"type":"Feature","id":"node/10690869380","properties":{"addr:city":"Mumbai","addr:postcode":"400025","addr:street":"Sayani Marg","amenity":"arts_centre","name":"P. L. Deshpande Maharashtra Kala Academy","id":"node/10690869380"},"geometry":{"type":"Point","coordinates":[72.8306583,19.0152189]}},{"type":"Feature","id":"node/10695162620","properties":{"bus":"yes","highway":"bus_stop","public_transport":"platform","shelter":"yes","id":"node/10695162620"},"geometry":{"type":"Point","coordinates":[72.8414337,18.952208]}},{"type":"Feature","id":"node/10725360455","properties":{"tourism":"viewpoint","id":"node/10725360455"},"geometry":{"type":"Point","coordinates":[72.8181908,19.0417016]}},{"type":"Feature","id":"node/10803334509","properties":{"addr:street":"2nd Sankli Street","name:en":"K.S.A Heigjts","tourism":"apartment","id":"node/10803334509"},"geometry":{"type":"Point","coordinates":[72.82995,18.9725876]}},{"type":"Feature","id":"node/11045693365","properties":{"access":"private","amenity":"parking_entrance","id":"node/11045693365"},"geometry":{"type":"Point","coordinates":[72.8246856,19.0147577]}},{"type":"Feature","id":"node/11045694018","properties":{"access":"private","amenity":"parking_entrance","id":"node/11045694018"},"geometry":{"type":"Point","coordinates":[72.827443,19.0118635]}},{"type":"Feature","id":"node/11055333401","properties":{"name":"Al Fatah","tourism":"hotel","id":"node/11055333401"},"geometry":{"type":"Point","coordinates":[72.8347614,18.9506798]}},{"type":"Feature","id":"node/11145832790","properties":{"leisure":"park","id":"node/11145832790"},"geometry":{"type":"Point","coordinates":[72.8173969,19.0233521]}},{"type":"Feature","id":"node/11147722552","properties":{"addr:city":"Mumbai","addr:district":"Mumbai","addr:housenumber":"Shop No 5, Narayan Smruti","addr:postcode":"400028","addr:street":"Chhabildas Road","contact:facebook":"https://www.facebook.com/jjmehta","email":"info@jjmehta.com","mobile":"+919833771200","name":"J J MEHTA AND SONS","opening_hours":"Tu-Su 11:00-20:00","operator":"website=jjmehta.com","payment:cash":"yes","payment:contactless":"yes","payment:credit_cards":"yes","phone":"+91-9833771200","shop":"camera","id":"node/11147722552"},"geometry":{"type":"Point","coordinates":[72.8423629,19.0200024]}},{"type":"Feature","id":"node/11159452449","properties":{"amenity":"cafe","name":"Belgian Waffle","id":"node/11159452449"},"geometry":{"type":"Point","coordinates":[72.8131928,18.9561284]}},{"type":"Feature","id":"node/11159468367","properties":{"amenity":"restaurant","name":"Canto Cafe & Bar","id":"node/11159468367"},"geometry":{"type":"Point","coordinates":[72.8140224,18.95647]}},{"type":"Feature","id":"node/11159473009","properties":{"amenity":"cafe","name":"Vasant Bhuvan","id":"node/11159473009"},"geometry":{"type":"Point","coordinates":[72.8173066,18.9589107]}},{"type":"Feature","id":"node/11243714522","properties":{"addr:city":"Mumbai","addr:housenumber":"opposite to Chaskar Chawl, , Dhaku Prabhuchi Wadi, Ghodapdeo","addr:postcode":"400033","addr:street":"Keshavrao Borkar Marg","amenity":"place_of_worship","denomination":"hindu","name":"Shri Kapreshwar Maharaj Temple","name:mr":"श्री कापरेश्वर महाराज मंदिर","religion":"hindu","id":"node/11243714522"},"geometry":{"type":"Point","coordinates":[72.8400465,18.9812958]}},{"type":"Feature","id":"node/11246007621","properties":{"addr:housenumber":"264-265","addr:street":"Dr Annie Besant Road","amenity":"coworking_space","name":"WeWork","opening_hours":"Mo-Sa 09:00-18:00","phone":"1800123999000","website":"https://www.wework.com/","id":"node/11246007621"},"geometry":{"type":"Point","coordinates":[72.8213604,19.0119461]}},{"type":"Feature","id":"node/11283018660","properties":{"brand":"Fabindia","brand:wikidata":"Q5427779","name":"Fabindia","shop":"clothes","id":"node/11283018660"},"geometry":{"type":"Point","coordinates":[72.8471927,19.0175233]}},{"type":"Feature","id":"node/11283018661","properties":{"name":"Milan","name:en":"Milan","name:hi":"मिलन","name:mr":"मिलन","shop":"clothes","id":"node/11283018661"},"geometry":{"type":"Point","coordinates":[72.84722,19.0175726]}},{"type":"Feature","id":"node/11294890297","properties":{"amenity":"ice_cream","name":"Baba Falooda","name:en":"Baba Falooda","name:hi":"बाबा फालुदा","name:mr":"बाबा फालुदा","id":"node/11294890297"},"geometry":{"type":"Point","coordinates":[72.8413178,19.0398561]}},{"type":"Feature","id":"node/11294890306","properties":{"amenity":"restaurant","name":"Paramount Restaurant","name:en":"Paramount Restaurant","name:hi":"पेरामाउंट रेस्टॉरंट","name:mr":"पॅरामाउंट रेस्टॉरंट","id":"node/11294890306"},"geometry":{"type":"Point","coordinates":[72.8417951,19.0387603]}},{"type":"Feature","id":"node/11294890311","properties":{"bus":"yes","highway":"bus_stop","name":"Sitaladevi Temple","public_transport":"platform","id":"node/11294890311"},"geometry":{"type":"Point","coordinates":[72.8422647,19.036111]}},{"type":"Feature","id":"node/11294890321","properties":{"alt_name":"Sardar Cycles","alt_name:en":"Sardar Cycles","name":"Sardar Cycle Trading Company","name:en":"Sardar Cycle Trading Company","name:hi":"सरदार सायकल ट्रेडिंग कंपनी","name:mr":"सरदार सायकल ट्रेडिंग कंपनी","shop":"bicycle","id":"node/11294890321"},"geometry":{"type":"Point","coordinates":[72.8423801,19.0331182]}},{"type":"Feature","id":"node/11298191069","properties":{"addr:city":"Mumbai","addr:district":"Mumbai","addr:housenumber":"Matunga","addr:postcode":"400016","addr:street":"Senapati Bapat Marg","name:en":"Reliance Smart Bazaar","shop":"supermarket","id":"node/11298191069"},"geometry":{"type":"Point","coordinates":[72.8468509,19.0314768]}},{"type":"Feature","id":"node/11339568135","properties":{"name":"Noor Lime Depot","name:en":"Noor Lime Depot","phone":"+91 99878 72828;+91 99202 66775","shop":"trade","trade":"building_supplies","website":"https://noorlimedepot.business.site/","id":"node/11339568135"},"geometry":{"type":"Point","coordinates":[72.8250386,19.0473528]}},{"type":"Feature","id":"node/11339568136","properties":{"amenity":"place_of_worship","religion":"hindu","id":"node/11339568136"},"geometry":{"type":"Point","coordinates":[72.8250976,19.0475728]}},{"type":"Feature","id":"node/11339568149","properties":{"bench":"no","bin":"no","bus":"yes","highway":"bus_stop","name":"Mount Mary Steps","name:en":"Mount Mary Steps","public_transport":"platform","shelter":"no","id":"node/11339568149"},"geometry":{"type":"Point","coordinates":[72.8249936,19.048188]}},{"type":"Feature","id":"node/11341062473","properties":{"addr:city":"Mumbai","addr:district":"Mumbai","addr:housenumber":"180-B-5 Gaiwadi Girgaon Charni Road","addr:postcode":"400004","addr:street":"Jagannath Shankarsheth Marg","amenity":"clinic","healthcare":"clinic","healthcare:speciality":"ayurveda","name":"Dr Pandit's Ayurveda and Panchakarma Clinic","opening_hours":"mo-sa 11.30-6.30","operator":"Dr Mohit Pandit","operator:type":"private","id":"node/11341062473"},"geometry":{"type":"Point","coordinates":[72.8196898,18.9536335]}},{"type":"Feature","id":"node/11362198269","properties":{"addr:city":"Mumbai","addr:district":"Mumbai","addr:housename":"Nanda Deep Building","addr:housenumber":"153","addr:postcode":"400019","addr:street":"Lakhamsi Nappu Road","addr:suburb":"Matunga East","air_conditioning":"yes","amenity":"fast_food","check_date":"2026-03-20","cuisine":"chinese;indian","diet:jain":"yes","image:menu":"7406f945-5080-4238-99cd-b47c7559cf3c","image:menu:0":"33d21401-d51a-4a33-84e5-9e4de542f5dc","level":"0","name":"DP's Fast Food Corner","name:en":"DP's Fast Food Corner","panoramax":"362da6d5-b816-43cf-8b55-2756227d8ec5","panoramax:0":"cd3fd9d8-e7d8-4bbb-ab4d-ac2900071d6c","id":"node/11362198269"},"geometry":{"type":"Point","coordinates":[72.8495362,19.0232212]}},{"type":"Feature","id":"node/11375281395","properties":{"bus":"yes","highway":"bus_stop","name":"Shitladevi Temple","name:en":"Shitladevi Temple","public_transport":"platform","id":"node/11375281395"},"geometry":{"type":"Point","coordinates":[72.8421398,19.0336589]}},{"type":"Feature","id":"node/11375281396","properties":{"bus":"yes","highway":"bus_stop","name":"Citylight Cinema","name:en":"Citylight Cinema","name:hi":"सिटीलाइट सिनेमा","name:mr":"सिटीलाइट सिनेमा","public_transport":"platform","id":"node/11375281396"},"geometry":{"type":"Point","coordinates":[72.8415944,19.0297875]}},{"type":"Feature","id":"node/11375281397","properties":{"name":"Raja Rani Travels Pvt. Limited","name:en":"Raja Rani Travels Pvt. Limited","shop":"travel_agency","id":"node/11375281397"},"geometry":{"type":"Point","coordinates":[72.8412906,19.0287944]}},{"type":"Feature","id":"node/11375281402","properties":{"brand":"Westside","brand:wikidata":"Q123376384","name":"Westside","name:en":"Westside","shop":"clothes","id":"node/11375281402"},"geometry":{"type":"Point","coordinates":[72.8410246,19.0250378]}},{"type":"Feature","id":"node/11375281403","properties":{"brand":"Pantaloons","brand:wikidata":"Q7131643","name":"Pantaloons","shop":"clothes","id":"node/11375281403"},"geometry":{"type":"Point","coordinates":[72.8410823,19.0247103]}},{"type":"Feature","id":"node/11375281416","properties":{"amenity":"cinema","brand":"PVR Cinemas","brand:short":"PVR","brand:wikidata":"Q3359908","check_date":"2026-03-20","name":"PVR Cinemas","short_name":"PVR","id":"node/11375281416"},"geometry":{"type":"Point","coordinates":[72.8239441,18.9951198]}},{"type":"Feature","id":"node/11375956175","properties":{"addr:city":"Mumbai","addr:district":"Mumbai","addr:housenumber":"nagpada","addr:postcode":"400008","addr:street":"Maulana Azad Road (Duncan Road)","air_conditioning":"yes","amenity":"restaurant","cuisine":"pizza;chinese;sandwich","delivery":"yes","diet:halal":"yes","name":"Cafe Sagar","name:en":"Cafe Sagar","opening_hours":"Mo-Su 09:00-21:00","phone":"01248657","timing":"mo-su 09:00-21:00","website":"http//www.sagarresturant.com","id":"node/11375956175"},"geometry":{"type":"Point","coordinates":[72.8284709,18.9668801]}},{"type":"Feature","id":"node/11375956201","properties":{"air_conditioning":"yes","amenity":"pub","name":"Lord of the Drinks","name:en":"Lord of the Drinks","opening_hours":"Mo-Su 12:00-01:30","id":"node/11375956201"},"geometry":{"type":"Point","coordinates":[72.8266271,19.0057816]}},{"type":"Feature","id":"node/11375956206","properties":{"alt_name":"Kentucky Fried Chicken","alt_name:en":"Kentucky Fried Chicken","alt_name:hi":"केंटुकी फ्राइड चिकन","alt_name:pa":"ਕੈਂਟੁਕੀ ਫ੍ਰਾਈਡ ਚਿਕਨ","alt_name:pnb":"کینٹکی فرائیڈ چکن","alt_name:ur":"کینٹکی فرائیڈ چکن","amenity":"fast_food","brand":"KFC","brand:en":"KFC","brand:hi":"केएफसी","brand:pa":"ਕੇਐਫਸੀ","brand:pnb":"کے ایف سی","brand:ur":"کے ایف سی","brand:wikidata":"Q524757","check_date":"2026-03-20","cuisine":"chicken","name":"KFC","name:en":"KFC","name:hi":"केएफसी","name:pa":"ਕੇਐਫਸੀ","name:pnb":"کے ایف سی","name:ur":"کے ایف سی","takeaway":"yes","id":"node/11375956206"},"geometry":{"type":"Point","coordinates":[72.8247314,18.9940485]}},{"type":"Feature","id":"node/11375956207","properties":{"amenity":"cafe","brand":"Starbucks","brand:wikidata":"Q37158","check_date":"2026-03-20","cuisine":"coffee_shop","name":"Starbucks","official_name":"Starbucks Coffee","takeaway":"yes","id":"node/11375956207"},"geometry":{"type":"Point","coordinates":[72.8236713,18.9946569]}},{"type":"Feature","id":"node/11384605320","properties":{"name":"Vikas Sales","name:en":"Vikas Sales","name:hi":"विकास सेल्स","name:mr":"विकास सेल्स","shop":"electronics","id":"node/11384605320"},"geometry":{"type":"Point","coordinates":[72.8463709,19.0280462]}},{"type":"Feature","id":"node/11384605331","properties":{"amenity":"doctors","healthcare":"doctor","healthcare:speciality":"general","name":"The Good Health Clinic","name:en":"The Good Health Clinic","operator":"Dr. Yatin Gadgil","id":"node/11384605331"},"geometry":{"type":"Point","coordinates":[72.8418507,19.0314416]}},{"type":"Feature","id":"node/11384605336","properties":{"bus":"yes","highway":"bus_stop","name":"Citylight Cinema","name:en":"Citylight Cinema","name:hi":"सिटीलाइट सिनेमा","name:mr":"सिटीलाइट सिनेमा","public_transport":"platform","id":"node/11384605336"},"geometry":{"type":"Point","coordinates":[72.8417593,19.0297068]}},{"type":"Feature","id":"node/11384605352","properties":{"amenity":"fast_food","brand":"Domino's","brand:wikidata":"Q839466","cuisine":"pizza","name":"Domino's","takeaway":"yes","id":"node/11384605352"},"geometry":{"type":"Point","coordinates":[72.8415765,19.0284293]}},{"type":"Feature","id":"node/11384605353","properties":{"bus":"yes","highway":"bus_stop","name":"Ram Ganesh Gadkari Chowk","name:en":"Ram Ganesh Gadkari Chowk","name:mr":"राम गणेश गडकरी चौक","public_transport":"platform","short_name":"R. G. Gadkari Chowk","short_name:en":"R. G. Gadkari Chowk","id":"node/11384605353"},"geometry":{"type":"Point","coordinates":[72.8378249,19.024482]}},{"type":"Feature","id":"node/11384605361","properties":{"amenity":"theatre","name":"Shri Shivaji Mandir","name:en":"Shri Shivaji Mandir","name:mr":"शिवाजी मंदिर नाट्यगृह","id":"node/11384605361"},"geometry":{"type":"Point","coordinates":[72.8423004,19.0225043]}},{"type":"Feature","id":"node/11384605371","properties":{"amenity":"pub","name":"Hotel Geeta Resto Bar","name:en":"Hotel Geeta Resto Bar","id":"node/11384605371"},"geometry":{"type":"Point","coordinates":[72.8434905,19.0209143]}},{"type":"Feature","id":"node/11384605378","properties":{"amenity":"atm","brand":"ICICI Bank","brand:wikidata":"Q1653258","operator":"ICICI Bank","operator:wikidata":"Q1653258","short_name":"ICICI","id":"node/11384605378"},"geometry":{"type":"Point","coordinates":[72.8410274,19.0173819]}},{"type":"Feature","id":"node/11384605397","properties":{"amenity":"bank","name":"Saraswat Co Op Bank","name:en":"Saraswat Co Op Bank","id":"node/11384605397"},"geometry":{"type":"Point","coordinates":[72.8369199,19.0194855]}},{"type":"Feature","id":"node/11384605398","properties":{"name":"Lucky Plywood","name:en":"Lucky Plywood","shop":"trade","id":"node/11384605398"},"geometry":{"type":"Point","coordinates":[72.8371866,19.0194793]}},{"type":"Feature","id":"node/11384605399","properties":{"brand":"Hyundai","brand:wikidata":"Q55931","name":"Arsh Hyundai","shop":"car","id":"node/11384605399"},"geometry":{"type":"Point","coordinates":[72.8351179,19.0163072]}},{"type":"Feature","id":"node/11394085300","properties":{"addr:city":"Mumbai","addr:district":"MUMBAI","addr:housenumber":"Sophia College for Women (Empowered Autonomous)","addr:postcode":"400 026","addr:street":"Bhulabhai Desai Road","leisure":"park","name":"Central Lawn","opening_hours":"Mo-Su 09:00-21:00","operator":"Sophia College","operator:type":"public","id":"node/11394085300"},"geometry":{"type":"Point","coordinates":[72.8071474,18.9696231]}},{"type":"Feature","id":"node/11409102369","properties":{"amenity":"fast_food","brand":"McDonald's","brand:wikidata":"Q38076","check_date":"2026-03-20","cuisine":"burger","name":"McDonald's","name:en":"McDonald's","takeaway":"yes","id":"node/11409102369"},"geometry":{"type":"Point","coordinates":[72.8265395,18.9806543]}},{"type":"Feature","id":"node/11430420743","properties":{"access":"yes","addr:city":"Mumbai","addr:district":"Mumbai","addr:postcode":"400028","addr:street":"old cadel road","leisure":"park","name":"Shivaji Park","name:en":"Shivaji Park","name:etymology:wikidata":"Q239505","official_name:mr":"छत्रपती शिवाजी महाराज उद्यान","opening_hours":"Mo-Sa 08:00-18:00","operator":"BMC","operator:type":"public","id":"node/11430420743"},"geometry":{"type":"Point","coordinates":[72.8366692,19.0267688]}},{"type":"Feature","id":"node/11443658469","properties":{"addr:postcode":"400007","addr:street":"Marine Drive","amenity":"restaurant","cuisine":"indian;mexican","name:en":"Cream Centre","id":"node/11443658469"},"geometry":{"type":"Point","coordinates":[72.8133136,18.955594]}},{"type":"Feature","id":"node/11443658569","properties":{"addr:postcode":"400007","addr:street":"Marine Drive","amenity":"restaurant","cuisine":"indian;mexican","name:en":"New Yorker","id":"node/11443658569"},"geometry":{"type":"Point","coordinates":[72.8132334,18.9556326]}},{"type":"Feature","id":"node/11451911115","properties":{"amenity":"bank","brand":"Kotak Mahindra Bank","brand:wikidata":"Q2040404","name":"Kotak Mahindra Bank","id":"node/11451911115"},"geometry":{"type":"Point","coordinates":[72.8359859,19.0252336]}},{"type":"Feature","id":"node/11451911117","properties":{"name":"Bigg Sale","shop":"clothes","id":"node/11451911117"},"geometry":{"type":"Point","coordinates":[72.8420715,19.019868]}},{"type":"Feature","id":"node/11451935137","properties":{"amenity":"bank","brand":"IDBI Bank","brand:wikidata":"Q3633485","name":"IDBI Bank","short_name":"IDBI","id":"node/11451935137"},"geometry":{"type":"Point","coordinates":[72.8416214,19.0305829]}},{"type":"Feature","id":"node/11451935138","properties":{"brand":"Manyavar","brand:wikidata":"Q24906783","name":"Manyavar","shop":"clothes","id":"node/11451935138"},"geometry":{"type":"Point","coordinates":[72.8412967,19.0200129]}},{"type":"Feature","id":"node/11451935139","properties":{"amenity":"restaurant","name":"Adarsha Family Restaurant","id":"node/11451935139"},"geometry":{"type":"Point","coordinates":[72.8419124,19.0199692]}},{"type":"Feature","id":"node/11451935573","properties":{"amenity":"bar","name":"The Bar Stock exchange","id":"node/11451935573"},"geometry":{"type":"Point","coordinates":[72.8355266,19.0246598]}},{"type":"Feature","id":"node/11451942459","properties":{"amenity":"cafe","brand":"Starbucks","brand:wikidata":"Q37158","cuisine":"coffee_shop","name":"Starbucks","official_name":"Starbucks Coffee","takeaway":"yes","id":"node/11451942459"},"geometry":{"type":"Point","coordinates":[72.8359486,19.0252105]}},{"type":"Feature","id":"node/11451942460","properties":{"amenity":"restaurant","name":"Tamnak Thai","id":"node/11451942460"},"geometry":{"type":"Point","coordinates":[72.8354777,19.0252725]}},{"type":"Feature","id":"node/11451942461","properties":{"name":"Blue star laundry and dry cleaning","shop":"laundry","id":"node/11451942461"},"geometry":{"type":"Point","coordinates":[72.836979,19.0216719]}},{"type":"Feature","id":"node/11451942462","properties":{"amenity":"dentist","healthcare":"dentist","name":"Pearly Whites","id":"node/11451942462"},"geometry":{"type":"Point","coordinates":[72.8377607,19.0221796]}},{"type":"Feature","id":"node/11451948926","properties":{"leisure":"park","name":"Veer Baji Prabhu Udyan","name:en":"Veer Baji Prabhu Udyan","name:mr":"वीर बाजी प्रबु उद्यान","id":"node/11451948926"},"geometry":{"type":"Point","coordinates":[72.83538,19.0266339]}},{"type":"Feature","id":"node/11451948927","properties":{"name":"Pavaar mattresses","shop":"furniture","id":"node/11451948927"},"geometry":{"type":"Point","coordinates":[72.8374652,19.021845]}},{"type":"Feature","id":"node/11451948928","properties":{"amenity":"pharmacy","healthcare":"pharmacy","name":"Sheetal Ayurveda","id":"node/11451948928"},"geometry":{"type":"Point","coordinates":[72.8390664,19.022103]}},{"type":"Feature","id":"node/11451984338","properties":{"amenity":"restaurant","name":"Made over donuts","id":"node/11451984338"},"geometry":{"type":"Point","coordinates":[72.8397943,19.0253693]}},{"type":"Feature","id":"node/11451989742","properties":{"alt_name":"Kentucky Fried Chicken","alt_name:en":"Kentucky Fried Chicken","alt_name:hi":"केंटुकी फ्राइड चिकन","alt_name:pa":"ਕੈਂਟੁਕੀ ਫ੍ਰਾਈਡ ਚਿਕਨ","alt_name:pnb":"کینٹکی فرائیڈ چکن","alt_name:ur":"کینٹکی فرائیڈ چکن","amenity":"fast_food","brand":"KFC","brand:en":"KFC","brand:hi":"केएफसी","brand:pa":"ਕੇਐਫਸੀ","brand:pnb":"کے ایف سی","brand:ur":"کے ایف سی","brand:wikidata":"Q524757","cuisine":"chicken","name":"KFC","name:en":"KFC","name:hi":"केएफसी","name:pa":"ਕੇਐਫਸੀ","name:pnb":"کے ایف سی","name:ur":"کے ایف سی","takeaway":"yes","id":"node/11451989742"},"geometry":{"type":"Point","coordinates":[72.8414244,19.0250626]}},{"type":"Feature","id":"node/11451989747","properties":{"amenity":"restaurant","name":"Green restaurant and bar","id":"node/11451989747"},"geometry":{"type":"Point","coordinates":[72.8354998,19.0254993]}},{"type":"Feature","id":"node/11451989748","properties":{"name":"Amigo Hotel","tourism":"hotel","id":"node/11451989748"},"geometry":{"type":"Point","coordinates":[72.8355588,19.0247267]}},{"type":"Feature","id":"node/11451995919","properties":{"bench":"yes","bus":"yes","highway":"bus_stop","name":"Ram Ganesh Gadkari Chowk","name:en":"Ram Ganesh Gadkari Chowk","public_transport":"platform","shelter":"yes","id":"node/11451995919"},"geometry":{"type":"Point","coordinates":[72.840938,19.0257599]}},{"type":"Feature","id":"node/11451997547","properties":{"amenity":"cinema","brand":"INOX Leisure","brand:wikidata":"Q5972349","name":"INOX","short_name":"INOX","id":"node/11451997547"},"geometry":{"type":"Point","coordinates":[72.8413945,19.0198704]}},{"type":"Feature","id":"node/11451998176","properties":{"amenity":"bank","brand":"Axis Bank","brand:wikidata":"Q2003549","name":"Axis Bank","id":"node/11451998176"},"geometry":{"type":"Point","coordinates":[72.8363072,19.0260435]}},{"type":"Feature","id":"node/11451998177","properties":{"name":"Satyam Gift gallery","shop":"gift","id":"node/11451998177"},"geometry":{"type":"Point","coordinates":[72.8391489,19.0220194]}},{"type":"Feature","id":"node/11452004578","properties":{"amenity":"bar","name":"Terttulia","id":"node/11452004578"},"geometry":{"type":"Point","coordinates":[72.8353091,19.0255958]}},{"type":"Feature","id":"node/11452005242","properties":{"amenity":"restaurant","brand":"Pizza Hut","brand:wikidata":"Q191615","cuisine":"pizza","name":"Pizza Hut","id":"node/11452005242"},"geometry":{"type":"Point","coordinates":[72.8415058,19.0251733]}},{"type":"Feature","id":"node/11452005243","properties":{"amenity":"ice_cream","brand":"Naturals","brand:wikidata":"Q24439154","cuisine":"ice_cream","name":"Naturals","id":"node/11452005243"},"geometry":{"type":"Point","coordinates":[72.835451,19.0251825]}},{"type":"Feature","id":"node/11452005244","properties":{"amenity":"ice_cream","name":"Ice Cream works","id":"node/11452005244"},"geometry":{"type":"Point","coordinates":[72.8352477,19.0247461]}},{"type":"Feature","id":"node/11452006918","properties":{"amenity":"bank","brand":"Indian Overseas Bank","brand:wikidata":"Q2003611","name":"Indian Overseas Bank","id":"node/11452006918"},"geometry":{"type":"Point","coordinates":[72.8425189,19.0368318]}},{"type":"Feature","id":"node/11452006919","properties":{"brand":"Airtel","brand:wikidata":"Q854867","name":"Airtel","shop":"mobile_phone","id":"node/11452006919"},"geometry":{"type":"Point","coordinates":[72.8411488,19.0266084]}},{"type":"Feature","id":"node/11452006996","properties":{"name":"Prabhat Book House","shop":"books","id":"node/11452006996"},"geometry":{"type":"Point","coordinates":[72.840734,19.026331]}},{"type":"Feature","id":"node/11452006997","properties":{"name":"The Belgian Waffle Co","shop":"bakery","id":"node/11452006997"},"geometry":{"type":"Point","coordinates":[72.8353101,19.024909]}},{"type":"Feature","id":"node/11452006998","properties":{"bus":"yes","highway":"bus_stop","public_transport":"platform","id":"node/11452006998"},"geometry":{"type":"Point","coordinates":[72.8351426,19.0239886]}},{"type":"Feature","id":"node/11452007000","properties":{"name":"Trupti emporium","shop":"appliance","id":"node/11452007000"},"geometry":{"type":"Point","coordinates":[72.8393968,19.0215271]}},{"type":"Feature","id":"node/11452007276","properties":{"amenity":"ice_cream","brand":"Baskin-Robbins","brand:wikidata":"Q584601","cuisine":"ice_cream","name":"Baskin-Robbins","shop":"bakery","id":"node/11452007276"},"geometry":{"type":"Point","coordinates":[72.8399508,19.0252824]}},{"type":"Feature","id":"node/11452007277","properties":{"name":"Anand Jagganath Padnekar Jewellers","shop":"jewelry","id":"node/11452007277"},"geometry":{"type":"Point","coordinates":[72.8387785,19.0225954]}},{"type":"Feature","id":"node/11452009156","properties":{"amenity":"fuel","brand":"Hindustan Petroleum","brand:wikidata":"Q1619375","name":"HP","official_name":"Hindustan Petroleum","id":"node/11452009156"},"geometry":{"type":"Point","coordinates":[72.835995,19.0261206]}},{"type":"Feature","id":"node/11452010575","properties":{"amenity":"fast_food","name":"Sandwizzaa","id":"node/11452010575"},"geometry":{"type":"Point","coordinates":[72.8363788,19.0259788]}},{"type":"Feature","id":"node/11452010576","properties":{"amenity":"bank","brand":"Canara Bank","brand:en":"Canara Bank","brand:hi":"केनरा बैंक","brand:kn":"ಕೆನರಾ ಬ್ಯಾಂಕ್","brand:pa":"ਕੇਨਰਾ ਬੈਂਕ","brand:pnb":"کینرا بینک","brand:ur":"کینرا بینک","brand:wikidata":"Q2003777","name":"Canara Bank","name:en":"Canara Bank","name:hi":"केनरा बैंक","name:kn":"ಕೆನರಾ ಬ್ಯಾಂಕ್","name:pa":"ਕੇਨਰਾ ਬੈਂਕ","name:pnb":"کینرا بینک","name:ur":"کینرا بینک","id":"node/11452010576"},"geometry":{"type":"Point","coordinates":[72.8359026,19.0251372]}},{"type":"Feature","id":"node/11452010577","properties":{"amenity":"fast_food","name":"Cryspy Frankie","id":"node/11452010577"},"geometry":{"type":"Point","coordinates":[72.839685,19.0214096]}},{"type":"Feature","id":"node/11452011296","properties":{"name":"Paramount Sports and Nutrition","shop":"sports","id":"node/11452011296"},"geometry":{"type":"Point","coordinates":[72.8409723,19.0255143]}},{"type":"Feature","id":"node/11452011297","properties":{"amenity":"atm","brand":"ICICI Bank","brand:wikidata":"Q1653258","name":"ICICI ATM","operator":"ICICI Bank","operator:wikidata":"Q1653258","short_name":"ICICI","id":"node/11452011297"},"geometry":{"type":"Point","coordinates":[72.8358728,19.0260132]}},{"type":"Feature","id":"node/11452011298","properties":{"name":"Lakme Salon","shop":"beauty","id":"node/11452011298"},"geometry":{"type":"Point","coordinates":[72.835306,19.0248328]}},{"type":"Feature","id":"node/11452012185","properties":{"name":"Mahasagar Tea and Cold drink house","shop":"tea","id":"node/11452012185"},"geometry":{"type":"Point","coordinates":[72.835005,19.0257887]}},{"type":"Feature","id":"node/11452014433","properties":{"amenity":"fast_food","brand":"Subway","brand:wikidata":"Q244457","cuisine":"sandwich","name":"Subway","takeaway":"yes","id":"node/11452014433"},"geometry":{"type":"Point","coordinates":[72.841609,19.0251283]}},{"type":"Feature","id":"node/11452014434","properties":{"amenity":"bank","brand":"IndusInd Bank","brand:wikidata":"Q2040323","name":"IndusInd Bank","id":"node/11452014434"},"geometry":{"type":"Point","coordinates":[72.835879,19.0251138]}},{"type":"Feature","id":"node/11452014435","properties":{"amenity":"police","name":"Chaitya Bhumi Police Chowk","id":"node/11452014435"},"geometry":{"type":"Point","coordinates":[72.8345223,19.0260237]}},{"type":"Feature","id":"node/11452014931","properties":{"amenity":"bank","brand":"ICICI Bank","brand:wikidata":"Q1653258","name":"ICICI Bank","short_name":"ICICI","id":"node/11452014931"},"geometry":{"type":"Point","coordinates":[72.8425171,19.0369602]}},{"type":"Feature","id":"node/11452014932","properties":{"amenity":"cafe","brand":"Costa","brand:wikidata":"Q608845","cuisine":"coffee_shop","name":"Costa","takeaway":"yes","id":"node/11452014932"},"geometry":{"type":"Point","coordinates":[72.835739,19.0256439]}},{"type":"Feature","id":"node/11452014933","properties":{"amenity":"restaurant","name":"Rajarajeswari Bhuvan Veg Delight","id":"node/11452014933"},"geometry":{"type":"Point","coordinates":[72.8356382,19.0256904]}},{"type":"Feature","id":"node/11452014934","properties":{"name":"MBA Chai Wala","shop":"tea","id":"node/11452014934"},"geometry":{"type":"Point","coordinates":[72.8355709,19.0253852]}},{"type":"Feature","id":"node/11452014935","properties":{"name":"Himalayan Wines","shop":"alcohol","id":"node/11452014935"},"geometry":{"type":"Point","coordinates":[72.8382809,19.0222086]}},{"type":"Feature","id":"node/11452016706","properties":{"name":"Image Frames and Paintings","shop":"art","id":"node/11452016706"},"geometry":{"type":"Point","coordinates":[72.8345345,19.0233263]}},{"type":"Feature","id":"node/11452017571","properties":{"amenity":"bank","brand":"RBL Bank","brand:wikidata":"Q13120398","name":"RBL Bank","id":"node/11452017571"},"geometry":{"type":"Point","coordinates":[72.8352738,19.0247821]}},{"type":"Feature","id":"node/11452019169","properties":{"name":"Crossword","shop":"books","id":"node/11452019169"},"geometry":{"type":"Point","coordinates":[72.835952,19.0261757]}},{"type":"Feature","id":"node/11452078514","properties":{"name":"Book Stall","shop":"books","id":"node/11452078514"},"geometry":{"type":"Point","coordinates":[72.8343708,19.0258846]}},{"type":"Feature","id":"node/11452113461","properties":{"amenity":"toilets","id":"node/11452113461"},"geometry":{"type":"Point","coordinates":[72.8343034,19.0256379]}},{"type":"Feature","id":"node/11456147260","properties":{"amenity":"bank","brand":"Kotak Mahindra Bank","brand:wikidata":"Q2040404","check_date":"2026-03-20","name":"Kotak Mahindra Bank","id":"node/11456147260"},"geometry":{"type":"Point","coordinates":[72.8221071,18.9717478]}},{"type":"Feature","id":"node/11456147261","properties":{"amenity":"bank","brand":"Kotak Mahindra Bank","brand:wikidata":"Q2040404","check_date":"2026-03-20","name":"Kotak Mahindra Bank","id":"node/11456147261"},"geometry":{"type":"Point","coordinates":[72.8173294,18.959466]}},{"type":"Feature","id":"node/11456218422","properties":{"brand":"Bata","brand:wikidata":"Q688082","name":"Bata","shop":"shoes","id":"node/11456218422"},"geometry":{"type":"Point","coordinates":[72.8197297,18.9620804]}},{"type":"Feature","id":"node/11456227673","properties":{"amenity":"restaurant","check_date":"2026-03-20","name":"Anna Leela Veg Restaurant","id":"node/11456227673"},"geometry":{"type":"Point","coordinates":[72.8210412,18.9686154]}},{"type":"Feature","id":"node/11456230008","properties":{"bus":"yes","highway":"bus_stop","public_transport":"platform","id":"node/11456230008"},"geometry":{"type":"Point","coordinates":[72.8226161,18.9731372]}},{"type":"Feature","id":"node/11456230009","properties":{"amenity":"fast_food","check_date":"2026-03-20","name":"Central Sweets","id":"node/11456230009"},"geometry":{"type":"Point","coordinates":[72.8208979,18.9686237]}},{"type":"Feature","id":"node/11456239780","properties":{"brand":"Samsung","brand:wikidata":"Q20718","name":"Samsung","shop":"electronics","id":"node/11456239780"},"geometry":{"type":"Point","coordinates":[72.8166315,18.9539774]}},{"type":"Feature","id":"node/11456240055","properties":{"check_date":"2026-03-20","name":"Navjeevan","shop":"hardware","id":"node/11456240055"},"geometry":{"type":"Point","coordinates":[72.8196799,18.9649307]}},{"type":"Feature","id":"node/11456241054","properties":{"name":"Gathani's Music Center","shop":"music","id":"node/11456241054"},"geometry":{"type":"Point","coordinates":[72.8161088,18.9563147]}},{"type":"Feature","id":"node/11456248702","properties":{"brand":"Plus Fitness","brand:wikidata":"Q118315364","check_date":"2026-03-20","leisure":"fitness_centre","name":"Plus Fitness","id":"node/11456248702"},"geometry":{"type":"Point","coordinates":[72.8203932,18.9686029]}},{"type":"Feature","id":"node/11456249200","properties":{"amenity":"bank","brand":"ICICI Bank","brand:wikidata":"Q1653258","check_date":"2026-03-20","name":"ICICI Bank","short_name":"ICICI","id":"node/11456249200"},"geometry":{"type":"Point","coordinates":[72.8166755,18.9578805]}},{"type":"Feature","id":"node/11456249853","properties":{"amenity":"fuel","brand":"Hindustan Petroleum","brand:wikidata":"Q1619375","check_date":"2026-03-20","name":"HP","official_name":"Hindustan Petroleum","short_name":"HP","id":"node/11456249853"},"geometry":{"type":"Point","coordinates":[72.8239971,18.9777892]}},{"type":"Feature","id":"node/11456249956","properties":{"check_date":"2026-03-20","name":"Oasis Super market","shop":"supermarket","id":"node/11456249956"},"geometry":{"type":"Point","coordinates":[72.822183,18.972208]}},{"type":"Feature","id":"node/11456250091","properties":{"check_date":"2026-03-20","name":"Zafco Perfumes","shop":"perfumery","id":"node/11456250091"},"geometry":{"type":"Point","coordinates":[72.8178832,18.96183]}},{"type":"Feature","id":"node/11456281494","properties":{"amenity":"restaurant","check_date":"2026-03-20","name":"Portico Restaurant and Bar","id":"node/11456281494"},"geometry":{"type":"Point","coordinates":[72.8192196,18.9664278]}},{"type":"Feature","id":"node/11456351155","properties":{"name":"Image Hair studio","shop":"hairdresser","id":"node/11456351155"},"geometry":{"type":"Point","coordinates":[72.8189494,18.9620625]}},{"type":"Feature","id":"node/11456351156","properties":{"bus":"yes","highway":"bus_stop","public_transport":"platform","id":"node/11456351156"},"geometry":{"type":"Point","coordinates":[72.8173006,18.9603743]}},{"type":"Feature","id":"node/11456384126","properties":{"bus":"yes","highway":"bus_stop","public_transport":"platform","id":"node/11456384126"},"geometry":{"type":"Point","coordinates":[72.8168054,18.9580849]}},{"type":"Feature","id":"node/11456384349","properties":{"bus":"yes","highway":"bus_stop","name":"Pandit Paluskar Chowk","public_transport":"platform","id":"node/11456384349"},"geometry":{"type":"Point","coordinates":[72.8162925,18.9551577]}},{"type":"Feature","id":"node/11483543858","properties":{"amenity":"restaurant","name":"Border Bean Barbecue","name:en":"Border Bean Barbecue","id":"node/11483543858"},"geometry":{"type":"Point","coordinates":[72.8287928,19.0489652]}},{"type":"Feature","id":"node/11483543859","properties":{"amenity":"restaurant","name":"QJ (Quarter Junction) Bar and Restaurant","name:en":"QJ (Quarter Junction) Bar and Restaurant","id":"node/11483543859"},"geometry":{"type":"Point","coordinates":[72.8287341,19.0489366]}},{"type":"Feature","id":"node/11542402054","properties":{"addr:housenumber":"39B","addr:street":"Chowpatty Seaface","amenity":"restaurant","name":"Revival","id":"node/11542402054"},"geometry":{"type":"Point","coordinates":[72.8148499,18.9546757]}},{"type":"Feature","id":"node/11542421174","properties":{"amenity":"taxi","id":"node/11542421174"},"geometry":{"type":"Point","coordinates":[72.8146756,18.9684064]}},{"type":"Feature","id":"node/11581535149","properties":{"amenity":"restaurant","name":"Maharaja Cafe","id":"node/11581535149"},"geometry":{"type":"Point","coordinates":[72.8337008,18.9788845]}},{"type":"Feature","id":"node/11610878101","properties":{"addr:housenumber":"near mithibai","amenity":"cafe","cuisine":"coffee_shop","internet_access":"no","name":"Blue bead cafe","opening_hours":"Mo-Su 10:00-22:00","outdoor_seating":"yes","id":"node/11610878101"},"geometry":{"type":"Point","coordinates":[72.8308704,18.9770886]}},{"type":"Feature","id":"node/11612816242","properties":{"shop":"ticket","id":"node/11612816242"},"geometry":{"type":"Point","coordinates":[72.8196305,18.9695979]}},{"type":"Feature","id":"node/11637734870","properties":{"amenity":"cafe","internet_access":"wlan","name:en":"Belgian waffles and ice cream","name:ru":"Вафли и мороженое","id":"node/11637734870"},"geometry":{"type":"Point","coordinates":[72.8127956,18.9560118]}},{"type":"Feature","id":"node/11687259376","properties":{"addr:city":"Mumbai","addr:district":"Mumbai","addr:housenumber":"302-306","addr:postcode":"400009","addr:street":"Narsi Natha Street","alt_name":"Shri Anantnathji Maharaj Jain Temple","alt_name:gu":"શ્રી અનંતનાથજી મહારાજ જૈન દેરાસરજી","amenity":"place_of_worship","name":"Ananthnath Jain Mandir","name:gu":"અનંતનાથ જૈન મંદિર","phone":"02223421344","religion":"jain","id":"node/11687259376"},"geometry":{"type":"Point","coordinates":[72.8373694,18.9530736]}},{"type":"Feature","id":"node/11711426769","properties":{"addr:street":"Senapati Bapat Marg","amenity":"restaurant","cuisine":"italian;italian_pizza","name:en":"Si Nonna's","id":"node/11711426769"},"geometry":{"type":"Point","coordinates":[72.8285575,19.0028605]}},{"type":"Feature","id":"node/11789666307","properties":{"amenity":"place_of_worship","name":"Hanuman Mandir","religion":"hindu","id":"node/11789666307"},"geometry":{"type":"Point","coordinates":[72.8412326,19.0374647]}},{"type":"Feature","id":"node/11895503568","properties":{"amenity":"fast_food","brand":"Subway","brand:wikidata":"Q244457","cuisine":"sandwich","name":"Subway","takeaway":"yes","id":"node/11895503568"},"geometry":{"type":"Point","coordinates":[72.8294729,19.0493254]}},{"type":"Feature","id":"node/11954344543","properties":{"artwork_type":"statue","name":"Swatantryaveer Vinayak Damodar Savarka Statue","tourism":"artwork","id":"node/11954344543"},"geometry":{"type":"Point","coordinates":[72.8368852,19.0283592]}},{"type":"Feature","id":"node/11962469384","properties":{"addr:district":"Mumbai","addr:housenumber":"Shop No. 4,","addr:street":"487, Murad Mansion, Sardar Vallabhbhai Patel Road","amenity":"restaurant","name":"7th Heaven Girgaon","id":"node/11962469384"},"geometry":{"type":"Point","coordinates":[72.8172193,18.9571447]}},{"type":"Feature","id":"node/12073176569","properties":{"bus":"yes","highway":"bus_stop","name":"Deepak Cinema","public_transport":"platform","id":"node/12073176569"},"geometry":{"type":"Point","coordinates":[72.8308431,19.0059699]}},{"type":"Feature","id":"node/12126380631","properties":{"amenity":"pub","name":"Bombay Daak","name:en":"Bombay Daak","name:hi":"बॉम्बे डाक","name:mr":"बॉम्बे डाक","id":"node/12126380631"},"geometry":{"type":"Point","coordinates":[72.8302232,19.0497302]}},{"type":"Feature","id":"node/12126380632","properties":{"amenity":"restaurant","diet:vegetarian":"yes","name":"Love in Langos","name:en":"Love in Langos","name:mr":"लव्ह इन लँगोस","phone":"+91 93210 55321","id":"node/12126380632"},"geometry":{"type":"Point","coordinates":[72.8300463,19.0496371]}},{"type":"Feature","id":"node/12129177281","properties":{"leisure":"park","id":"node/12129177281"},"geometry":{"type":"Point","coordinates":[72.8271356,18.9757797]}},{"type":"Feature","id":"node/12129177282","properties":{"leisure":"park","id":"node/12129177282"},"geometry":{"type":"Point","coordinates":[72.8228843,18.9697816]}},{"type":"Feature","id":"node/12129177283","properties":{"bus":"yes","highway":"bus_stop","name":"BST buses","public_transport":"platform","short_name":"BST","id":"node/12129177283"},"geometry":{"type":"Point","coordinates":[72.8221481,18.9692788]}},{"type":"Feature","id":"node/12149280946","properties":{"addr:city":"Mumbai","addr:housenumber":"3","addr:place":"Vasant Building, 3-B Pedder Road, ","addr:postcode":"400026","addr:street":"Gopalrao Deshmukh Marg","amenity":"dentist","check_date:opening_hours":"2024-09-01","description":"Dentist  Cosmetic Dentist Dental Implantologist Root Canal Specialist  Orthodontic Treatment- Braces Invisalign Provider Smile Makeovers CBCT and. OPG Entire Family's Dental Care ","email":"kayannush@sparkledentalcare.co.in","name":"Sparkle Dental Care ","opening_hours":"Mo-Tu 10:30-21:00; We 10:30-21:00; Th-","phone":"+919967733736","website":"https://www.sparkledentalcare.co.in/","wheelchair":"yes","id":"node/12149280946"},"geometry":{"type":"Point","coordinates":[72.8093118,18.9745622]}},{"type":"Feature","id":"node/12171122260","properties":{"alt_name":"Masjid Bunder","alt_name:en":"Masjid Bunder","alt_name:hi":"मस्जिद बंदर;मशीद बंदर","alt_name:mr":"मस्जिद बंदर","internet_access":"no","name":"Masjid","name:en":"Masjid","name:hi":"मस्जिद","name:ml":"മസ്ജിദ്","name:mr":"मस्जिद","name:ur":"مسجد","network":"IR","official_name:hi":"मशीद","operator":"CR","public_transport":"station","railway":"station","ref":"MSD","start_date":"1875-09-20","train":"yes","wikidata":"Q12445809","wikipedia":"en:Masjid railway station","id":"node/12171122260"},"geometry":{"type":"Point","coordinates":[72.8381771,18.9522949]}},{"type":"Feature","id":"node/12171153821","properties":{"name":"Dadar (Central)","name:en":"Dadar (Central)","name:hi":"दादर (सेंट्रल)","name:mr":"दादर (सेंट्रल)","public_transport":"stop_position","railway":"stop","ref":"7","train":"yes","id":"node/12171153821"},"geometry":{"type":"Point","coordinates":[72.8427266,19.0174632]}},{"type":"Feature","id":"node/12184157096","properties":{"amenity":"events_venue","name":"G5A","id":"node/12184157096"},"geometry":{"type":"Point","coordinates":[72.8257215,18.9899358]}},{"type":"Feature","id":"node/12184157097","properties":{"amenity":"restaurant","name":"Masque","id":"node/12184157097"},"geometry":{"type":"Point","coordinates":[72.8256815,18.989838]}},{"type":"Feature","id":"node/12185901900","properties":{"amenity":"cafe","cuisine":"south_indian_cuisine","description":"South Indian food, tea ,coffee,cold drinks, etc are available","loc_name":"Ramdas hotel","name":"Hotel Udupi Ramdas","opening_hours":"Mo-Su 06:30-21:00","source":"local knowledge","id":"node/12185901900"},"geometry":{"type":"Point","coordinates":[72.8433708,19.0262619]}},{"type":"Feature","id":"node/12244429601","properties":{"addr:housenumber":"Shop No 592","addr:postcode":"400036","addr:street":"Nepean Sea Road","name":"Tejj Textiles","opening_hours":"Mo-Sa 10:00-19:00","outdoor_seating":"no","phone":"+919819777710","shop":"fabric","id":"node/12244429601"},"geometry":{"type":"Point","coordinates":[72.8030659,18.9640948]}},{"type":"Feature","id":"node/12285611901","properties":{"name":"Kamgar Consumer Cooperative Society Limited","shop":"convenience","id":"node/12285611901"},"geometry":{"type":"Point","coordinates":[72.8415676,19.0299494]}},{"type":"Feature","id":"node/12298863511","properties":{"amenity":"drinking_water","drinking_water":"yes","man_made":"water_tap","name":"Ghanshyamdas Saraf Pyau","id":"node/12298863511"},"geometry":{"type":"Point","coordinates":[72.8469565,19.0403524]}},{"type":"Feature","id":"node/12298890606","properties":{"amenity":"fuel","brand":"Hindustan Petroleum","brand:wikidata":"Q1619375","name":"HP","official_name":"Hindustan Petroleum","id":"node/12298890606"},"geometry":{"type":"Point","coordinates":[72.8416795,18.9526009]}},{"type":"Feature","id":"node/12298890614","properties":{"amenity":"fuel","brand":"Bharat Petroleum","brand:wikidata":"Q854826","name":"Bharat Petroleum","id":"node/12298890614"},"geometry":{"type":"Point","coordinates":[72.8417477,18.9529035]}},{"type":"Feature","id":"node/12299155142","properties":{"check_date":"2026-03-20","level":"0","name":"Divyangjan Ticket Window","opening_hours":"07:00-11:40, 12:00-14:45, 15:00-20:00, 20:20-22:45","ref":"22","shop":"ticket","wheelchair":"yes","id":"node/12299155142"},"geometry":{"type":"Point","coordinates":[72.8438417,19.0178576]}},{"type":"Feature","id":"node/12299732770","properties":{"amenity":"fuel","brand":"Indian Oil","brand:wikidata":"Q1289348","name":"Indian Oil","id":"node/12299732770"},"geometry":{"type":"Point","coordinates":[72.842872,18.9573158]}},{"type":"Feature","id":"node/12299732771","properties":{"amenity":"post_office","operator":"India Post","operator:wikidata":"Q3519720","id":"node/12299732771"},"geometry":{"type":"Point","coordinates":[72.8406919,18.9504464]}},{"type":"Feature","id":"node/12306442151","properties":{"addr:housenumber":"301","addr:street":"N C Kelkar Marg","amenity":"restaurant","check_date":"2024-11-02","name":"House Of Misal","id":"node/12306442151"},"geometry":{"type":"Point","coordinates":[72.8424101,19.0223451]}},{"type":"Feature","id":"node/12313201027","properties":{"amenity":"atm","brand":"Axis Bank","brand:wikidata":"Q2003549","cash_in":"no","currency:INR":"yes","drive_through":"no","indoor":"yes","network":"Visa","operator":"Axis Bank","operator:wikidata":"Q2003549","id":"node/12313201027"},"geometry":{"type":"Point","coordinates":[72.8312957,19.0098033]}},{"type":"Feature","id":"node/12334053397","properties":{"amenity":"atm","brand":"IDBI Bank","brand:wikidata":"Q3633485","drive_through":"no","name":"IDBI Bank","opening_hours":"24/7","operator":"IDBI Bank","operator:wikidata":"Q3633485","short_name":"IDBI","id":"node/12334053397"},"geometry":{"type":"Point","coordinates":[72.8252195,19.0480434]}},{"type":"Feature","id":"node/12334053398","properties":{"amenity":"bank","brand":"IDBI Bank","brand:wikidata":"Q3633485","name":"IDBI Bank","short_name":"IDBI","id":"node/12334053398"},"geometry":{"type":"Point","coordinates":[72.825201,19.0479902]}},{"type":"Feature","id":"node/12337394180","properties":{"amenity":"fast_food","brand":"McDonald's","brand:wikidata":"Q38076","cuisine":"burger","name":"McDonald's","takeaway":"yes","id":"node/12337394180"},"geometry":{"type":"Point","coordinates":[72.8419885,19.0230074]}},{"type":"Feature","id":"node/12337394181","properties":{"amenity":"fast_food","brand":"Burger King","brand:wikidata":"Q177054","cuisine":"burger","name":"Burger King","takeaway":"yes","id":"node/12337394181"},"geometry":{"type":"Point","coordinates":[72.8421409,19.0228982]}},{"type":"Feature","id":"node/12468278101","properties":{"addr:postcode":"400025","addr:street":"Swatantrya Veer Savarkar Marg","air_conditioning":"yes","amenity":"restaurant","contact:instagram":"milagromumbai","cuisine":"fine_dining;mediterranean","email":"reservations@milagromumbai.com","name":"Milagro Mumbai","opening_hours":"Mo-Tu, Th 19:00-01:30; Fr-Su 12:00-16:00, 07:00-01:30","phone":"+91 9167779103","self_service":"no","website":"https://milagromumbai.com/","website:menu":"https://www.milagromumbai.com/menu","id":"node/12468278101"},"geometry":{"type":"Point","coordinates":[72.8245896,19.0138781]}},{"type":"Feature","id":"node/12470725501","properties":{"addr:postcode":"400026","addr:street":"Kemps Corner Flyover","name":"Crossword Kemps Corner","opening_hours":"Mo-Su 10:00-22:00","phone":"085302 06759","shop":"books","id":"node/12470725501"},"geometry":{"type":"Point","coordinates":[72.8079096,18.9634687]}},{"type":"Feature","id":"node/12473206401","properties":{"addr:housenumber":"329/A","addr:postcode":"400030","addr:street":"Golpha Devi Mandir Marg","amenity":"restaurant","cuisine":"international","name":"Slink & Bardot","opening_hours":"Tu-Su 18:30-01:30","phone":"093269 65643","id":"node/12473206401"},"geometry":{"type":"Point","coordinates":[72.8175515,19.0169864]}},{"type":"Feature","id":"node/12483967900","properties":{"amenity":"cafe","name":"arfat","id":"node/12483967900"},"geometry":{"type":"Point","coordinates":[72.8268202,18.9679335]}},{"type":"Feature","id":"node/12483986406","properties":{"amenity":"fast_food","name":"Ramisha","id":"node/12483986406"},"geometry":{"type":"Point","coordinates":[72.8265402,18.9672594]}},{"type":"Feature","id":"node/12483993342","properties":{"leisure":"park","name":"sadiya","id":"node/12483993342"},"geometry":{"type":"Point","coordinates":[72.8268608,18.9678331]}},{"type":"Feature","id":"node/12495395201","properties":{"addr:housename":"Unit A1","addr:postcode":"400025","addr:street":"Appasaheb Marathe Marg","branch":"Decathlon Sports Prabhadevi","brand":"Decathlon","brand:wikidata":"Q509349","name":"Decathlon","nohousenumber":"yes","opening_hours":"Mo-Su 11:00-22:00","phone":"081053 67284","shop":"sports","website":"https://www.decathlon.in/store","id":"node/12495395201"},"geometry":{"type":"Point","coordinates":[72.8267952,19.0125214]}},{"type":"Feature","id":"node/12495531801","properties":{"addr:housename":"Shop No. 1","addr:postcode":"400025","addr:street":"Appasaheb Marathe Marg","contact:instagram":"thesobonailsalon.prabhadevi","name":"The SoBo Nail Salon","opening_hours":"Mo-Su 10:00-23:00","phone":"+9177158251","shop":"beauty","id":"node/12495531801"},"geometry":{"type":"Point","coordinates":[72.8244766,19.0129196]}},{"type":"Feature","id":"node/12508947804","properties":{"addr:city":"Mumbai","addr:district":"Mumbai City","addr:postcode":"400026","addr:street":"Kemps Corner Flyover","amenity":"cafe","cuisine":"coffee_shop;sandwich;donut;hot_chocolate;pizza","internet_access":"yes","internet_access:fee":"customers","name":"Starbucks coffee","opening_hours":"Mo-Su 09:00-22:00","outdoor_seating":"yes","id":"node/12508947804"},"geometry":{"type":"Point","coordinates":[72.8079229,18.9636696]}},{"type":"Feature","id":"node/12509250152","properties":{"addr:city":"Mumbai","addr:district":"MUMBAI","addr:housenumber":"292","addr:postcode":"400026","addr:street":"Altamount Road (S K Barodawala Marg)","name":"orbits mall","opening_hours":"Mo-Su 10:00-22:00","operator":"benny","payment:app":"yes","payment:cash":"yes","payment:credit_cards":"yes","payment:debit_cards":"yes","payment:visa":"yes","phone":"00978654321","shop":"mall","id":"node/12509250152"},"geometry":{"type":"Point","coordinates":[72.8073895,18.9687093]}},{"type":"Feature","id":"node/12529723939","properties":{"amenity":"cafe","brand":"Starbucks","brand:wikidata":"Q37158","cuisine":"coffee_shop","internet_access":"yes","internet_access:fee":"no","name":"Starbucks","official_name":"Starbucks Coffee","opening_hours":"Mo-Su 09:00-21:00","outdoor_seating":"yes","takeaway":"yes","id":"node/12529723939"},"geometry":{"type":"Point","coordinates":[72.8119758,18.956454]}},{"type":"Feature","id":"node/12531357692","properties":{"amenity":"restaurant","cuisine":"indian","name":"mani's","survey:date":"2025-01-25","wheelchair":"no","id":"node/12531357692"},"geometry":{"type":"Point","coordinates":[72.8494997,19.0227431]}},{"type":"Feature","id":"node/12535576373","properties":{"leisure":"park","id":"node/12535576373"},"geometry":{"type":"Point","coordinates":[72.8266737,18.9678203]}},{"type":"Feature","id":"node/12535576374","properties":{"amenity":"university","name":"college building","tag":"#college","id":"node/12535576374"},"geometry":{"type":"Point","coordinates":[72.8266365,18.9677617]}},{"type":"Feature","id":"node/12535576376","properties":{"amenity":"motorcycle_parking","capacity":"10","operator":"maharashtra college parking","id":"node/12535576376"},"geometry":{"type":"Point","coordinates":[72.8267079,18.9676749]}},{"type":"Feature","id":"node/12535810146","properties":{"leisure":"playground","id":"node/12535810146"},"geometry":{"type":"Point","coordinates":[72.8002668,18.9590467]}},{"type":"Feature","id":"node/12538079008","properties":{"addr:city":"mumbai","addr:postcode":"400028","addr:street":"Ranade Road","amenity":"cafe","cuisine":"south_indian","name":"manis cafe","opening_hours":"Mo-Su 10:00-20:00","id":"node/12538079008"},"geometry":{"type":"Point","coordinates":[72.8393226,19.0257013]}},{"type":"Feature","id":"node/12540916752","properties":{"amenity":"fast_food","cuisine":"indian","diet:vegetarian":"yes","name":"Brijwasi Sweets, Prabhadevi","opening_hours":"Mo-Su 08:00-22:00","id":"node/12540916752"},"geometry":{"type":"Point","coordinates":[72.8251637,19.0128963]}},{"type":"Feature","id":"node/12555154627","properties":{"amenity":"restaurant","check_date":"2026-03-20","id":"node/12555154627"},"geometry":{"type":"Point","coordinates":[72.8440226,18.9998638]}},{"type":"Feature","id":"node/12555154638","properties":{"amenity":"cafe","check_date":"2026-03-20","id":"node/12555154638"},"geometry":{"type":"Point","coordinates":[72.8434768,18.9989148]}},{"type":"Feature","id":"node/12555154639","properties":{"leisure":"park","id":"node/12555154639"},"geometry":{"type":"Point","coordinates":[72.84816,18.9984079]}},{"type":"Feature","id":"node/12555158943","properties":{"access":"permissive","addr:city":"Mumbai","addr:district":"mumbai","addr:postcode":"400011","addr:street":"YMCA Road","alt_name":"swaib","dog":"yes","email":"ansariswaiba2008@gamil.com","leisure":"park","mobile":"1234567890","name":"YMCA Ground","opening_hours":"Mo-Su 09:00-21:00","operator":"rakesh","operator:type":"private","id":"node/12555158943"},"geometry":{"type":"Point","coordinates":[72.8246266,18.9721466]}},{"type":"Feature","id":"node/12555159227","properties":{"addr:city":"Mumbai","addr:district":"Mumbai","addr:housenumber":"222","addr:postcode":"400008","addr:street":"Dimtimakar Road","amenity":"hospital","email":"sshaikh@gmail.com","emergency":"yes","healthcare":"hospital","healthcare:speciality":"dentist;ophthalmology;orthodontics;dermatology;biology;gynaecology;radiology;otolaryngology;orthopaedics;internal;osteopathy;plastic_surgery;chiropractic;physiotherapy;urology;general;cardiology;surgery;neurology;emergency;psychiatry;traditional_chinese_m","name":"siddiqui","opening_hours":"Mo-Su 09:00-21:00","operator":"iffat","operator:type":"public","id":"node/12555159227"},"geometry":{"type":"Point","coordinates":[72.8288189,18.9666988]}},{"type":"Feature","id":"node/12556827190","properties":{"amenity":"place_of_worship","denomination":"sunni","name":"mosque","religion":"muslim","id":"node/12556827190"},"geometry":{"type":"Point","coordinates":[72.8399676,18.9646446]}},{"type":"Feature","id":"node/12564732266","properties":{"access":"yes","amenity":"parking","capacity":"9","capacity:disabled":"9","charge":"50 inr","fee":"yes","maxstay":"1 hour","opening_hours":"24/7","operator":"behram parking lot","operator:type":"public","parking":"carports","payment:cash":"yes","payment:credit_cards":"yes","surface":"ground","id":"node/12564732266"},"geometry":{"type":"Point","coordinates":[72.8229819,18.9691403]}},{"type":"Feature","id":"node/12564732268","properties":{"bus":"yes","departures_board":"timetable","highway":"bus_stop","name":"residental","network":"11","operator":"bus stop","public_transport":"platform","ref":"13","shelter":"yes","wheelchair":"yes","id":"node/12564732268"},"geometry":{"type":"Point","coordinates":[72.8244644,18.9694606]}},{"type":"Feature","id":"node/12564732270","properties":{"addr:city":"East Mumbai","addr:district":"maharashtra","addr:housenumber":"82","addr:postcode":"400008","addr:street":"M Sethi Marg","dog":"no","leisure":"park","name":"kalingana park","opening_hours":"Mo-Su 09:00-21:00","operator":"execersice place","operator:type":"public","id":"node/12564732270"},"geometry":{"type":"Point","coordinates":[72.8205251,18.9697183]}},{"type":"Feature","id":"node/12564732273","properties":{"addr:city":"Mumbai","addr:district":"maharashtra","addr:housenumber":"81","addr:postcode":"400008","addr:street":"pathe baourao marg","amenity":"place_of_worship","denomination":"sunni","name":"murga  giran","opening_hours":"24/7","religion":"muslim","service_times":"prayer","id":"node/12564732273"},"geometry":{"type":"Point","coordinates":[72.8212023,18.963711]}},{"type":"Feature","id":"node/12582378802","properties":{"addr:postcode":"400007","addr:street":"Frere Bridge Lower Level South","amenity":"restaurant","cuisine":"indian","name":"Shetty","opening_hours":"We-Mo 08:00-22:00","phone":"+912223876279;+912223816279;+912223826279;+919136966279","id":"node/12582378802"},"geometry":{"type":"Point","coordinates":[72.8137743,18.9618863]}},{"type":"Feature","id":"node/12603333590","properties":{"addr:city":"Mumbai","addr:district":"Mumbai","addr:housenumber":"36/2515 Abhyudayanagar Sagar Chs","addr:postcode":"400033","addr:street":"G D Ambedkar Marg (Parel Tank Road)","amenity":"hospital","email":"sattvapediatric@gmail.com","healthcare":"hospital","healthcare:speciality":"paediatrics;vaccination;neonatology;child_psychiatry","image":"https://lh3.googleusercontent.com/p/AF1QipNqWO4N20NhKCfqGCxIpUpdiu8KE_mlghX88Cle=s1360-w1360-h1020","level":"0","mobile":"+918655285545","name":"Sattva Pediatric - Dr. Rishabh K. Shah","operator":"Dr. Rishabh K. Shah","operator:type":"private","payment:cards":"yes","payment:cash":"yes","payment:credit_cards":"yes","payment:debit_cards":"yes","payment:upi":"yes","website":"https://www.google.com/search?gs_ssp=eJzj4tVP1zc0LE_LMTbILso1YLRSNagwTko1T04zNLO0MDAxNk0ytTKoMDExSzY3Tk42TkkyTDJMM_cSKE4sKSlLVChITclMLCnKTAYA7LAV0Q&q=sattva+pediatric&oq=sattva+pediat&gs_lcrp=EgZjaHJvbWUqDQgBEC4YrwEYxwEYgAQyCggAEAAY4wIYgAQyDQgBEC4YrwEYxwE","id":"node/12603333590"},"geometry":{"type":"Point","coordinates":[72.8414756,18.9899194]}},{"type":"Feature","id":"node/12651956144","properties":{"access":"yes","amenity":"toilets","check_date":"2026-03-20","male":"yes","id":"node/12651956144"},"geometry":{"type":"Point","coordinates":[72.8457701,19.0148789]}},{"type":"Feature","id":"node/12651956145","properties":{"access":"yes","amenity":"toilets","check_date":"2026-03-20","female":"yes","id":"node/12651956145"},"geometry":{"type":"Point","coordinates":[72.8457847,19.0149013]}},{"type":"Feature","id":"node/12679813301","properties":{"addr:housenumber":"109","addr:postcode":"400036","addr:street":"August Kranti Marg;August Kranti Marg (Gowalia Tank Road)","amenity":"restaurant","cuisine":"italian","name":"Gustoso","opening_hours":"Mo-Su 12:00-15:00, 19:00-23:30","phone":"0704500020","website":"http://gustoso.co.in","id":"node/12679813301"},"geometry":{"type":"Point","coordinates":[72.8079079,18.9640179]}},{"type":"Feature","id":"node/12695023189","properties":{"amenity":"doctors","healthcare":"doctor","healthcare:speciality":"general","name":"Dr Madhav and Abha Thombre","opening_hours":"Mo-Su 10:30-13:30,18:00-21:00","operator":"Madhav and Abha Thombre","id":"node/12695023189"},"geometry":{"type":"Point","coordinates":[72.8260317,19.0492017]}},{"type":"Feature","id":"node/12706731742","properties":{"name":"Janta Cleaners","name:en":"Janta Cleaners","name:mr":"जनता क्लिनर्स","shop":"dry_cleaning","id":"node/12706731742"},"geometry":{"type":"Point","coordinates":[72.826313,19.0496723]}},{"type":"Feature","id":"node/12706731743","properties":{"name":"Posh Pets","name:en":"Posh Pets","name:hi":"पॉश पेट्स","name:mr":"पॉश पेट्स","phone":"+91 98200 02660","ref:vatin":"27BCMPK2209L1ZE","shop":"pet","id":"node/12706731743"},"geometry":{"type":"Point","coordinates":[72.8265346,19.0499218]}},{"type":"Feature","id":"node/12709327836","properties":{"addr:city":"Mumbai","addr:postcode":"400036","addr:street":"Godrej Baug Road","amenity":"doctors","description":"74, Ground floor, E Block","healthcare":"doctor","healthcare:speciality":"ophthalmology","mobile":"+91-7977998962","name":"Naavya Eye Care","opening_hours":"Mo-Sa 10:30-20:00","operator":"Dr. Chandni Kotak","website":"https://naavyaeyecare.in/","id":"node/12709327836"},"geometry":{"type":"Point","coordinates":[72.8018484,18.9586757]}},{"type":"Feature","id":"node/12731973446","properties":{"amenity":"cafe","name":"The C Spot Cafe","name:en":"The C Spot Cafe","id":"node/12731973446"},"geometry":{"type":"Point","coordinates":[72.8296425,19.049462]}},{"type":"Feature","id":"node/12760272238","properties":{"amenity":"vending_machine","level":"0","vending":"public_transport_tickets","id":"node/12760272238"},"geometry":{"type":"Point","coordinates":[72.8427856,19.0191785]}},{"type":"Feature","id":"node/12760272240","properties":{"amenity":"vending_machine","level":"0","vending":"public_transport_tickets","id":"node/12760272240"},"geometry":{"type":"Point","coordinates":[72.8428702,19.0192351]}},{"type":"Feature","id":"node/12760272255","properties":{"amenity":"vending_machine","level":"0","vending":"public_transport_tickets","id":"node/12760272255"},"geometry":{"type":"Point","coordinates":[72.8431919,19.0198123]}},{"type":"Feature","id":"node/12760272263","properties":{"amenity":"vending_machine","level":"1","vending":"public_transport_tickets","id":"node/12760272263"},"geometry":{"type":"Point","coordinates":[72.8439108,19.0201012]}},{"type":"Feature","id":"node/12760272267","properties":{"amenity":"vending_machine","level":"0","vending":"public_transport_tickets","id":"node/12760272267"},"geometry":{"type":"Point","coordinates":[72.8428454,19.0192043]}},{"type":"Feature","id":"node/12760272268","properties":{"amenity":"vending_machine","level":"0","vending":"public_transport_tickets","id":"node/12760272268"},"geometry":{"type":"Point","coordinates":[72.8428199,19.0191887]}},{"type":"Feature","id":"node/12760272298","properties":{"level":"0","opening_hours":"Mo-Su 09:00-12:10, 12:35-17:00","ref":"4","shop":"ticket","id":"node/12760272298"},"geometry":{"type":"Point","coordinates":[72.842898,19.0192647]}},{"type":"Feature","id":"node/12760272305","properties":{"amenity":"vending_machine","level":"0","vending":"public_transport_tickets","id":"node/12760272305"},"geometry":{"type":"Point","coordinates":[72.8428338,19.0192124]}},{"type":"Feature","id":"node/12760272346","properties":{"level":"0","opening_hours":"Mo-Su 06:30-11:45, 12:10-14:00, 14:15-17:30, 17:40-18:45, 19:00-21:30","ref":"1","shop":"ticket","id":"node/12760272346"},"geometry":{"type":"Point","coordinates":[72.842864,19.0192834]}},{"type":"Feature","id":"node/12760272354","properties":{"amenity":"vending_machine","level":"0","vending":"public_transport_tickets","id":"node/12760272354"},"geometry":{"type":"Point","coordinates":[72.8427764,19.0191666]}},{"type":"Feature","id":"node/12760272393","properties":{"amenity":"drinking_water","bottle":"yes","level":"0","id":"node/12760272393"},"geometry":{"type":"Point","coordinates":[72.8430728,19.0195914]}},{"type":"Feature","id":"node/12760272397","properties":{"level":"0","opening_hours":"Mo-Su 06:45-11:20, 11:45-13:45, 14:00-17:20, 17:30-18:30, 18:45-21:15, 21:30-06:30","ref":"2","shop":"ticket","id":"node/12760272397"},"geometry":{"type":"Point","coordinates":[72.8428754,19.0192778]}},{"type":"Feature","id":"node/12760272403","properties":{"access":"yes","amenity":"toilets","fee":"yes","level":"0","male":"yes","id":"node/12760272403"},"geometry":{"type":"Point","coordinates":[72.8430976,19.0196621]}},{"type":"Feature","id":"node/12760272408","properties":{"amenity":"vending_machine","level":"0","vending":"public_transport_tickets","id":"node/12760272408"},"geometry":{"type":"Point","coordinates":[72.8432181,19.0198194]}},{"type":"Feature","id":"node/12760272425","properties":{"level":"0","opening_hours":"Mo-Su 06:15-10:55, 11:20-13:30, 13:45-17:10, 17:20-18:15, 18:30-21:30","ref":"3","shop":"ticket","id":"node/12760272425"},"geometry":{"type":"Point","coordinates":[72.8428865,19.0192709]}},{"type":"Feature","id":"node/12760272454","properties":{"amenity":"vending_machine","level":"1","vending":"public_transport_tickets","id":"node/12760272454"},"geometry":{"type":"Point","coordinates":[72.843926,19.0200946]}},{"type":"Feature","id":"node/12760272458","properties":{"access":"yes","amenity":"toilets","fee":"yes","female":"yes","level":"0","id":"node/12760272458"},"geometry":{"type":"Point","coordinates":[72.8431205,19.0196967]}},{"type":"Feature","id":"node/12760272465","properties":{"amenity":"vending_machine","level":"1","vending":"public_transport_tickets","id":"node/12760272465"},"geometry":{"type":"Point","coordinates":[72.8439408,19.0200842]}},{"type":"Feature","id":"node/12775789705","properties":{"amenity":"pharmacy","healthcare":"pharmacy","name":"Phondaghat Pharmacy","id":"node/12775789705"},"geometry":{"type":"Point","coordinates":[72.8458455,19.0319597]}},{"type":"Feature","id":"node/12775789706","properties":{"amenity":"theatre","name":"Yashvantrao Chavan Natya Mandir","name:en":"Yashvantrao Chavan Natya Mandir","name:mr":"यशवंतराव चव्हाण नाट्य मंदिर","toilets:access":"customers","toilets:wheelchair":"limited","id":"node/12775789706"},"geometry":{"type":"Point","coordinates":[72.8438445,19.0275892]}},{"type":"Feature","id":"node/12775789707","properties":{"amenity":"restaurant","bar":"yes","name":"Tandoor Bar and Restaurant","id":"node/12775789707"},"geometry":{"type":"Point","coordinates":[72.8440878,19.0284643]}},{"type":"Feature","id":"node/12781987462","properties":{"addr:city":"Mumbai","addr:country":"IN","addr:housename":"Cutch Castle","addr:housenumber":"521","addr:street":"Sardar Vallabhbhai Patel Marg (Sandhurst Road)","building":"apartments","check_date":"2026-03-20","name":"New Era Engineering","shop":"car_parts","id":"node/12781987462"},"geometry":{"type":"Point","coordinates":[72.8159741,18.9570381]}},{"type":"Feature","id":"node/12784926303","properties":{"amenity":"place_of_worship","name":"Kaali Maa Temple","name:en":"Kaali Maa Temple","name:mr":"काली आई देऊळ","religion":"hindu","id":"node/12784926303"},"geometry":{"type":"Point","coordinates":[72.8374057,19.0279056]}},{"type":"Feature","id":"node/12788008141","properties":{"bench":"yes","bus":"yes","highway":"bus_stop","name":"Mahim","name:en":"Mahim","name:hi":"माहीम","name:mr":"माहीम","operator":"BEST","public_transport":"platform","shelter":"yes","id":"node/12788008141"},"geometry":{"type":"Point","coordinates":[72.841137,19.0404874]}},{"type":"Feature","id":"node/12788008142","properties":{"amenity":"ice_cream","brand":"Baskin-Robbins","brand:wikidata":"Q584601","cuisine":"ice_cream","name":"Baskin-Robbins","id":"node/12788008142"},"geometry":{"type":"Point","coordinates":[72.8411541,19.0403489]}},{"type":"Feature","id":"node/12788008143","properties":{"amenity":"fast_food","brand":"Domino's","brand:wikidata":"Q839466","cuisine":"pizza","drive_through":"no","name":"Domino's","takeaway":"yes","id":"node/12788008143"},"geometry":{"type":"Point","coordinates":[72.8411779,19.0402458]}},{"type":"Feature","id":"node/12788008144","properties":{"bench":"yes","bus":"yes","highway":"bus_stop","name":"Mahim","name:en":"Mahim","name:hi":"माहीम","name:mr":"माहीम","operator":"BEST","public_transport":"platform","shelter":"yes","id":"node/12788008144"},"geometry":{"type":"Point","coordinates":[72.8412529,19.0402201]}},{"type":"Feature","id":"node/12788008145","properties":{"bench":"yes","bus":"yes","highway":"bus_stop","name":"Mahim","name:en":"Mahim","name:hi":"माहीम","name:mr":"माहीम","operator":"BEST","public_transport":"platform","shelter":"yes","id":"node/12788008145"},"geometry":{"type":"Point","coordinates":[72.8412937,19.0401041]}},{"type":"Feature","id":"node/12788008161","properties":{"name":"Victoria Dry Cleaners & Dyers","name:en":"Victoria Dry Cleaners & Dyers","shop":"dry_cleaning","id":"node/12788008161"},"geometry":{"type":"Point","coordinates":[72.8422526,19.0355301]}},{"type":"Feature","id":"node/12788008176","properties":{"name":"Arts","name:en":"Arts","shop":"furniture","id":"node/12788008176"},"geometry":{"type":"Point","coordinates":[72.8415985,19.0302831]}},{"type":"Feature","id":"node/12841326489","properties":{"amenity":"restaurant","name":"Nasir Restaurant","id":"node/12841326489"},"geometry":{"type":"Point","coordinates":[72.8394544,19.0401284]}},{"type":"Feature","id":"node/12843656848","properties":{"addr:city":"Mumbai","addr:district":"Mumbai","addr:housenumber":"210","addr:postcode":"400004","addr:street":"Raja Ram Mohan Roy Road (Charni Road)","amenity":"clinic","email":"shreechandraprabhmedical@gmail.com","healthcare":"clinic","healthcare:speciality":"general;ophthalmology;gynaecology;paediatrics;dentist;dermatology;psychiatry;otolaryngology;radiology;physiotherapy;urology;blood_check;child_psychiatry;pathology","name":"Shree Chandraprabh Jain Medical Centre","opening_hours":"Mo-Sa 09:00-20:00","phone":"+91-9324292935, +91-22-23804129","id":"node/12843656848"},"geometry":{"type":"Point","coordinates":[72.81902,18.9563946]}},{"type":"Feature","id":"node/12843656849","properties":{"addr:city":"Mumbai","addr:postcode":"400002","amenity":"place_of_worship","denomination":"jain","name":"Shri Godiji Parshwanath Jinalay","religion":"hindu","id":"node/12843656849"},"geometry":{"type":"Point","coordinates":[72.8312085,18.9537884]}},{"type":"Feature","id":"node/12843656851","properties":{"addr:city":"Mumbai","addr:postcode":"400002","amenity":"restaurant","cuisine":"indian","diet:vegetarian":"yes","email":"bbhagattarachand@yahoo.co.in","name":"B Bhagat Tarachand - Pydhonie","opening_hours":"Mo-Su 11:00-23:30","phone":"+91-22-23416655, +91-22-23416600, +91-8291103994","website":"https://bhagattarachand.com/","id":"node/12843656851"},"geometry":{"type":"Point","coordinates":[72.8315292,18.953586]}},{"type":"Feature","id":"node/12843895206","properties":{"name":"Marble Point","name:en":"Marble Point","phone":"+91 98695 40211;+91 97028 8199","shop":"trade","trade":"yes","id":"node/12843895206"},"geometry":{"type":"Point","coordinates":[72.8415505,19.0297976]}},{"type":"Feature","id":"node/12855459845","properties":{"name":"Dadar","name:hi":"दादर","name:mr":"दादर","network":"Mumbai Metro","official_name":"SBI - Dadar Metro","operator":"Mumbai Metro Rail Corporation Ltd","public_transport":"station","railway":"station","station":"subway","subway":"yes","id":"node/12855459845"},"geometry":{"type":"Point","coordinates":[72.8392214,19.0236238]}},{"type":"Feature","id":"node/12855459846","properties":{"name":"Shitala Devi Mandir","name:hi":"शीतला देवी मंदिर","name:mr":"शितला देवी मंदिर","network":"Mumbai Metro","operator":"Mumbai Metro Rail Corporation Ltd","public_transport":"station","railway":"station","station":"subway","subway":"yes","wikidata":"Q134454499","id":"node/12855459846"},"geometry":{"type":"Point","coordinates":[72.8419646,19.0384641]}},{"type":"Feature","id":"node/12855459847","properties":{"name":"Dharavi","name:en":"Dharavi","name:hi":"धारावी","name:mr":"धारावी","network":"Mumbai Metro","operator":"Mumbai Metro Rail Corporation Ltd","public_transport":"station","railway":"station","station":"subway","subway":"yes","wikidata":"Q134454499","id":"node/12855459847"},"geometry":{"type":"Point","coordinates":[72.849741,19.0462612]}},{"type":"Feature","id":"node/12857565154","properties":{"name":"Acharya Atre Chowk","name:en":"Acharya Atre Chowk","name:hi":"आचार्य अत्रे चौक","name:mr":"आचार्य अत्रे चौक","network":"Mumbai Metro","operator":"Mumbai Metro Rail Corporation Ltd","public_transport":"station","railway":"station","station":"subway","subway":"yes","id":"node/12857565154"},"geometry":{"type":"Point","coordinates":[72.8177201,18.9978202]}},{"type":"Feature","id":"node/12857565155","properties":{"name":"Worli","name:en":"Worli","name:hi":"वर्ली","name:mr":"वरळी","network":"Mumbai Metro","operator":"Mumbai Metro Rail Corporation Ltd","public_transport":"station","railway":"station","ref":"WOR","station":"subway","subway":"yes","id":"node/12857565155"},"geometry":{"type":"Point","coordinates":[72.8192741,19.0086057]}},{"type":"Feature","id":"node/12857565156","properties":{"name":"Siddhivinayak Temple","name:hi":"सिद्धिविनायक मंदिर","name:mr":"सिद्धिविनायक मंदिर","network":"Mumbai Metro","operator":"Mumbai Metro Rail Corporation Ltd","public_transport":"station","railway":"station","station":"subway","subway":"yes","id":"node/12857565156"},"geometry":{"type":"Point","coordinates":[72.8309199,19.0158935]}},{"type":"Feature","id":"node/12895963344","properties":{"amenity":"dentist","name":"Dr. Shrushrut  Prabhudesai Dental Clinic","id":"node/12895963344"},"geometry":{"type":"Point","coordinates":[72.8379678,19.0237561]}},{"type":"Feature","id":"node/12895989272","properties":{"amenity":"place_of_worship","name":"Udyan Ganesh Temple","name:en":"Udyan Ganesh Temple","name:mr":"उद्यान गणेश मंदिर","religion":"hindu","id":"node/12895989272"},"geometry":{"type":"Point","coordinates":[72.8373864,19.0278663]}},{"type":"Feature","id":"node/12895990299","properties":{"amenity":"restaurant","name":"Oven Fresh","opening_hours":"10:00-00:00","id":"node/12895990299"},"geometry":{"type":"Point","coordinates":[72.8381351,19.0238403]}},{"type":"Feature","id":"node/12902702201","properties":{"amenity":"atm","opening_hours":"24/7","operator":"Bank of India","id":"node/12902702201"},"geometry":{"type":"Point","coordinates":[72.8486952,18.9936533]}},{"type":"Feature","id":"node/12917242605","properties":{"name":"A4","railway":"subway_entrance","id":"node/12917242605"},"geometry":{"type":"Point","coordinates":[72.8188449,18.9960794]}},{"type":"Feature","id":"node/12925308255","properties":{"name":"Vimal Jyoti","shop":"books","wheelchair":"no","id":"node/12925308255"},"geometry":{"type":"Point","coordinates":[72.8239925,18.9570438]}},{"type":"Feature","id":"node/12926508537","properties":{"addr:street":"St John Baptist Road","beauty":"nails","name":"Melody's Nail Studio","name:en":"Melody's Nail Studio","name:mr":"मेलोडी'स नेल स्टुडिओ","shop":"beauty","id":"node/12926508537"},"geometry":{"type":"Point","coordinates":[72.8259256,19.0486647]}},{"type":"Feature","id":"node/12926508538","properties":{"contact:instagram":"primordiall_waters","leisure":"wellness","name":"Primordiall Waters","name:en":"Primordiall Waters","name:mr":"प्रीमोर्डिअल वॉटर्स","id":"node/12926508538"},"geometry":{"type":"Point","coordinates":[72.8259357,19.0486934]}},{"type":"Feature","id":"node/12926508539","properties":{"name":"G. Valchand & Sons Jewellers","name:en":"G. Valchand & Sons Jewellers","shop":"jewelry","id":"node/12926508539"},"geometry":{"type":"Point","coordinates":[72.8259462,19.0487223]}},{"type":"Feature","id":"node/12926508540","properties":{"amenity":"atm","brand":"Bank of India","brand:wikidata":"Q2004439","name":"Bank of India","name:en":"Bank of India","operator":"Bank of India","operator:wikidata":"Q2004439","id":"node/12926508540"},"geometry":{"type":"Point","coordinates":[72.8260615,19.0481661]}},{"type":"Feature","id":"node/12926508541","properties":{"name":"Step-In Circulating Library & Book House","name:en":"Step-In Circulating Library & Book House","name:mr":"स्टेप-इन सरक्युलेटिंग लायब्ररी आणी बुक हाऊस","phone":"+91 98191 91698;+91 98692 47927","shop":"books","id":"node/12926508541"},"geometry":{"type":"Point","coordinates":[72.8257734,19.0477644]}},{"type":"Feature","id":"node/12926508542","properties":{"name":"Carol Salon and Academy","name:en":"Carol Salon and Academy","shop":"hairdresser","id":"node/12926508542"},"geometry":{"type":"Point","coordinates":[72.8254077,19.0470945]}},{"type":"Feature","id":"node/12926508555","properties":{"amenity":"fast_food","cuisine":"kebab","drive_through":"no","name":"The Shawarma and Momo Factory","name:en":"The Shawarma and Momo Factory","name:mr":"द शवरमा आणि मोमो फॅक्टरी","phone":"+91 93211 58685;+91 98338 85522","id":"node/12926508555"},"geometry":{"type":"Point","coordinates":[72.8250462,19.0473801]}},{"type":"Feature","id":"node/12926508556","properties":{"amenity":"restaurant","cuisine":"nepalese","name":"Mountain Goat","name:en":"Mountain Goat","name:mr":"माउंटेन गोट","opening_hours":"Mo-Su 13:00-01:00","id":"node/12926508556"},"geometry":{"type":"Point","coordinates":[72.8250525,19.047414]}},{"type":"Feature","id":"node/12926508557","properties":{"amenity":"pharmacy","healthcare":"pharmacy","name":"Shree Maruti Medical & General Store","name:en":"Shree Maruti Medical & General Store","name:mr":"श्री मारुती मेडिकल आणि जनरल स्टोअर","phone":"+91 98197 11538","id":"node/12926508557"},"geometry":{"type":"Point","coordinates":[72.8250678,19.0474509]}},{"type":"Feature","id":"node/12926508558","properties":{"name":"Mount Mary Traders","name:en":"Mount Mary Traders","name:mr":"माउन्ट मेरी ट्रेडर्स","shop":"general","id":"node/12926508558"},"geometry":{"type":"Point","coordinates":[72.8250805,19.0474828]}},{"type":"Feature","id":"node/12927277233","properties":{"amenity":"dentist","healthcare":"dentist","name":"Glow Dent","name:en":"Glow Dent","name:mr":"ग्लो डेन्ट","opening_hours":"Mo-Su 10:00-20:00","phone":"+91 98200 88784","id":"node/12927277233"},"geometry":{"type":"Point","coordinates":[72.8252971,19.0471914]}},{"type":"Feature","id":"node/12927277234","properties":{"amenity":"restaurant","contact:instagram":"theblackshepherdbom","cuisine":"british","name":"The Black Shepherd","name:en":"The Black Shepherd","opening_hours":"Mo 11:30-15:30,19:30-23:30; We-Su 11:30-15:30,19:30-23:30","id":"node/12927277234"},"geometry":{"type":"Point","coordinates":[72.8251225,19.0477206]}},{"type":"Feature","id":"node/12927277235","properties":{"amenity":"pharmacy","healthcare":"pharmacy","name":"National Chemist","name:en":"National Chemist","name:mr":"नॅशनल केमिस्ट","id":"node/12927277235"},"geometry":{"type":"Point","coordinates":[72.8251204,19.0478896]}},{"type":"Feature","id":"node/12960706001","properties":{"addr:city":"Mumbai","addr:district":"Mumbai","addr:housenumber":"463","addr:postcode":"400004","addr:street":"Dr Dadasaheb Bhadkamkar Marg","amenity":"restaurant","cuisine":"indian;juice;fast_food;pizza;pasta;sandwich;asian;ice_cream;dessert","diet:vegetarian":"yes","name":"Juice Time","opening_hours":"Mo-Su 13:00-02:00","phone":"+91-7045111122","id":"node/12960706001"},"geometry":{"type":"Point","coordinates":[72.8162091,18.9559591]}},{"type":"Feature","id":"node/12960706002","properties":{"addr:city":"Mumbai","addr:district":"Mumbai","addr:postcode":"400004","addr:street":"Mama Paramanand Marg","amenity":"restaurant","cuisine":"salad;soup;juice;pizza;burger;breakfast;dessert;coffee_shop;tea;european;mediterranean;asian;indian;thai;lebanese","diet:gluten_free":"yes","diet:healthy":"yes","diet:vegan":"yes","diet:vegetarian":"yes","name":"Sante Spa Cuisine","opening_hours":"Mo-Su 12:00-00:00","phone":"+91-9011223344,+91-8767862222, +91-9820297879","id":"node/12960706002"},"geometry":{"type":"Point","coordinates":[72.8155788,18.9563929]}},{"type":"Feature","id":"node/12974666372","properties":{"amenity":"bench","armrest":"no","backrest":"yes","material":"stone","id":"node/12974666372"},"geometry":{"type":"Point","coordinates":[72.8196964,19.0469426]}},{"type":"Feature","id":"node/12974666373","properties":{"amenity":"bench","armrest":"no","backrest":"yes","material":"stone","id":"node/12974666373"},"geometry":{"type":"Point","coordinates":[72.8197091,19.0470257]}},{"type":"Feature","id":"node/12974666374","properties":{"amenity":"bench","armrest":"no","backrest":"yes","material":"stone","id":"node/12974666374"},"geometry":{"type":"Point","coordinates":[72.8197414,19.0471638]}},{"type":"Feature","id":"node/12974666375","properties":{"amenity":"bench","armrest":"no","backrest":"yes","material":"stone","id":"node/12974666375"},"geometry":{"type":"Point","coordinates":[72.8197597,19.0472127]}},{"type":"Feature","id":"node/12974666376","properties":{"amenity":"bench","armrest":"yes","backrest":"yes","material":"wood","id":"node/12974666376"},"geometry":{"type":"Point","coordinates":[72.819779,19.0472655]}},{"type":"Feature","id":"node/12974666377","properties":{"amenity":"bench","armrest":"no","backrest":"yes","material":"stone","id":"node/12974666377"},"geometry":{"type":"Point","coordinates":[72.8197962,19.0473192]}},{"type":"Feature","id":"node/12974666378","properties":{"amenity":"bench","armrest":"no","backrest":"yes","material":"stone","id":"node/12974666378"},"geometry":{"type":"Point","coordinates":[72.8198135,19.0473653]}},{"type":"Feature","id":"node/12974666379","properties":{"amenity":"bench","armrest":"no","backrest":"yes","material":"stone","id":"node/12974666379"},"geometry":{"type":"Point","coordinates":[72.8198898,19.0475709]}},{"type":"Feature","id":"node/12974666380","properties":{"amenity":"bench","armrest":"no","backrest":"yes","material":"stone","id":"node/12974666380"},"geometry":{"type":"Point","coordinates":[72.8199024,19.047599]}},{"type":"Feature","id":"node/12974666381","properties":{"amenity":"bench","armrest":"no","backrest":"yes","material":"stone","id":"node/12974666381"},"geometry":{"type":"Point","coordinates":[72.8199163,19.0476428]}},{"type":"Feature","id":"node/12974666382","properties":{"amenity":"bench","armrest":"no","backrest":"yes","material":"stone","id":"node/12974666382"},"geometry":{"type":"Point","coordinates":[72.8199263,19.0476797]}},{"type":"Feature","id":"node/12974666383","properties":{"amenity":"bench","armrest":"no","backrest":"yes","material":"stone","id":"node/12974666383"},"geometry":{"type":"Point","coordinates":[72.8199403,19.0477134]}},{"type":"Feature","id":"node/12974666384","properties":{"amenity":"bench","armrest":"no","backrest":"yes","material":"stone","id":"node/12974666384"},"geometry":{"type":"Point","coordinates":[72.8199537,19.0477419]}},{"type":"Feature","id":"node/12974666385","properties":{"amenity":"bench","armrest":"no","backrest":"yes","material":"stone","id":"node/12974666385"},"geometry":{"type":"Point","coordinates":[72.8199687,19.0477746]}},{"type":"Feature","id":"node/12974666386","properties":{"amenity":"bench","armrest":"no","backrest":"yes","material":"stone","id":"node/12974666386"},"geometry":{"type":"Point","coordinates":[72.8199832,19.0478088]}},{"type":"Feature","id":"node/12974666387","properties":{"amenity":"bench","armrest":"yes","backrest":"yes","material":"wood","id":"node/12974666387"},"geometry":{"type":"Point","coordinates":[72.8201646,19.0482013]}},{"type":"Feature","id":"node/12974666388","properties":{"amenity":"bench","armrest":"yes","backrest":"yes","material":"wood","id":"node/12974666388"},"geometry":{"type":"Point","coordinates":[72.8201808,19.048234]}},{"type":"Feature","id":"node/12974666389","properties":{"amenity":"bench","armrest":"yes","backrest":"yes","material":"wood","id":"node/12974666389"},"geometry":{"type":"Point","coordinates":[72.8201947,19.0482662]}},{"type":"Feature","id":"node/12974666390","properties":{"amenity":"bench","armrest":"yes","backrest":"yes","material":"wood","id":"node/12974666390"},"geometry":{"type":"Point","coordinates":[72.8202064,19.0482957]}},{"type":"Feature","id":"node/12974666392","properties":{"amenity":"bench","armrest":"yes","backrest":"yes","material":"wood","id":"node/12974666392"},"geometry":{"type":"Point","coordinates":[72.8202285,19.0483426]}},{"type":"Feature","id":"node/12974666393","properties":{"amenity":"bench","armrest":"yes","backrest":"yes","material":"wood","id":"node/12974666393"},"geometry":{"type":"Point","coordinates":[72.8202402,19.0483702]}},{"type":"Feature","id":"node/12974666394","properties":{"amenity":"bench","armrest":"yes","backrest":"yes","material":"wood","id":"node/12974666394"},"geometry":{"type":"Point","coordinates":[72.82025,19.0483895]}},{"type":"Feature","id":"node/12974666395","properties":{"amenity":"bench","armrest":"yes","backrest":"yes","material":"wood","id":"node/12974666395"},"geometry":{"type":"Point","coordinates":[72.8202577,19.0484063]}},{"type":"Feature","id":"node/12974666396","properties":{"amenity":"bench","armrest":"yes","backrest":"yes","material":"wood","id":"node/12974666396"},"geometry":{"type":"Point","coordinates":[72.8202632,19.0484234]}},{"type":"Feature","id":"node/12974666397","properties":{"amenity":"bench","armrest":"yes","backrest":"yes","material":"wood","id":"node/12974666397"},"geometry":{"type":"Point","coordinates":[72.8202689,19.0484376]}},{"type":"Feature","id":"node/12974666398","properties":{"amenity":"bench","armrest":"yes","backrest":"yes","material":"wood","id":"node/12974666398"},"geometry":{"type":"Point","coordinates":[72.820275,19.0484509]}},{"type":"Feature","id":"node/12974666399","properties":{"amenity":"bench","armrest":"yes","backrest":"yes","material":"wood","id":"node/12974666399"},"geometry":{"type":"Point","coordinates":[72.8202832,19.0484681]}},{"type":"Feature","id":"node/12974666400","properties":{"amenity":"bench","armrest":"yes","backrest":"yes","material":"wood","id":"node/12974666400"},"geometry":{"type":"Point","coordinates":[72.8202909,19.0484855]}},{"type":"Feature","id":"node/12974675201","properties":{"amenity":"bench","armrest":"no","backrest":"yes","material":"stone","id":"node/12974675201"},"geometry":{"type":"Point","coordinates":[72.8203015,19.0485102]}},{"type":"Feature","id":"node/12974675202","properties":{"amenity":"bench","armrest":"yes","backrest":"yes","material":"wood","id":"node/12974675202"},"geometry":{"type":"Point","coordinates":[72.8203147,19.0485356]}},{"type":"Feature","id":"node/12974675203","properties":{"amenity":"bench","armrest":"no","backrest":"yes","material":"stone","id":"node/12974675203"},"geometry":{"type":"Point","coordinates":[72.8203372,19.048585]}},{"type":"Feature","id":"node/12974675204","properties":{"amenity":"bench","armrest":"no","backrest":"yes","material":"stone","id":"node/12974675204"},"geometry":{"type":"Point","coordinates":[72.8203511,19.0486149]}},{"type":"Feature","id":"node/12974675205","properties":{"amenity":"bench","armrest":"no","backrest":"yes","material":"stone","id":"node/12974675205"},"geometry":{"type":"Point","coordinates":[72.8203744,19.0486703]}},{"type":"Feature","id":"node/12974675206","properties":{"amenity":"bench","armrest":"no","backrest":"yes","material":"stone","id":"node/12974675206"},"geometry":{"type":"Point","coordinates":[72.8203605,19.0486403]}},{"type":"Feature","id":"node/12974675207","properties":{"amenity":"bench","armrest":"no","backrest":"yes","material":"stone","id":"node/12974675207"},"geometry":{"type":"Point","coordinates":[72.8203866,19.0486984]}},{"type":"Feature","id":"node/12974675208","properties":{"amenity":"bench","armrest":"no","backrest":"yes","material":"stone","id":"node/12974675208"},"geometry":{"type":"Point","coordinates":[72.8204068,19.0487334]}},{"type":"Feature","id":"node/12974675209","properties":{"amenity":"bench","armrest":"yes","backrest":"yes","material":"wood","id":"node/12974675209"},"geometry":{"type":"Point","coordinates":[72.8204515,19.0488178]}},{"type":"Feature","id":"node/12974675210","properties":{"amenity":"bench","armrest":"no","backrest":"yes","material":"stone","id":"node/12974675210"},"geometry":{"type":"Point","coordinates":[72.8204649,19.0488391]}},{"type":"Feature","id":"node/12974675211","properties":{"amenity":"bench","armrest":"no","backrest":"yes","material":"stone","id":"node/12974675211"},"geometry":{"type":"Point","coordinates":[72.8204779,19.0488636]}},{"type":"Feature","id":"node/12974675212","properties":{"information":"terminal","tourism":"information","id":"node/12974675212"},"geometry":{"type":"Point","coordinates":[72.8207735,19.0493539]}},{"type":"Feature","id":"node/12974675213","properties":{"amenity":"bench","armrest":"no","backrest":"yes","material":"stone","id":"node/12974675213"},"geometry":{"type":"Point","coordinates":[72.8208043,19.0494114]}},{"type":"Feature","id":"node/12974675216","properties":{"amenity":"bench","armrest":"yes","backrest":"yes","material":"wood","id":"node/12974675216"},"geometry":{"type":"Point","coordinates":[72.8208463,19.0495568]}},{"type":"Feature","id":"node/12974675217","properties":{"amenity":"bench","armrest":"yes","backrest":"yes","material":"wood","id":"node/12974675217"},"geometry":{"type":"Point","coordinates":[72.8208658,19.049583]}},{"type":"Feature","id":"node/12974675218","properties":{"amenity":"bench","armrest":"yes","backrest":"yes","material":"wood","id":"node/12974675218"},"geometry":{"type":"Point","coordinates":[72.8208802,19.049612]}},{"type":"Feature","id":"node/12974675220","properties":{"amenity":"bench","armrest":"yes","backrest":"yes","material":"wood","id":"node/12974675220"},"geometry":{"type":"Point","coordinates":[72.8208976,19.0496356]}},{"type":"Feature","id":"node/12974675221","properties":{"amenity":"bench","armrest":"yes","backrest":"yes","material":"wood","id":"node/12974675221"},"geometry":{"type":"Point","coordinates":[72.8209184,19.0496662]}},{"type":"Feature","id":"node/12974675222","properties":{"amenity":"bench","armrest":"yes","backrest":"yes","material":"wood","id":"node/12974675222"},"geometry":{"type":"Point","coordinates":[72.820932,19.0496874]}},{"type":"Feature","id":"node/12974675223","properties":{"amenity":"bench","armrest":"yes","backrest":"yes","material":"wood","id":"node/12974675223"},"geometry":{"type":"Point","coordinates":[72.8209448,19.0497154]}},{"type":"Feature","id":"node/12974675224","properties":{"amenity":"bench","armrest":"yes","backrest":"yes","material":"wood","id":"node/12974675224"},"geometry":{"type":"Point","coordinates":[72.8209793,19.0497633]}},{"type":"Feature","id":"node/12974675225","properties":{"amenity":"bench","armrest":"yes","backrest":"yes","material":"wood","id":"node/12974675225"},"geometry":{"type":"Point","coordinates":[72.8209922,19.0497849]}},{"type":"Feature","id":"node/12974675226","properties":{"amenity":"bench","armrest":"yes","backrest":"yes","material":"wood","id":"node/12974675226"},"geometry":{"type":"Point","coordinates":[72.8210056,19.0498078]}},{"type":"Feature","id":"node/12974675227","properties":{"amenity":"bench","armrest":"yes","backrest":"yes","material":"wood","id":"node/12974675227"},"geometry":{"type":"Point","coordinates":[72.8210297,19.049841]}},{"type":"Feature","id":"node/12974675228","properties":{"amenity":"bench","armrest":"yes","backrest":"yes","material":"wood","id":"node/12974675228"},"geometry":{"type":"Point","coordinates":[72.8210426,19.0498625]}},{"type":"Feature","id":"node/12974675229","properties":{"amenity":"bench","armrest":"yes","backrest":"yes","material":"wood","id":"node/12974675229"},"geometry":{"type":"Point","coordinates":[72.821056,19.0498855]}},{"type":"Feature","id":"node/12978551518","properties":{"addr:city":"Mumbai","addr:postcode":"400050","addr:street":"Byramji Jeejeebhoy Road","amenity":"cafe","name":"The Bandstand Pantry","name:en":"The Bandstand Pantry","name:mr":"द बँडस्टॅण्ड पैन्ट्री","id":"node/12978551518"},"geometry":{"type":"Point","coordinates":[72.8200469,19.0474694]}},{"type":"Feature","id":"node/12978551520","properties":{"name":"Granthali's Pratibhangan","name:en":"Granthali's Pratibhangan","name:mr":"ग्रंथाली प्रतिभान्गण","shop":"books","website":"https://granthali.com/","id":"node/12978551520"},"geometry":{"type":"Point","coordinates":[72.8200469,19.0461201]}},{"type":"Feature","id":"node/12996344222","properties":{"name":"Bike Gallery","name:en":"Bike Gallery","name:mr":"बाईक गॅलरी","not:brand:wikidata":"Q1067617","shop":"bicycle","id":"node/12996344222"},"geometry":{"type":"Point","coordinates":[72.8265157,19.049874]}},{"type":"Feature","id":"node/12996344223","properties":{"name":"Mount Mary Society Stores","name:en":"Mount Mary Society Stores","name:mr":"माऊंट मेरी सोसायटी स्टोर्स","phone":"+91 91671 16677;+91 93241 16677","shop":"convenience","id":"node/12996344223"},"geometry":{"type":"Point","coordinates":[72.8264235,19.0496037]}},{"type":"Feature","id":"node/12998926092","properties":{"addr:city":"Mumbai","addr:postcode":"400003","addr:street":"Raudat Tahera Steet","amenity":"marketplace","name":"al saadha","id":"node/12998926092"},"geometry":{"type":"Point","coordinates":[72.8306376,18.959709]}},{"type":"Feature","id":"node/13006129914","properties":{"addr:city":"Mumbai","addr:postcode":"400008","addr:street":"Sir Jamshetji Jeejeebhoy Road","name":"Motiwala and Sons","shop":"jewelry","id":"node/13006129914"},"geometry":{"type":"Point","coordinates":[72.8329287,18.9672787]}},{"type":"Feature","id":"node/13006129919","properties":{"addr:city":"Mumbai","addr:postcode":"400008","addr:street":"Sir Jamshetji Jeejeebhoy Road","amenity":"bank","atm":"yes","brand":"Canara Bank","brand:en":"Canara Bank","brand:hi":"केनरा बैंक","brand:kn":"ಕೆನರಾ ಬ್ಯಾಂಕ್","brand:pa":"ਕੇਨਰਾ ਬੈਂਕ","brand:pnb":"کینرا بینک","brand:ur":"کینرا بینک","brand:wikidata":"Q2003777","name":"Canara Bank","name:en":"Canara Bank","name:hi":"केनरा बैंक","name:kn":"ಕೆನರಾ ಬ್ಯಾಂಕ್","name:pa":"ਕੇਨਰਾ ਬੈਂਕ","name:pnb":"کینرا بینک","name:ur":"کینرا بینک","id":"node/13006129919"},"geometry":{"type":"Point","coordinates":[72.8328979,18.9669717]}},{"type":"Feature","id":"node/13009290117","properties":{"amenity":"bench","armrest":"yes","backrest":"yes","id":"node/13009290117"},"geometry":{"type":"Point","coordinates":[72.8227029,19.049794]}},{"type":"Feature","id":"node/13009290118","properties":{"amenity":"bench","armrest":"yes","backrest":"yes","id":"node/13009290118"},"geometry":{"type":"Point","coordinates":[72.8227017,19.0497595]}},{"type":"Feature","id":"node/13009290125","properties":{"amenity":"bench","armrest":"yes","backrest":"yes","id":"node/13009290125"},"geometry":{"type":"Point","coordinates":[72.8226807,19.0498698]}},{"type":"Feature","id":"node/13009290126","properties":{"amenity":"bench","armrest":"yes","backrest":"yes","id":"node/13009290126"},"geometry":{"type":"Point","coordinates":[72.8225822,19.0498765]}},{"type":"Feature","id":"node/13009290127","properties":{"amenity":"bench","armrest":"yes","backrest":"yes","id":"node/13009290127"},"geometry":{"type":"Point","coordinates":[72.8225665,19.0498564]}},{"type":"Feature","id":"node/13009290128","properties":{"amenity":"bench","armrest":"yes","backrest":"yes","id":"node/13009290128"},"geometry":{"type":"Point","coordinates":[72.8225614,19.0498367]}},{"type":"Feature","id":"node/13009290130","properties":{"amenity":"bench","armrest":"yes","backrest":"yes","id":"node/13009290130"},"geometry":{"type":"Point","coordinates":[72.8225809,19.04991]}},{"type":"Feature","id":"node/13009290132","properties":{"amenity":"shelter","bench":"yes","lockable":"no","shelter_type":"gazebo","id":"node/13009290132"},"geometry":{"type":"Point","coordinates":[72.8225488,19.04973]}},{"type":"Feature","id":"node/13009290137","properties":{"access":"yes","amenity":"bicycle_parking","bicycle_parking":"stands","capacity":"4","covered":"no","fee":"no","id":"node/13009290137"},"geometry":{"type":"Point","coordinates":[72.8227209,19.0489437]}},{"type":"Feature","id":"node/13009290163","properties":{"access":"yes","amenity":"bicycle_parking","bicycle_parking":"stands","capacity":"4","covered":"no","fee":"no","id":"node/13009290163"},"geometry":{"type":"Point","coordinates":[72.8221003,19.0467004]}},{"type":"Feature","id":"node/13011946557","properties":{"amenity":"cafe","name":"Grounded","name:en":"Grounded","id":"node/13011946557"},"geometry":{"type":"Point","coordinates":[72.8207917,19.0477593]}},{"type":"Feature","id":"node/13011946600","properties":{"amenity":"fast_food","cuisine":"juice","name":"Camp Juice Centre","name:en":"Camp Juice Centre","name:mr":"कॅम्प ज्युस सेन्टर","id":"node/13011946600"},"geometry":{"type":"Point","coordinates":[72.8211203,19.0495613]}},{"type":"Feature","id":"node/13013445403","properties":{"addr:housenumber":"8","addr:postcode":"400028","addr:street":"N C Kelkar Marg","amenity":"restaurant","cuisine":"indian","name":"Trupti","opening_hours":"Th-Tu 09:00-22:00","id":"node/13013445403"},"geometry":{"type":"Point","coordinates":[72.8422497,19.0218791]}},{"type":"Feature","id":"node/13019062439","properties":{"amenity":"fast_food","cuisine":"indian","diet:vegetarian":"yes","name":"D Damodar","id":"node/13019062439"},"geometry":{"type":"Point","coordinates":[72.8472451,19.0179454]}},{"type":"Feature","id":"node/13019954101","properties":{"addr:housenumber":"7/9","addr:postcode":"400034","addr:street":"Dr E Moses Marg","amenity":"veterinary","check_date":"2026-03-20","name":"PetZone Mahalaxmi Veterinary Clinic","id":"node/13019954101"},"geometry":{"type":"Point","coordinates":[72.8245914,18.9844895]}},{"type":"Feature","id":"node/13020281093","properties":{"amenity":"pharmacy","check_date":"2026-03-20","healthcare":"pharmacy","name":"Zeno Health Pharmacy","id":"node/13020281093"},"geometry":{"type":"Point","coordinates":[72.8438895,19.0159298]}},{"type":"Feature","id":"node/13039483934","properties":{"amenity":"fuel","brand":"Hindustan Petroleum","brand:wikidata":"Q1619375","compressed_air":"no","fuel:diesel":"yes","fuel:gasoline":"yes","name":"Hindustan Petroleum Corporation Limited","name:en":"Hindustan Petroleum Corporation Limited","name:mr":"एचपी इंधन स्टेशन","official_name":"Hindustan Petroleum","opening_hours":"Mo-Su 08:00-17:00","self_service":"no","id":"node/13039483934"},"geometry":{"type":"Point","coordinates":[72.8154022,19.001647]}},{"type":"Feature","id":"node/13040591057","properties":{"addr:city":"Mumbai","addr:district":"Dadar West","addr:floor":"48","addr:postcode":"400028","addr:street":"Kohinoor Square","amenity":"restaurant","bar":"yes","cuisine":"seafood;fine_dining","level":"48","name":"Bastian At The Top","opening_hours":"Tu-Su 12:00-01:00","phone":"02250333555","reservation":"recommended","website":"https://www.bastianhospitality.com/bastianattop","id":"node/13040591057"},"geometry":{"type":"Point","coordinates":[72.8415353,19.0249945]}},{"type":"Feature","id":"node/13049917935","properties":{"amenity":"restaurant","check_date":"2026-03-20","cuisine":"burmese","diet:vegan":"yes","diet:vegetarian":"yes","name":"Burma Burma","id":"node/13049917935"},"geometry":{"type":"Point","coordinates":[72.8239393,18.9951845]}},{"type":"Feature","id":"node/13049917936","properties":{"addr:city":"Mumbai","addr:district":"Mumbai","addr:housenumber":"462","addr:postcode":"400013","addr:street":"Senapati Bapat Marg","amenity":"restaurant","check_date":"2026-03-20","cuisine":"burmese","diet:vegan":"yes","diet:vegetarian":"yes","name":"Burma Burma Palladium","opening_hours":"Mo-Su 10:00-22:00","phone":"9920246500","website":"https://burmaburma.in/","id":"node/13049917936"},"geometry":{"type":"Point","coordinates":[72.8239728,18.9949605]}},{"type":"Feature","id":"node/13058524378","properties":{"female":"yes","male":"no","name":"Silly Salon & Spa","name:en":"Silly Salon & Spa","shop":"hairdresser","id":"node/13058524378"},"geometry":{"type":"Point","coordinates":[72.8248847,19.0493976]}},{"type":"Feature","id":"node/13058524379","properties":{"amenity":"dentist","healthcare":"dentist","name":"Crown Dental Clinic","name:en":"Crown Dental Clinic","name:mr":"क्राउन डेंटल क्लिनिक","opening_hours":"Mo-Sa 10:00-20:00; Su \"by appointment\"","phone":"+91 98928 93821","id":"node/13058524379"},"geometry":{"type":"Point","coordinates":[72.8253862,19.0498445]}},{"type":"Feature","id":"node/13078348801","properties":{"addr:postcode":"400028","addr:street":"Ranade Road","amenity":"doctors","email":"drakashoncologist@gmail.com","name":"Dr. Akash Dhuru - Cancer Specialist Surgeon","opening_hours":"Mo-Sa 18:00-20:00","phone":"9930000553","website":"http://www.drakash.in","id":"node/13078348801"},"geometry":{"type":"Point","coordinates":[72.8380121,19.0232918]}},{"type":"Feature","id":"node/13078399302","properties":{"addr:postcode":"400016","addr:street":"SL Raheja Hospital Marg","amenity":"doctors","email":"drakashoncologist@gmail.com","name":"Dr. Akash Dhuru - Cancer Specialist Surgeon","opening_hours":"Mo-Sa 16:00-18:00","phone":"9930000553","website":"http://www.drakash.in","id":"node/13078399302"},"geometry":{"type":"Point","coordinates":[72.8427164,19.0462385]}},{"type":"Feature","id":"node/13078403502","properties":{"addr:postcode":"400028","addr:street":"D L Vaidya Marg","amenity":"doctors","email":"drakashoncologist@gmail.com","name":"Dr. Akash Dhuru - Cancer Specialist Surgeon","opening_hours":"Mo-Sa 17:00-18:00","phone":"9930000553","website":"http://www.drakash.in","id":"node/13078403502"},"geometry":{"type":"Point","coordinates":[72.8407208,19.0239301]}},{"type":"Feature","id":"node/13078411201","properties":{"addr:postcode":"400016","addr:street":"Mia Mohd Chhotani Road","amenity":"doctors","email":"drakashoncologist@gmail.com","name":"Dr. Akash Dhuru - Cancer Specialist Surgeon","opening_hours":"Mo-Sa 19:00-21:00","phone":"9930000553","website":"http://www.drakash.in","id":"node/13078411201"},"geometry":{"type":"Point","coordinates":[72.8445125,19.0401751]}},{"type":"Feature","id":"node/13078412401","properties":{"addr:postcode":"400012","addr:street":"Ganapatrao Kadam Marg","amenity":"doctors","email":"drakashoncologist@gmail.com","name":"Dr. Akash Dhuru - Cancer Specialist Surgeon (Siddhachal Hospital)","opening_hours":"24/7","phone":"9930000553","id":"node/13078412401"},"geometry":{"type":"Point","coordinates":[72.8230376,18.9981181]}},{"type":"Feature","id":"node/13078614603","properties":{"amenity":"shelter","shelter_type":"gazebo","id":"node/13078614603"},"geometry":{"type":"Point","coordinates":[72.8190963,19.0452014]}},{"type":"Feature","id":"node/13078614677","properties":{"amenity":"bench","backrest":"no","id":"node/13078614677"},"geometry":{"type":"Point","coordinates":[72.8191749,19.0453587]}},{"type":"Feature","id":"node/13081493298","properties":{"access":"yes","amenity":"bicycle_parking","bicycle_parking":"stands","covered":"no","fee":"no","id":"node/13081493298"},"geometry":{"type":"Point","coordinates":[72.8188819,19.0445442]}},{"type":"Feature","id":"node/13081505592","properties":{"amenity":"fast_food","name":"Nagori A-1 Tea & Kitchen","name:en":"Nagori A-1 Tea & Kitchen","name:mr":"नागोरी ए-१ टी आणि किचन","id":"node/13081505592"},"geometry":{"type":"Point","coordinates":[72.8273774,19.0477731]}},{"type":"Feature","id":"node/13092341002","properties":{"artwork_type":"statue","tourism":"artwork","id":"node/13092341002"},"geometry":{"type":"Point","coordinates":[72.8136138,18.9873175]}},{"type":"Feature","id":"node/13112019401","properties":{"addr:housenumber":"32","addr:postcode":"400004","addr:street":"2nd Panjrapole Lane","email":"smjain@ziontubes.com","level":"0","name":"Zion Tubes & Alloys","opening_hours":"Mo-Su 09:00-18:00","shop":"trade","website":"https://ziontubes.com/","id":"node/13112019401"},"geometry":{"type":"Point","coordinates":[72.828027,18.9553845]}},{"type":"Feature","id":"node/13112025801","properties":{"addr:housenumber":"315","addr:postcode":"400004","addr:street":"Raja Ram Mohan Roy Road (Charni Road)","amenity":"college","name":"Hinduja College","id":"node/13112025801"},"geometry":{"type":"Point","coordinates":[72.8184681,18.9528083]}},{"type":"Feature","id":"node/13112030001","properties":{"addr:housenumber":"5th","addr:postcode":"400004","addr:street":"Tata Road 2","amenity":"cinema","level":"0","name":"Roxy Cinemas","phone":"093241 28520","website":"https://www.muktaa2cinemas.com/","id":"node/13112030001"},"geometry":{"type":"Point","coordinates":[72.816446,18.9552767]}},{"type":"Feature","id":"node/13116555306","properties":{"bench":"no","bus":"yes","highway":"bus_stop","name":"Tobacco Company","name:en":"Tobacco Company","public_transport":"platform","shelter":"no","id":"node/13116555306"},"geometry":{"type":"Point","coordinates":[72.8264406,19.0497115]}},{"type":"Feature","id":"node/13116847401","properties":{"addr:postcode":"400004","addr:street":"Khetwadi 12th Lane","amenity":"school","name":"Sant Gadge Maharaj School","id":"node/13116847401"},"geometry":{"type":"Point","coordinates":[72.8212203,18.9598574]}},{"type":"Feature","id":"node/13116847501","properties":{"addr:postcode":"400004","addr:street":"Javji Dadaji Marg","name":"Krishna Palace","self_service":"no","tourism":"hotel","id":"node/13116847501"},"geometry":{"type":"Point","coordinates":[72.8132853,18.9621909]}},{"type":"Feature","id":"node/13121666901","properties":{"addr:postcode":"400004","addr:street":"Javji Dadaji Marg","amenity":"restaurant","cuisine":"indian;italian","name":"Sudama Pure Veg","id":"node/13121666901"},"geometry":{"type":"Point","coordinates":[72.8132636,18.9621211]}},{"type":"Feature","id":"node/13122745701","properties":{"addr:postcode":"400028","addr:street":"Raobahadur S.K. Bole Marg","level":"0","name":"रिलायंस स्मार्ट सुपर स्टोर","name:en":"Reliance Smart Superstore","opening_hours":"Mo-Su 07:00-23:00","phone":"18008910001","shop":"supermarket","website":"https://stores.reliancesmartbazaar.com/reliance-smart-superstore-hypermarket-dadar-mumbai-280646/Home","id":"node/13122745701"},"geometry":{"type":"Point","coordinates":[72.8306911,19.0185516]}},{"type":"Feature","id":"node/13131079893","properties":{"addr:city":"Mumbai","addr:district":"Mumbai","addr:postcode":"400007","addr:street":"J Shankarsheth Marg","amenity":"pharmacy","healthcare":"pharmacy","mobile":"+91-8850285154","name":"Ray Brothers Homoeopathic Pharmacy","opening_hours":"Mo-Sa 09:30-13:30 15:00-18:00","phone":"+91-22-23810980","id":"node/13131079893"},"geometry":{"type":"Point","coordinates":[72.8134814,18.9612509]}},{"type":"Feature","id":"node/13131079894","properties":{"addr:city":"Mumbai","addr:district":"Mumbai","addr:postcode":"400007","addr:street":"P Ramabai Marg","amenity":"restaurant","cuisine":"indian","delivery":"yes","diet:chicken":"yes","diet:fish":"yes","diet:local":"yes","diet:meat":"yes","diet:non-vegetarian":"yes","diet:seafood":"yes","diet:vegetarian":"yes","name":"New Heros Restaurant","opening_hours":"Mo-Su 11:00-00:00","phone":"+91-22-23811786, +91-22-23879167, +91-22-23814400","takeaway":"yes","id":"node/13131079894"},"geometry":{"type":"Point","coordinates":[72.8132611,18.961163]}},{"type":"Feature","id":"node/13142676701","properties":{"addr:postcode":"400007","addr:street":"Dr N A Purandare Marg","amenity":"restaurant","cuisine":"indian","name":"Crystal Eastern Emporium","opening_hours":"Mo-Su 11:30-15:30, 19:00-22:30","id":"node/13142676701"},"geometry":{"type":"Point","coordinates":[72.8120793,18.9560059]}},{"type":"Feature","id":"node/13142733051","properties":{"name":"स्मार्ट सहकारी भांडार","name:en":"Smart Sahkari Bhandar - Agar Bazar","name:mr":"स्मार्ट सहकारी भांडार","opening_hours":"Mo-Su 12:00-09:00","payment:credit_cards":"yes","payment:debit_cards":"yes","shop":"supermarket","id":"node/13142733051"},"geometry":{"type":"Point","coordinates":[72.8328522,19.0189086]}},{"type":"Feature","id":"node/13142781319","properties":{"access":"private","amenity":"parking_entrance","parking":"multi-storey","id":"node/13142781319"},"geometry":{"type":"Point","coordinates":[72.8305324,19.0111527]}},{"type":"Feature","id":"node/13144667847","properties":{"female":"yes","male":"yes","name":"Enrich Salon","name:en":"Enrich Salon","name:mr":"एनरिच सलून","opening_hours":"Mo-Su 10:00-21:30","payment:credit_cards":"yes","payment:debit_cards":"yes","phone":"+9182913 12974","shop":"hairdresser","website":"https://enrichbeauty.com/","id":"node/13144667847"},"geometry":{"type":"Point","coordinates":[72.8255356,19.0129447]}},{"type":"Feature","id":"node/13159137622","properties":{"brand":"Heads Up For Tails","level":"0","name":"Heads Up For Tails Pet Store & Spa - Prabhadevi","name:en":"Heads Up For Tails Pet Store & Spa - Prabhadevi","name:mr":"हेड्स उप फॉर टेल्स पेट स्टोर & स्पा - प्रभादेवी, मुंबई","opening_hours":"Mo-Su 09:30-21:30","payment:credit_cards":"yes","payment:debit_cards":"yes","shop":"pet","id":"node/13159137622"},"geometry":{"type":"Point","coordinates":[72.8284424,19.0133518]}},{"type":"Feature","id":"node/13159405521","properties":{"check_date":"2026-03-20","female":"yes","level":"2","male":"yes","name":"Dessange Salon & Spa","opening_hours":"Mo-Su 10:00-22:00","payment:credit_cards":"yes","payment:debit_cards":"yes","phone":"+9190043 30073","shop":"hairdresser","website":"https://www.dessangemumbai.com/","id":"node/13159405521"},"geometry":{"type":"Point","coordinates":[72.8238958,18.9955575]}},{"type":"Feature","id":"node/13161451192","properties":{"access":"customers","amenity":"parking_entrance","level":"1","parking":"multi-storey","id":"node/13161451192"},"geometry":{"type":"Point","coordinates":[72.8232488,18.9943037]}},{"type":"Feature","id":"node/13192130534","properties":{"name":"Jagannath Shankar Sheth Metro","name:hi":"जगन्नाथ शंकर शेठ मेट्रो","name:mr":"जगन्नाथ शंकर शेठ मेट्रो","network":"Mumbai Metro","operator":"Mumbai Metro Rail Corporation Ltd","public_transport":"station","railway":"station","ref":"MCLM","station":"subway","subway":"yes","wikidata":"Q130461631","id":"node/13192130534"},"geometry":{"type":"Point","coordinates":[72.8211795,18.9699923]}},{"type":"Feature","id":"node/13192130535","properties":{"name":"Mahalaxmi","name:en":"Mahalaxmi","name:hi":"महालक्ष्मी","name:mr":"महालक्ष्मी","network":"Mumbai Metro","operator":"Mumbai Metro Rail Corporation Ltd","public_transport":"station","railway":"station","station":"subway","subway":"yes","id":"node/13192130535"},"geometry":{"type":"Point","coordinates":[72.8254006,18.979467]}},{"type":"Feature","id":"node/13192130536","properties":{"name":"Science Centre","name:hi":"विज्ञान संग्रहालय","name:mr":"विज्ञान संग्रहालय","network":"Mumbai Metro","operator":"Mumbai Metro Rail Corporation Ltd","public_transport":"station","railway":"station","start_date":"2025-10-09","station":"subway","subway":"yes","wikidata":"Q130461632","id":"node/13192130536"},"geometry":{"type":"Point","coordinates":[72.8213521,18.9908949]}},{"type":"Feature","id":"node/13202941074","properties":{"amenity":"place_of_worship","name":"Shri Venkatesha","religion":"hindu","id":"node/13202941074"},"geometry":{"type":"Point","coordinates":[72.8257778,18.9520147]}},{"type":"Feature","id":"node/13207029324","properties":{"name":"Girgaon","name:hi":"गिरगांव","name:mr":"गिरगाव","network":"Mumbai Metro","operator":"Mumbai Metro Rail Corporation Ltd","public_transport":"station","railway":"station","start_date":"2025-10-09","station":"subway","subway":"yes","toilets":"yes","id":"node/13207029324"},"geometry":{"type":"Point","coordinates":[72.8222065,18.9521015]}},{"type":"Feature","id":"node/13207029325","properties":{"name":"Grant Road","name:hi":"ग्रांट रोड","name:mr":"ग्रँट रोड","network":"Mumbai Metro","operator":"Mumbai Metro Rail Corporation Ltd","public_transport":"station","railway":"station","start_date":"2025-10-09","station":"subway","subway":"yes","id":"node/13207029325"},"geometry":{"type":"Point","coordinates":[72.8180437,18.9632181]}},{"type":"Feature","id":"node/13232988871","properties":{"name":"Sundar Auto Parts","name:en":"Sundar Auto Parts","name:mr":"सुंदर ऑटो पार्ट्स","opening_hours":"Mo-Su 09:30-20:00","phone":"093214 48339","shop":"car_parts","id":"node/13232988871"},"geometry":{"type":"Point","coordinates":[72.8154299,19.0023358]}},{"type":"Feature","id":"node/13233017715","properties":{"level":"0","name":"Chandrika automobile","name:en":"Chandrika automobile","name:mr":"चंद्रिका इलेक्ट्रॉनिक्स","opening_hours":"Mo-Su 09:30-19:00","phone":"098922 52226","shop":"car_parts","id":"node/13233017715"},"geometry":{"type":"Point","coordinates":[72.8367425,19.0205702]}},{"type":"Feature","id":"node/13235099756","properties":{"level":"0","name":"New TV Town Electronics Store","shop":"electronics","id":"node/13235099756"},"geometry":{"type":"Point","coordinates":[72.8423181,19.0381505]}},{"type":"Feature","id":"node/13235113776","properties":{"amenity":"restaurant","bar":"yes","name":"Step In Family Restaurant & Bar","id":"node/13235113776"},"geometry":{"type":"Point","coordinates":[72.8423594,19.038905]}},{"type":"Feature","id":"node/13235113777","properties":{"bench":"yes","bin":"no","bus":"yes","highway":"bus_stop","name":"Mahim","public_transport":"platform","shelter":"yes","id":"node/13235113777"},"geometry":{"type":"Point","coordinates":[72.8417784,19.0396495]}},{"type":"Feature","id":"node/13235113778","properties":{"amenity":"restaurant","contact:website":"https://99pancakes.in/","cuisine":"pancake","level":"0","name":"99 Pancakes","id":"node/13235113778"},"geometry":{"type":"Point","coordinates":[72.8416932,19.0399513]}},{"type":"Feature","id":"node/13235113779","properties":{"level":"0","name":"Adil Qadri Perfumes","shop":"perfumery","id":"node/13235113779"},"geometry":{"type":"Point","coordinates":[72.841705,19.0399248]}},{"type":"Feature","id":"node/13236713057","properties":{"amenity":"cafe","brand":"Starbucks","brand:wikidata":"Q37158","cuisine":"coffee_shop","name":"Starbucks","official_name":"Starbucks Coffee","takeaway":"yes","id":"node/13236713057"},"geometry":{"type":"Point","coordinates":[72.8143127,18.9911985]}},{"type":"Feature","id":"node/13237759050","properties":{"name":"A2","railway":"subway_entrance","ref":"A2","wheelchair":"no","id":"node/13237759050"},"geometry":{"type":"Point","coordinates":[72.8423865,19.0373412]}},{"type":"Feature","id":"node/13237759055","properties":{"name":"B3","railway":"subway_entrance","ref":"B3","wheelchair":"no","id":"node/13237759055"},"geometry":{"type":"Point","coordinates":[72.8420954,19.0385802]}},{"type":"Feature","id":"node/13237759056","properties":{"name":"B2","railway":"subway_entrance","ref":"B2","id":"node/13237759056"},"geometry":{"type":"Point","coordinates":[72.8416651,19.0393932]}},{"type":"Feature","id":"node/13237759057","properties":{"name":"B1","railway":"subway_entrance","ref":"B1","id":"node/13237759057"},"geometry":{"type":"Point","coordinates":[72.8418103,19.03884]}},{"type":"Feature","id":"node/13237759058","properties":{"name":"A1","railway":"subway_entrance","ref":"A1","id":"node/13237759058"},"geometry":{"type":"Point","coordinates":[72.8420336,19.0378742]}},{"type":"Feature","id":"node/13237835546","properties":{"air_conditioning":"yes","amenity":"fast_food","brand":"Subway","brand:wikidata":"Q244457","cuisine":"sandwich","drive_through":"no","name":"Subway","takeaway":"yes","id":"node/13237835546"},"geometry":{"type":"Point","coordinates":[72.8461112,19.0410061]}},{"type":"Feature","id":"node/13252636188","properties":{"amenity":"vending_machine","level":"1","vending":"public_transport_tickets","id":"node/13252636188"},"geometry":{"type":"Point","coordinates":[72.8186525,18.9702769]}},{"type":"Feature","id":"node/13252636195","properties":{"amenity":"vending_machine","level":"1","vending":"public_transport_tickets","id":"node/13252636195"},"geometry":{"type":"Point","coordinates":[72.818675,18.9702757]}},{"type":"Feature","id":"node/13252636199","properties":{"level":"0","name":"Unreserved Ticket Window","name:hi":"अनारक्षित टिकट खिड़की","shop":"ticket","wheelchair":"no","id":"node/13252636199"},"geometry":{"type":"Point","coordinates":[72.8186521,18.9706245]}},{"type":"Feature","id":"node/13252709757","properties":{"amenity":"vending_machine","level":"1","vending":"public_transport_tickets","id":"node/13252709757"},"geometry":{"type":"Point","coordinates":[72.8430889,19.0187945]}},{"type":"Feature","id":"node/13252709758","properties":{"amenity":"atm","brand":"Hitachi","level":"0","wheelchair":"no","id":"node/13252709758"},"geometry":{"type":"Point","coordinates":[72.8432459,19.0187241]}},{"type":"Feature","id":"node/13252709759","properties":{"level":"1","shop":"ticket","id":"node/13252709759"},"geometry":{"type":"Point","coordinates":[72.8431626,19.0189005]}},{"type":"Feature","id":"node/13252709760","properties":{"amenity":"vending_machine","level":"1","vending":"public_transport_tickets","id":"node/13252709760"},"geometry":{"type":"Point","coordinates":[72.8430662,19.0187594]}},{"type":"Feature","id":"node/13252709763","properties":{"amenity":"vending_machine","level":"1","vending":"public_transport_tickets","id":"node/13252709763"},"geometry":{"type":"Point","coordinates":[72.8430762,19.0187712]}},{"type":"Feature","id":"node/13252709764","properties":{"level":"1","shop":"ticket","id":"node/13252709764"},"geometry":{"type":"Point","coordinates":[72.8431316,19.0188585]}},{"type":"Feature","id":"node/13252709765","properties":{"amenity":"vending_machine","level":"1","vending":"public_transport_tickets","id":"node/13252709765"},"geometry":{"type":"Point","coordinates":[72.8430969,19.0188057]}},{"type":"Feature","id":"node/13252709766","properties":{"access":"yes","amenity":"toilets","drinking_water":"no","fee":"yes","female":"yes","level":"1","toilets:handwashing":"yes","toilets:paper_supplied":"no","wheelchair":"no","id":"node/13252709766"},"geometry":{"type":"Point","coordinates":[72.8432012,19.0187122]}},{"type":"Feature","id":"node/13252709767","properties":{"level":"1","shop":"ticket","id":"node/13252709767"},"geometry":{"type":"Point","coordinates":[72.8431702,19.0189103]}},{"type":"Feature","id":"node/13252709768","properties":{"level":"1","shop":"ticket","id":"node/13252709768"},"geometry":{"type":"Point","coordinates":[72.8431473,19.0188797]}},{"type":"Feature","id":"node/13252709770","properties":{"level":"1","shop":"ticket","id":"node/13252709770"},"geometry":{"type":"Point","coordinates":[72.8431545,19.0188899]}},{"type":"Feature","id":"node/13252709771","properties":{"amenity":"waste_basket","level":"1","waste":"trash","id":"node/13252709771"},"geometry":{"type":"Point","coordinates":[72.8431161,19.0186965]}},{"type":"Feature","id":"node/13252709772","properties":{"amenity":"atm","brand":"State Bank of India","level":"0","operator":"State Bank of India","operator:wikidata":"Q1340361","wheelchair":"no","id":"node/13252709772"},"geometry":{"type":"Point","coordinates":[72.8432169,19.0186835]}},{"type":"Feature","id":"node/13252709773","properties":{"level":"1","shop":"ticket","id":"node/13252709773"},"geometry":{"type":"Point","coordinates":[72.8431175,19.0188367]}},{"type":"Feature","id":"node/13252709776","properties":{"level":"1","shop":"ticket","id":"node/13252709776"},"geometry":{"type":"Point","coordinates":[72.8431249,19.0188474]}},{"type":"Feature","id":"node/13252709777","properties":{"amenity":"vending_machine","level":"1","vending":"public_transport_tickets","id":"node/13252709777"},"geometry":{"type":"Point","coordinates":[72.8430824,19.0187822]}},{"type":"Feature","id":"node/13252709778","properties":{"amenity":"device_charging_station","fee":"no","fixme":"phone charging point with 4 sockets","level":"1","id":"node/13252709778"},"geometry":{"type":"Point","coordinates":[72.8431473,19.0187107]}},{"type":"Feature","id":"node/13252709779","properties":{"access":"yes","amenity":"toilets","drinking_water":"no","fee":"yes","level":"1","male":"yes","toilets:handwashing":"yes","toilets:paper_supplied":"no","toilets:position":"urinal","wheelchair":"no","id":"node/13252709779"},"geometry":{"type":"Point","coordinates":[72.8432471,19.0186893]}},{"type":"Feature","id":"node/13252709780","properties":{"level":"1","shop":"ticket","id":"node/13252709780"},"geometry":{"type":"Point","coordinates":[72.8431389,19.018869]}},{"type":"Feature","id":"node/13252709781","properties":{"level":"1","shop":"ticket","id":"node/13252709781"},"geometry":{"type":"Point","coordinates":[72.8431103,19.0188266]}},{"type":"Feature","id":"node/13269619376","properties":{"monorail":"yes","name":"Ambedkar Nagar","name:hi":"अम्बेडकर नगर","public_transport":"stop_position","railway":"stop","id":"node/13269619376"},"geometry":{"type":"Point","coordinates":[72.8442303,19.0015758]}},{"type":"Feature","id":"node/13269619377","properties":{"monorail":"yes","name":"Ambedkar Nagar","name:hi":"अम्बेडकर नगर","public_transport":"stop_position","railway":"stop","id":"node/13269619377"},"geometry":{"type":"Point","coordinates":[72.8442497,19.0016026]}},{"type":"Feature","id":"node/13269619378","properties":{"alt_name":"Jacob Circle","alt_name:en":"Jacob Circle","monorail":"yes","name":"Sant Gadge Maharaj Chowk","name:en":"Sant Gadge Maharaj Chowk","public_transport":"stop_position","railway":"stop","id":"node/13269619378"},"geometry":{"type":"Point","coordinates":[72.8286179,18.9831032]}},{"type":"Feature","id":"node/13269619379","properties":{"alt_name":"Jacob Circle","alt_name:en":"Jacob Circle","monorail":"yes","name":"Sant Gadge Maharaj Chowk","name:en":"Sant Gadge Maharaj Chowk","public_transport":"stop_position","railway":"stop","id":"node/13269619379"},"geometry":{"type":"Point","coordinates":[72.8285862,18.9831205]}},{"type":"Feature","id":"node/13269619380","properties":{"monorail":"yes","name":"Lower Parel","public_transport":"stop_position","railway":"stop","id":"node/13269619380"},"geometry":{"type":"Point","coordinates":[72.8314453,18.9930982]}},{"type":"Feature","id":"node/13269619381","properties":{"monorail":"yes","name":"Lower Parel","public_transport":"stop_position","railway":"stop","id":"node/13269619381"},"geometry":{"type":"Point","coordinates":[72.8314833,18.9931105]}},{"type":"Feature","id":"node/13269619382","properties":{"monorail":"yes","name":"Naigaon","public_transport":"stop_position","railway":"stop","id":"node/13269619382"},"geometry":{"type":"Point","coordinates":[72.8478841,19.0095293]}},{"type":"Feature","id":"node/13269619383","properties":{"monorail":"yes","name":"Naigaon","public_transport":"stop_position","railway":"stop","id":"node/13269619383"},"geometry":{"type":"Point","coordinates":[72.8478578,19.0095384]}},{"type":"Feature","id":"node/13274155901","properties":{"addr:housenumber":"Shop no. 1,","addr:postcode":"400050","addr:street":"St John Baptist Road","contact:instagram":"nkshah35","email":"raju@nkshah.co.in","internet_access":"wlan","name":"M/s N. K. SHAH","name:mr":"एन. के. शाह","opening_hours":"Mo-Su 07:45-13:30, 15:00-21:00","phone":"+917021777311","shop":"stationery","website":"https://www.nkshah.co.in","id":"node/13274155901"},"geometry":{"type":"Point","coordinates":[72.8259177,19.0478399]}},{"type":"Feature","id":"node/13288786727","properties":{"air_conditioning":"yes","amenity":"restaurant","level":"0","name":"Mag St. Select Lower Parel","opening_hours":"Mo-Su 08:00-23:00","phone":"7700002136","website":"https://linktr.ee/magstrestaurant","id":"node/13288786727"},"geometry":{"type":"Point","coordinates":[72.82841,19.002115]}},{"type":"Feature","id":"node/13294722223","properties":{"amenity":"pharmacy","healthcare":"pharmacy","name":"Darshan pharmacy","name:en":"Darshan pharmacy","name:mr":"दर्शन फार्मेसी","opening_hours":"Mo-Su 08:30-23:30","phone":"+9185910 23747","id":"node/13294722223"},"geometry":{"type":"Point","coordinates":[72.8308648,19.008997]}},{"type":"Feature","id":"node/13295721535","properties":{"amenity":"pharmacy","healthcare":"pharmacy","name":"Noble Plus","name:en":"Noble Plus","name:mr":"नोबल प्लस","opening_hours":"Mo-Su 00:00-12:00","id":"node/13295721535"},"geometry":{"type":"Point","coordinates":[72.8309634,19.0066149]}},{"type":"Feature","id":"node/13304968968","properties":{"name":"R.B. Tyres","opening_hours":"Mo-Sa 09:00-20:00, Sa 09:00-17:00","phone":"099202 88288","shop":"tyres","id":"node/13304968968"},"geometry":{"type":"Point","coordinates":[72.8309948,19.0082898]}},{"type":"Feature","id":"node/13310511290","properties":{"name":"R.B. Tyres","phone":"09920288288","shop":"tyres","id":"node/13310511290"},"geometry":{"type":"Point","coordinates":[72.8275694,19.0151362]}},{"type":"Feature","id":"node/13314941590","properties":{"amenity":"parking","parking":"street_side","id":"node/13314941590"},"geometry":{"type":"Point","coordinates":[72.829765,19.0052369]}},{"type":"Feature","id":"node/13314941591","properties":{"amenity":"parking","parking":"street_side","id":"node/13314941591"},"geometry":{"type":"Point","coordinates":[72.8297948,19.005178]}},{"type":"Feature","id":"node/13314941592","properties":{"amenity":"parking","parking":"street_side","id":"node/13314941592"},"geometry":{"type":"Point","coordinates":[72.8298399,19.0051333]}},{"type":"Feature","id":"node/13314941593","properties":{"amenity":"parking","parking":"street_side","id":"node/13314941593"},"geometry":{"type":"Point","coordinates":[72.8298969,19.0051056]}},{"type":"Feature","id":"node/13314941594","properties":{"amenity":"parking","parking":"street_side","id":"node/13314941594"},"geometry":{"type":"Point","coordinates":[72.8299671,19.0050861]}},{"type":"Feature","id":"node/13314941595","properties":{"amenity":"parking","parking":"street_side","id":"node/13314941595"},"geometry":{"type":"Point","coordinates":[72.8301748,19.0051415]}},{"type":"Feature","id":"node/13314941599","properties":{"amenity":"parking","parking":"street_side","id":"node/13314941599"},"geometry":{"type":"Point","coordinates":[72.8302427,19.0052576]}},{"type":"Feature","id":"node/13314941600","properties":{"amenity":"parking","parking":"street_side","id":"node/13314941600"},"geometry":{"type":"Point","coordinates":[72.8302364,19.0051992]}},{"type":"Feature","id":"node/13316037456","properties":{"level":"0","name":"Fakhar Sports and Fitness","phone":"+91 93238 54329;+91 90825 59811","shop":"sports","sport":"fitness;gymnastics;running","wheelchair":"no","id":"node/13316037456"},"geometry":{"type":"Point","coordinates":[72.8293098,18.9624554]}},{"type":"Feature","id":"node/13359577801","properties":{"addr:postcode":"400008","addr:street":"Patthe Bapurao Marg (Falkland Road)","amenity":"restaurant","check_date":"2026-03-20","cuisine":"chinese;indian;pizza","name":"Geeta Bhavan - Balaji","id":"node/13359577801"},"geometry":{"type":"Point","coordinates":[72.819779,18.9652774]}},{"type":"Feature","id":"node/13382511526","properties":{"addr:city":"Mumbai Central","addr:district":"Mumbai City","addr:housenumber":"Al-Haq Building, 17","addr:postcode":"400008","addr:street":"YMCA Road","amenity":"place_of_worship","check_date":"2026-03-20","denomination":"ahmadiyya","name":"احمدیہ مسجد","name:en":"Ahmadiyya Masjid","religion":"muslim","id":"node/13382511526"},"geometry":{"type":"Point","coordinates":[72.8235313,18.9716889]}},{"type":"Feature","id":"node/13383226073","properties":{"amenity":"cafe","check_date":"2026-03-20","level":"0","name":"Cafe Colony Restaurant & Stores","outdoor_seating":"no","id":"node/13383226073"},"geometry":{"type":"Point","coordinates":[72.8468361,19.0186376]}},{"type":"Feature","id":"node/13388355833","properties":{"name":"Go Colors!","shop":"clothes","id":"node/13388355833"},"geometry":{"type":"Point","coordinates":[72.8470146,19.0172688]}},{"type":"Feature","id":"node/13388406463","properties":{"level":"0","name":"A to Z Furnishing","shop":"interior_decoration","id":"node/13388406463"},"geometry":{"type":"Point","coordinates":[72.8477314,19.0172209]}},{"type":"Feature","id":"node/13388434381","properties":{"name":"Bombay Emporium","shop":"clothes","id":"node/13388434381"},"geometry":{"type":"Point","coordinates":[72.8471937,19.0178651]}},{"type":"Feature","id":"node/13388436327","properties":{"name":"Daffodils","shop":"clothes","id":"node/13388436327"},"geometry":{"type":"Point","coordinates":[72.847196,19.0177606]}},{"type":"Feature","id":"node/13388438514","properties":{"amenity":"fast_food","check_date":"2026-03-20","cuisine":"juice","name":"Praag Juice center","id":"node/13388438514"},"geometry":{"type":"Point","coordinates":[72.8472608,19.0183062]}},{"type":"Feature","id":"node/13388438684","properties":{"name":"Sagar","shop":"clothes","id":"node/13388438684"},"geometry":{"type":"Point","coordinates":[72.847193,19.0178579]}},{"type":"Feature","id":"node/13388441264","properties":{"level":"0","name":"Asian Store","shop":"stationery","id":"node/13388441264"},"geometry":{"type":"Point","coordinates":[72.8479814,19.0172759]}},{"type":"Feature","id":"node/13388441859","properties":{"brand":"Raymond","brand:wikidata":"Q3537018","name":"Raymond","shop":"clothes","id":"node/13388441859"},"geometry":{"type":"Point","coordinates":[72.8471901,19.0176651]}},{"type":"Feature","id":"node/13388448181","properties":{"name":"Korri","shop":"clothes","id":"node/13388448181"},"geometry":{"type":"Point","coordinates":[72.8470101,19.0172517]}},{"type":"Feature","id":"node/13388448188","properties":{"level":"0","name":"Gulshan Stores","shop":"convenience","id":"node/13388448188"},"geometry":{"type":"Point","coordinates":[72.8480519,19.017295]}},{"type":"Feature","id":"node/13388448419","properties":{"air_conditioning":"no","amenity":"restaurant","cuisine":"indian","level":"-1","name":"Jyoti","name:en":"Jyoti","name:mr":"ज्योती","wheelchair":"no","id":"node/13388448419"},"geometry":{"type":"Point","coordinates":[72.8478215,19.0172341]}},{"type":"Feature","id":"node/13388448928","properties":{"name":"Shagun","shop":"clothes","id":"node/13388448928"},"geometry":{"type":"Point","coordinates":[72.846896,19.0170869]}},{"type":"Feature","id":"node/13388448944","properties":{"name":"Saree Palace","name:en":"Saree Palace","name:mr":"साडी पॅलेस","shop":"clothes","id":"node/13388448944"},"geometry":{"type":"Point","coordinates":[72.847878,19.0172489]}},{"type":"Feature","id":"node/13388450767","properties":{"name":"Saheli","shop":"clothes","id":"node/13388450767"},"geometry":{"type":"Point","coordinates":[72.8469073,19.0171018]}},{"type":"Feature","id":"node/13388452069","properties":{"brand":"Metro","brand:wikidata":"Q16938284","check_date":"2026-03-20","name":"Metro","shop":"shoes","id":"node/13388452069"},"geometry":{"type":"Point","coordinates":[72.8474038,19.0182387]}},{"type":"Feature","id":"node/13388452070","properties":{"amenity":"fast_food","check_date":"2026-03-20","name":"Gunjal Fruit and Juice Center","id":"node/13388452070"},"geometry":{"type":"Point","coordinates":[72.8473568,19.0182508]}},{"type":"Feature","id":"node/13388453073","properties":{"name":"DCot by Donear","shop":"clothes","id":"node/13388453073"},"geometry":{"type":"Point","coordinates":[72.8471958,19.0179042]}},{"type":"Feature","id":"node/13388453621","properties":{"check_date":"2026-03-20","name":"Artisza","shop":"clothes","id":"node/13388453621"},"geometry":{"type":"Point","coordinates":[72.8471395,19.0184319]}},{"type":"Feature","id":"node/13388453683","properties":{"name":"A to Z Furnishings","shop":"interior_decoration","id":"node/13388453683"},"geometry":{"type":"Point","coordinates":[72.8479489,19.0172677]}},{"type":"Feature","id":"node/13388454035","properties":{"amenity":"fast_food","check_date":"2026-03-20","cuisine":"juice","name":"Keshav Rasvanti Gruh","id":"node/13388454035"},"geometry":{"type":"Point","coordinates":[72.847043,19.0181475]}},{"type":"Feature","id":"node/13388463465","properties":{"name":"P Kantilal And Company","shop":"clothes","id":"node/13388463465"},"geometry":{"type":"Point","coordinates":[72.8472259,19.0175426]}},{"type":"Feature","id":"node/13388464743","properties":{"name":"Mehta's Collection","shop":"clothes","id":"node/13388464743"},"geometry":{"type":"Point","coordinates":[72.8470788,19.0173226]}},{"type":"Feature","id":"node/13388471236","properties":{"level":"0","name":"Garden Vareli","shop":"clothes","wheelchair":"no","id":"node/13388471236"},"geometry":{"type":"Point","coordinates":[72.8479148,19.017257]}},{"type":"Feature","id":"node/13388473698","properties":{"name":"Connect","name:mr":"कनेक्ट","shop":"mobile_phone","id":"node/13388473698"},"geometry":{"type":"Point","coordinates":[72.8475676,19.0170176]}},{"type":"Feature","id":"node/13388474942","properties":{"amenity":"bank","brand":"HDFC Bank","brand:wikidata":"Q631047","level":"0","name":"HDFC Bank","short_name":"HDFC","id":"node/13388474942"},"geometry":{"type":"Point","coordinates":[72.8481597,19.0173497]}},{"type":"Feature","id":"node/13388476084","properties":{"amenity":"bank","branch":"Dadar TT","brand":"Kotak Mahindra Bank","brand:wikidata":"Q2040404","level":"0","name":"Kotak Mahindra Bank","wheelchair":"limited","id":"node/13388476084"},"geometry":{"type":"Point","coordinates":[72.8480269,19.0172873]}},{"type":"Feature","id":"node/13388480417","properties":{"name":"Manhar Surat Bakery and Stores","shop":"bakery","id":"node/13388480417"},"geometry":{"type":"Point","coordinates":[72.8470032,19.0172376]}},{"type":"Feature","id":"node/13388481048","properties":{"amenity":"fast_food","cuisine":"juice","name":"Aarey Sarita","id":"node/13388481048"},"geometry":{"type":"Point","coordinates":[72.8470929,19.0172395]}},{"type":"Feature","id":"node/13388481691","properties":{"amenity":"pharmacy","healthcare":"pharmacy","name":"साईराम Medical","name:en":"Sairam Medical","name:mr":"साईराम Medical","id":"node/13388481691"},"geometry":{"type":"Point","coordinates":[72.8475323,19.0170185]}},{"type":"Feature","id":"node/13388495692","properties":{"amenity":"clinic","healthcare":"clinic","name":"B.N.D. Onco Centre","opening_hours":"Mo-Sa 10:00-21:00","id":"node/13388495692"},"geometry":{"type":"Point","coordinates":[72.8476528,19.0169881]}},{"type":"Feature","id":"node/13388500340","properties":{"name":"Best Electric Stores Xerox Centre","shop":"electrical","id":"node/13388500340"},"geometry":{"type":"Point","coordinates":[72.8480968,19.0173076]}},{"type":"Feature","id":"node/13388500433","properties":{"name":"Bata","shop":"shoes","id":"node/13388500433"},"geometry":{"type":"Point","coordinates":[72.8474234,19.0168429]}},{"type":"Feature","id":"node/13388500454","properties":{"name":"Ankur Collections","panoramax":"3038ad4c-017e-4455-b74c-79e47af11da9","shop":"shoes","id":"node/13388500454"},"geometry":{"type":"Point","coordinates":[72.8476885,19.0183375]}},{"type":"Feature","id":"node/13388502417","properties":{"name":"Garden Vareli","shop":"clothes","id":"node/13388502417"},"geometry":{"type":"Point","coordinates":[72.8479162,19.0172572]}},{"type":"Feature","id":"node/13388509541","properties":{"name":"GKB Opticals","name:en":"GKB Opticals","name:mr":"जी के बी ऑप्टिकल्स","panoramax":"4385e4c1-8932-4da6-bafe-1fbfa3c2f117","shop":"optician","id":"node/13388509541"},"geometry":{"type":"Point","coordinates":[72.8483715,19.0178275]}},{"type":"Feature","id":"node/13388511545","properties":{"name":"S.M. Makwana","name:en":"S.M. Makwana","name:mr":"एस. एम. माकवाणा","panoramax":"434fbda2-992b-4bb8-b6b4-023c987fe4b1","shop":"curtain","id":"node/13388511545"},"geometry":{"type":"Point","coordinates":[72.8483667,19.0179144]}},{"type":"Feature","id":"node/13388516964","properties":{"name":"Regal","shop":"shoes","id":"node/13388516964"},"geometry":{"type":"Point","coordinates":[72.8475983,19.0183134]}},{"type":"Feature","id":"node/13388519114","properties":{"check_date":"2026-03-20","level":"0","name":"Pupa","shop":"mobile_phone","id":"node/13388519114"},"geometry":{"type":"Point","coordinates":[72.8475432,19.0183024]}},{"type":"Feature","id":"node/13388519330","properties":{"name":"Amul","shop":"dairy","id":"node/13388519330"},"geometry":{"type":"Point","coordinates":[72.8476909,19.017084]}},{"type":"Feature","id":"node/13388520090","properties":{"check_date":"2026-03-20","name":"SRK Photo Studio","shop":"photo","id":"node/13388520090"},"geometry":{"type":"Point","coordinates":[72.8474788,19.0183005]}},{"type":"Feature","id":"node/13388526975","properties":{"amenity":"fast_food","check_date":"2026-03-20","diet:gluten_free":"no","diet:halal":"yes","diet:lactose_free":"limited","diet:sugar_free":"no","diet:vegan":"limited","diet:vegetarian":"yes","name":"Celejor","panoramax":"e20a0da3-6270-4ab2-8fae-dcf3490b115f","id":"node/13388526975"},"geometry":{"type":"Point","coordinates":[72.8475984,19.0183258]}},{"type":"Feature","id":"node/13388528497","properties":{"name":"झरीना नोवेलटी कॉर्नर","name:en":"Zareena Novelty Corner","name:mr":"झरीना नोवेलटी कॉर्नर","shop":"bag","id":"node/13388528497"},"geometry":{"type":"Point","coordinates":[72.8476476,19.0171072]}},{"type":"Feature","id":"node/13388533081","properties":{"name":"Mochi","shop":"shoes","id":"node/13388533081"},"geometry":{"type":"Point","coordinates":[72.8476609,19.0183304]}},{"type":"Feature","id":"node/13388534184","properties":{"name":"Basanti Jewellers","shop":"jewelry","id":"node/13388534184"},"geometry":{"type":"Point","coordinates":[72.8478593,19.0183436]}},{"type":"Feature","id":"node/13388534189","properties":{"amenity":"bank","brand":"AU Small Finance Bank","brand:wikidata":"Q48729722","name":"AU Small Finance Bank","id":"node/13388534189"},"geometry":{"type":"Point","coordinates":[72.8471823,19.0178627]}},{"type":"Feature","id":"node/13388534190","properties":{"name":"Satqurs collection","shop":"clothes","id":"node/13388534190"},"geometry":{"type":"Point","coordinates":[72.847107,19.017356]}},{"type":"Feature","id":"node/13388535153","properties":{"name":"TAB Sports","not:brand":"yes","panoramax":"e2e7d9a5-be32-4539-a0b8-32114d5eae10","service:bicycle:rental":"no","service:bicycle:repair":"no","shop":"sports","id":"node/13388535153"},"geometry":{"type":"Point","coordinates":[72.8477442,19.0183507]}},{"type":"Feature","id":"node/13388536598","properties":{"name":"President Optic Gallery","panoramax":"865ea890-ab9d-410b-bce5-96404fe70376","shop":"optician","id":"node/13388536598"},"geometry":{"type":"Point","coordinates":[72.8483606,19.0179119]}},{"type":"Feature","id":"node/13388537348","properties":{"name":"Gangar Eyenation","panoramax":"8b707b8e-ee53-4703-b5dd-ceba6e619c96","shop":"optician","id":"node/13388537348"},"geometry":{"type":"Point","coordinates":[72.848376,19.0177055]}},{"type":"Feature","id":"node/13388537618","properties":{"name":"Shubham Optics","opening_hours":"Mo-Su 10:00-21:00","shop":"optician","id":"node/13388537618"},"geometry":{"type":"Point","coordinates":[72.8483548,19.0179837]}},{"type":"Feature","id":"node/13388538241","properties":{"check_date":"2026-03-20","name":"Korri","shop":"clothes","id":"node/13388538241"},"geometry":{"type":"Point","coordinates":[72.8468926,19.0170901]}},{"type":"Feature","id":"node/13388539804","properties":{"amenity":"fast_food","cuisine":"indian","diet:gluten_free":"no","diet:halal":"only","diet:lactose_free":"no","diet:sugar_free":"no","diet:vegan":"limited","diet:vegetarian":"only","level":"0","name":"Punjabi Chandu Halwai","organic":"no","panoramax":"53e7eb58-67a3-4640-a00e-7200e91298b9","takeaway":"only","toilets":"no","wheelchair":"no","id":"node/13388539804"},"geometry":{"type":"Point","coordinates":[72.8478121,19.0183404]}},{"type":"Feature","id":"node/13388540776","properties":{"bench":"yes","bin":"no","bus":"yes","highway":"bus_stop","lit":"no","name":"Khodadaar circle","public_transport":"platform","shelter":"yes","id":"node/13388540776"},"geometry":{"type":"Point","coordinates":[72.8484644,19.0190278]}},{"type":"Feature","id":"node/13388540876","properties":{"amenity":"atm","brand":"Bank of India","level":"0","opening_hours":"24/7","operator":"Bank of India","wheelchair":"no","id":"node/13388540876"},"geometry":{"type":"Point","coordinates":[72.8477581,19.0172512]}},{"type":"Feature","id":"node/13388544624","properties":{"name":"The Raymond Shop","panoramax":"46d22263-2a61-439b-bb6c-c19b62d012f6","shop":"clothes","id":"node/13388544624"},"geometry":{"type":"Point","coordinates":[72.8483668,19.0178593]}},{"type":"Feature","id":"node/13388545461","properties":{"name":"Memsaab","shop":"clothes","id":"node/13388545461"},"geometry":{"type":"Point","coordinates":[72.8483762,19.0177679]}},{"type":"Feature","id":"node/13388547642","properties":{"name":"Total Sport & Fitness","panoramax":"51fc559f-4d3a-4b39-8d5b-1889c7febdf6","shop":"sports","id":"node/13388547642"},"geometry":{"type":"Point","coordinates":[72.8483209,19.0180642]}},{"type":"Feature","id":"node/13388551671","properties":{"check_date":"2026-03-20","name":"Stylocus","shop":"bag","id":"node/13388551671"},"geometry":{"type":"Point","coordinates":[72.8471471,19.018075]}},{"type":"Feature","id":"node/13388552782","properties":{"bench":"yes","bin":"no","bus":"yes","highway":"bus_stop","lit":"no","name":"Khodadad Circle","public_transport":"platform","shelter":"yes","id":"node/13388552782"},"geometry":{"type":"Point","coordinates":[72.8487161,19.0188084]}},{"type":"Feature","id":"node/13388554131","properties":{"name":"Libas","shop":"clothes","id":"node/13388554131"},"geometry":{"type":"Point","coordinates":[72.8470167,19.0172949]}},{"type":"Feature","id":"node/13388554693","properties":{"check_date":"2026-03-20","name":"Titan eye","shop":"optician","id":"node/13388554693"},"geometry":{"type":"Point","coordinates":[72.847143,19.0184505]}},{"type":"Feature","id":"node/13388556576","properties":{"check_date":"2026-03-20","name":"Sanskruti","shop":"clothes","id":"node/13388556576"},"geometry":{"type":"Point","coordinates":[72.8466775,19.0168903]}},{"type":"Feature","id":"node/13388557593","properties":{"amenity":"atm","brand":"IndusInd Bank","brand:wikidata":"Q2040323","indoor":"no","opening_hours":"24/7","operator":"IndusInd Bank","operator:wikidata":"Q2040323","panoramax":"317c9e90-5fce-4387-a0c5-b0b9db51404e","id":"node/13388557593"},"geometry":{"type":"Point","coordinates":[72.8487795,19.0187535]}},{"type":"Feature","id":"node/13388558307","properties":{"name":"S.M. Makwana","panoramax":"a036627e-bc74-43cd-99cc-1dcb17f5dc13","shop":"household_linen","id":"node/13388558307"},"geometry":{"type":"Point","coordinates":[72.8483588,19.017931]}},{"type":"Feature","id":"node/13388558432","properties":{"fixme":"freeform shop key used, to be reviewed","name":"Joshi Budhakaka Mahim Halwawala","panoramax":"4279d6e1-aa14-4578-899a-431c232d97fa","shop":"Sweet Shop","id":"node/13388558432"},"geometry":{"type":"Point","coordinates":[72.8483573,19.017953]}},{"type":"Feature","id":"node/13388560601","properties":{"name":"Sargam Florist","shop":"florist","id":"node/13388560601"},"geometry":{"type":"Point","coordinates":[72.8478816,19.0183701]}},{"type":"Feature","id":"node/13388560743","properties":{"amenity":"fast_food","diet:vegetarian":"only","image:menu":"d75350e6-59e7-4fb1-9ae0-7dd40ee12182","image:menu:0":"f36b9f3a-44a3-4dfd-a8a6-299f7bfb0861","name":"Birdy's","panoramax":"69e29d42-99fd-4915-9fdd-9eae2c5ba902","id":"node/13388560743"},"geometry":{"type":"Point","coordinates":[72.847918,19.0184438]}},{"type":"Feature","id":"node/13388561444","properties":{"amenity":"restaurant","image:menu":"f7da6a93-c075-41cf-8493-349c4e4d1057","image:menu:0":"4e55ce1a-b063-4928-9a3a-fd3fb9251b5c","image:menu:1":"22316488-1294-4101-bf70-2219c49dd103","name":"Swagat Veg Treat","panoramax":"afce063e-d0c8-48c1-908e-98b9b78307ec","id":"node/13388561444"},"geometry":{"type":"Point","coordinates":[72.8478897,19.0183868]}},{"type":"Feature","id":"node/13388561445","properties":{"addr:city":"Mumbai","addr:place":"Khodadar Circle","addr:street":"Dr Babasaheb Ambedkar Marg","addr:unit":"170","level":"0","name":"Paramounts Sports & Nutrition","shop":"sports","sport":"running;fitness","wheelchair":"no","id":"node/13388561445"},"geometry":{"type":"Point","coordinates":[72.8480067,19.0185728]}},{"type":"Feature","id":"node/13388564656","properties":{"name":"Jemoli","shop":"clothes","id":"node/13388564656"},"geometry":{"type":"Point","coordinates":[72.8471426,19.0174453]}},{"type":"Feature","id":"node/13388565847","properties":{"check_date":"2026-03-20","name":"Shree Mahavir","shop":"clothes","id":"node/13388565847"},"geometry":{"type":"Point","coordinates":[72.8466938,19.0169066]}},{"type":"Feature","id":"node/13388571088","properties":{"name":"Ankur","shop":"clothes","id":"node/13388571088"},"geometry":{"type":"Point","coordinates":[72.8471977,19.0176947]}},{"type":"Feature","id":"node/13388571781","properties":{"name:signed":"no","shop":"shoe_repair","id":"node/13388571781"},"geometry":{"type":"Point","coordinates":[72.8485679,19.0192317]}},{"type":"Feature","id":"node/13388573129","properties":{"amenity":"pharmacy","healthcare":"pharmacy","name":"Sai Krupa chemist","id":"node/13388573129"},"geometry":{"type":"Point","coordinates":[72.8486054,19.0194284]}},{"type":"Feature","id":"node/13388575283","properties":{"name":"Adie","shop":"chemist","id":"node/13388575283"},"geometry":{"type":"Point","coordinates":[72.8471873,19.0179102]}},{"type":"Feature","id":"node/13388575284","properties":{"name":"Zodiac","shop":"clothes","id":"node/13388575284"},"geometry":{"type":"Point","coordinates":[72.8469386,19.0171504]}},{"type":"Feature","id":"node/13388576662","properties":{"amenity":"bank","brand":"Yes Bank","brand:wikidata":"Q2040394","check_date":"2026-03-20","name":"Yes Bank","id":"node/13388576662"},"geometry":{"type":"Point","coordinates":[72.8468079,19.0170012]}},{"type":"Feature","id":"node/13388584583","properties":{"amenity":"clinic","healthcare":"clinic","healthcare:speciality":"cardiology","level":"0","name":"Pulse Cardiac Center and Speciality Clinic","id":"node/13388584583"},"geometry":{"type":"Point","coordinates":[72.8485901,19.0193504]}},{"type":"Feature","id":"node/13388584584","properties":{"amenity":"clinic","healthcare":"clinic","healthcare:speciality":"hematology","level":"0","name":"Hematology Day-Care Centre","id":"node/13388584584"},"geometry":{"type":"Point","coordinates":[72.8485416,19.019283]}},{"type":"Feature","id":"node/13388584603","properties":{"check_date":"2026-03-20","name":"Nityanand General Stores","shop":"general","id":"node/13388584603"},"geometry":{"type":"Point","coordinates":[72.8499204,19.0228909]}},{"type":"Feature","id":"node/13388826442","properties":{"amenity":"bench","seats":"3","id":"node/13388826442"},"geometry":{"type":"Point","coordinates":[72.8494126,19.0231114]}},{"type":"Feature","id":"node/13388826443","properties":{"amenity":"bench","seats":"3","id":"node/13388826443"},"geometry":{"type":"Point","coordinates":[72.8493959,19.0230848]}},{"type":"Feature","id":"node/13394582453","properties":{"bus":"yes","highway":"bus_stop","public_transport":"platform","id":"node/13394582453"},"geometry":{"type":"Point","coordinates":[72.81482,19.0090968]}},{"type":"Feature","id":"node/13394582454","properties":{"bus":"yes","highway":"bus_stop","public_transport":"platform","id":"node/13394582454"},"geometry":{"type":"Point","coordinates":[72.8149002,19.0092075]}},{"type":"Feature","id":"node/13394762929","properties":{"amenity":"fuel","brand":"Petrolimex","brand:wikidata":"Q10831598","name":"Bharat petroleum","id":"node/13394762929"},"geometry":{"type":"Point","coordinates":[72.8452828,18.9695448]}},{"type":"Feature","id":"node/13410698283","properties":{"addr:city":"Mumbai","addr:postcode":"400027","addr:street":"A G Pawar Marg","amenity":"place_of_worship","denomination":"hindu","name":"Chintamani Ganesh Temple","name:mr":"चिंतामणी गणेश मंदिर","religion":"hindu","id":"node/13410698283"},"geometry":{"type":"Point","coordinates":[72.8398817,18.9848616]}},{"type":"Feature","id":"node/13420305651","properties":{"amenity":"toilets","id":"node/13420305651"},"geometry":{"type":"Point","coordinates":[72.8187168,18.9910378]}},{"type":"Feature","id":"node/13420305654","properties":{"railway":"subway_entrance","id":"node/13420305654"},"geometry":{"type":"Point","coordinates":[72.8210086,18.9913916]}},{"type":"Feature","id":"node/13420305657","properties":{"leisure":"fitness_station","sport":"fitness","id":"node/13420305657"},"geometry":{"type":"Point","coordinates":[72.8194734,18.9910959]}},{"type":"Feature","id":"node/13441920859","properties":{"access":"private","amenity":"parking_entrance","id":"node/13441920859"},"geometry":{"type":"Point","coordinates":[72.8294121,18.9874435]}},{"type":"Feature","id":"node/13442679954","properties":{"access":"private","amenity":"parking_entrance","id":"node/13442679954"},"geometry":{"type":"Point","coordinates":[72.8294217,18.9869894]}},{"type":"Feature","id":"node/13442679955","properties":{"access":"private","amenity":"parking_entrance","id":"node/13442679955"},"geometry":{"type":"Point","coordinates":[72.8294203,18.986965]}},{"type":"Feature","id":"node/13447665113","properties":{"amenity":"bank","brand":"Yes Bank","brand:wikidata":"Q2040394","name":"Yes Bank","id":"node/13447665113"},"geometry":{"type":"Point","coordinates":[72.8383606,19.0304298]}},{"type":"Feature","id":"node/13447665127","properties":{"name":"Hakuna Matata Travel & More","name:en":"Hakuna Matata Travel & More","name:mr":"हकुना मटाटा ट्रॅव्हल ॲन्ड मोअर","shop":"travel_agency","id":"node/13447665127"},"geometry":{"type":"Point","coordinates":[72.8397004,19.0296086]}},{"type":"Feature","id":"node/13447665128","properties":{"contact:instagram":"switchhitsports","name":"Switch Hit Sporting Gears","name:en":"Switch Hit Sporting Gears","name:mr":"स्विच हिट स्पोर्टिंग गियर्स","phone":"+91 95941 26868;+91 83699 73868","shop":"sports","id":"node/13447665128"},"geometry":{"type":"Point","coordinates":[72.8396549,19.0296344]}},{"type":"Feature","id":"node/13473025456","properties":{"amenity":"bank","branch":"Charni Road Branch","brand":"Bandhan Bank","brand:wikidata":"Q19882235","name":"Bandhan Bank","id":"node/13473025456"},"geometry":{"type":"Point","coordinates":[72.8166531,18.9538057]}},{"type":"Feature","id":"node/13473025457","properties":{"name":"Korri","name:en":"Korri","name:hi":"कोरी","name:mr":"कोरी","shop":"clothes","id":"node/13473025457"},"geometry":{"type":"Point","coordinates":[72.8166763,18.9537099]}},{"type":"Feature","id":"node/13473034611","properties":{"mobile":"+91 75060 55410","name":"Lakshman Kumar","name:en":"Lakshman Kumar","shop":"motorcycle_repair","id":"node/13473034611"},"geometry":{"type":"Point","coordinates":[72.816252,18.9537679]}},{"type":"Feature","id":"node/13483737146","properties":{"check_date":"2026-03-20","level":"0","opening_hours":"07:30-12:20, 12:40-15:15, 15:30-20:40, 21:00-23:15, 23:30-07:15","ref":"24","shop":"ticket","wheelchair":"no","id":"node/13483737146"},"geometry":{"type":"Point","coordinates":[72.8438249,19.0178671]}},{"type":"Feature","id":"node/13483737147","properties":{"amenity":"vending_machine","level":"0","vending":"public_transport_tickets","id":"node/13483737147"},"geometry":{"type":"Point","coordinates":[72.8435847,19.0175605]}},{"type":"Feature","id":"node/13483737150","properties":{"amenity":"vending_machine","level":"0","vending":"public_transport_tickets","id":"node/13483737150"},"geometry":{"type":"Point","coordinates":[72.8436181,19.0176152]}},{"type":"Feature","id":"node/13483737155","properties":{"amenity":"vending_machine","level":"0","vending":"public_transport_tickets","id":"node/13483737155"},"geometry":{"type":"Point","coordinates":[72.8436157,19.0176113]}},{"type":"Feature","id":"node/13483737156","properties":{"amenity":"vending_machine","level":"0","vending":"public_transport_tickets","id":"node/13483737156"},"geometry":{"type":"Point","coordinates":[72.8436519,19.0176614]}},{"type":"Feature","id":"node/13483737157","properties":{"access":"yes","amenity":"toilets","check_date":"2026-03-20","fee":"no","level":"0","male":"yes","toilets:disposal":"flush","wheelchair":"no","id":"node/13483737157"},"geometry":{"type":"Point","coordinates":[72.8426993,19.0164118]}},{"type":"Feature","id":"node/13483737158","properties":{"check_date":"2026-03-20","level":"0","opening_hours":"07:45-12:40, 13:00-15:30, 15:45-21:00, 21:20-23:30","payment:cash":"no","payment:qr_code":"yes","payment:upi":"yes","ref":"25","shop":"ticket","wheelchair":"no","id":"node/13483737158"},"geometry":{"type":"Point","coordinates":[72.8438176,19.0178726]}},{"type":"Feature","id":"node/13483737163","properties":{"check_date":"2026-03-20","level":"0","opening_hours":"07:15-12:00, 12:20-15:00, 15:15-20:20, 20:40-23:00, 23:15-07:00","ref":"23","shop":"ticket","wheelchair":"no","id":"node/13483737163"},"geometry":{"type":"Point","coordinates":[72.8438335,19.0178619]}},{"type":"Feature","id":"node/13483737164","properties":{"amenity":"drinking_water","fee":"yes","indoor":"yes","level":"0","name":"Water Vending Machine","opening_hours":"24/7","operator":"Maa Tara Enterprises","id":"node/13483737164"},"geometry":{"type":"Point","coordinates":[72.8431179,19.0169854]}},{"type":"Feature","id":"node/13483737165","properties":{"access":"yes","amenity":"toilets","check_date":"2026-03-20","fee":"no","female":"yes","level":"0","toilets:disposal":"flush","wheelchair":"no","id":"node/13483737165"},"geometry":{"type":"Point","coordinates":[72.8427147,19.0164017]}},{"type":"Feature","id":"node/13483737167","properties":{"amenity":"vending_machine","level":"0","vending":"public_transport_tickets","id":"node/13483737167"},"geometry":{"type":"Point","coordinates":[72.8435871,19.0175644]}},{"type":"Feature","id":"node/13483737168","properties":{"amenity":"vending_machine","level":"0","vending":"public_transport_tickets","id":"node/13483737168"},"geometry":{"type":"Point","coordinates":[72.8437113,19.0176823]}},{"type":"Feature","id":"node/13483737170","properties":{"level":"0","payment:cash":"no","payment:qr_code":"yes","payment:upi":"yes","ref":"25A","shop":"ticket","wheelchair":"no","id":"node/13483737170"},"geometry":{"type":"Point","coordinates":[72.8438111,19.0178766]}},{"type":"Feature","id":"node/13483737171","properties":{"amenity":"vending_machine","level":"0","vending":"public_transport_tickets","id":"node/13483737171"},"geometry":{"type":"Point","coordinates":[72.8436543,19.0176653]}},{"type":"Feature","id":"node/13506262075","properties":{"addr:city":"Mumbai","addr:postcode":"400030","addr:street":"Mumbai Coastal Road","leisure":"park","name":"Worli Dome","id":"node/13506262075"},"geometry":{"type":"Point","coordinates":[72.8136484,19.0072191]}},{"type":"Feature","id":"node/13506627012","properties":{"railway":"subway_entrance","ref":"A4","id":"node/13506627012"},"geometry":{"type":"Point","coordinates":[72.8386258,19.0230463]}},{"type":"Feature","id":"node/13506627015","properties":{"amenity":"restaurant","diet:vegetarian":"yes","name":"Gold Rush","id":"node/13506627015"},"geometry":{"type":"Point","coordinates":[72.8383773,19.0229074]}},{"type":"Feature","id":"node/13506627021","properties":{"amenity":"cafe","name":"Prakash","id":"node/13506627021"},"geometry":{"type":"Point","coordinates":[72.8386864,19.0231855]}},{"type":"Feature","id":"node/13506627023","properties":{"name":"Tropical Fish Centre","shop":"pet","id":"node/13506627023"},"geometry":{"type":"Point","coordinates":[72.8386057,19.0231368]}},{"type":"Feature","id":"node/13506627026","properties":{"amenity":"restaurant","diet:vegetarian":"yes","name":"Sujata","id":"node/13506627026"},"geometry":{"type":"Point","coordinates":[72.8387543,19.022768]}},{"type":"Feature","id":"node/13506627032","properties":{"name":"Maharaja Agarbatti","shop":"perfumery","start_date":"1983","id":"node/13506627032"},"geometry":{"type":"Point","coordinates":[72.8387303,19.0237519]}},{"type":"Feature","id":"node/13506627043","properties":{"name":"Steelman","shop":"furniture","id":"node/13506627043"},"geometry":{"type":"Point","coordinates":[72.8385424,19.0231404]}},{"type":"Feature","id":"node/13506627048","properties":{"bus":"yes","highway":"bus_stop","name":"Ranade Road Junction","public_transport":"platform","shelter":"yes","id":"node/13506627048"},"geometry":{"type":"Point","coordinates":[72.8379986,19.0222917]}},{"type":"Feature","id":"node/13507403010","properties":{"highway":"elevator","railway":"subway_entrance","ref":"A1","wheelchair":"yes","id":"node/13507403010"},"geometry":{"type":"Point","coordinates":[72.8387076,19.0228349]}},{"type":"Feature","id":"node/13507403014","properties":{"railway":"subway_entrance","ref":"A3","id":"node/13507403014"},"geometry":{"type":"Point","coordinates":[72.8383235,19.0226962]}},{"type":"Feature","id":"node/13515379572","properties":{"amenity":"waste_basket","waste":"trash","id":"node/13515379572"},"geometry":{"type":"Point","coordinates":[72.845974,19.0250346]}},{"type":"Feature","id":"node/13528704079","properties":{"access":"private","amenity":"parking_entrance","id":"node/13528704079"},"geometry":{"type":"Point","coordinates":[72.8310643,19.0143293]}},{"type":"Feature","id":"node/13528839515","properties":{"access":"private","amenity":"parking_entrance","id":"node/13528839515"},"geometry":{"type":"Point","coordinates":[72.8307717,19.0135632]}},{"type":"Feature","id":"node/13536164138","properties":{"access":"private","amenity":"parking_entrance","id":"node/13536164138"},"geometry":{"type":"Point","coordinates":[72.8366673,19.0099015]}},{"type":"Feature","id":"node/13540048901","properties":{"access":"private","amenity":"parking_entrance","id":"node/13540048901"},"geometry":{"type":"Point","coordinates":[72.8416261,19.0229079]}},{"type":"Feature","id":"node/13540048904","properties":{"access":"private","amenity":"parking_entrance","id":"node/13540048904"},"geometry":{"type":"Point","coordinates":[72.8416367,19.0229292]}},{"type":"Feature","id":"node/13540048906","properties":{"access":"private","amenity":"parking_entrance","id":"node/13540048906"},"geometry":{"type":"Point","coordinates":[72.8416465,19.0229505]}},{"type":"Feature","id":"node/13540048914","properties":{"access":"private","amenity":"parking_entrance","id":"node/13540048914"},"geometry":{"type":"Point","coordinates":[72.8417195,19.0228249]}},{"type":"Feature","id":"node/13540287614","properties":{"access":"private","amenity":"parking_entrance","id":"node/13540287614"},"geometry":{"type":"Point","coordinates":[72.8351312,19.0219816]}},{"type":"Feature","id":"node/13540427418","properties":{"access":"private","amenity":"parking_entrance","id":"node/13540427418"},"geometry":{"type":"Point","coordinates":[72.8372206,19.01837]}},{"type":"Feature","id":"node/13540427420","properties":{"access":"private","amenity":"parking_entrance","id":"node/13540427420"},"geometry":{"type":"Point","coordinates":[72.8372627,19.018572]}},{"type":"Feature","id":"node/13540427426","properties":{"access":"private","amenity":"parking_entrance","id":"node/13540427426"},"geometry":{"type":"Point","coordinates":[72.8372926,19.0186412]}},{"type":"Feature","id":"node/13540427429","properties":{"access":"private","amenity":"parking_entrance","id":"node/13540427429"},"geometry":{"type":"Point","coordinates":[72.8372205,19.0184716]}},{"type":"Feature","id":"node/13540427431","properties":{"access":"private","amenity":"parking_entrance","id":"node/13540427431"},"geometry":{"type":"Point","coordinates":[72.8372029,19.018375]}},{"type":"Feature","id":"node/13540427437","properties":{"access":"private","amenity":"parking_entrance","id":"node/13540427437"},"geometry":{"type":"Point","coordinates":[72.8372456,19.0183593]}},{"type":"Feature","id":"node/13540690848","properties":{"access":"permissive","amenity":"parking_entrance","id":"node/13540690848"},"geometry":{"type":"Point","coordinates":[72.8374562,19.0180262]}},{"type":"Feature","id":"node/13542695196","properties":{"access":"private","amenity":"parking_entrance","id":"node/13542695196"},"geometry":{"type":"Point","coordinates":[72.8341404,19.0231212]}},{"type":"Feature","id":"node/13542695199","properties":{"access":"private","amenity":"parking_entrance","id":"node/13542695199"},"geometry":{"type":"Point","coordinates":[72.8339678,19.0232569]}},{"type":"Feature","id":"node/13542939672","properties":{"access":"private","amenity":"parking_entrance","id":"node/13542939672"},"geometry":{"type":"Point","coordinates":[72.8395927,19.0188164]}},{"type":"Feature","id":"node/13543239584","properties":{"access":"private","amenity":"parking_entrance","id":"node/13543239584"},"geometry":{"type":"Point","coordinates":[72.8317597,19.0143682]}},{"type":"Feature","id":"node/13545227487","properties":{"access":"private","amenity":"parking_entrance","id":"node/13545227487"},"geometry":{"type":"Point","coordinates":[72.8352041,19.0213008]}},{"type":"Feature","id":"node/13545665603","properties":{"access":"private","amenity":"parking_entrance","id":"node/13545665603"},"geometry":{"type":"Point","coordinates":[72.8298223,19.0189004]}},{"type":"Feature","id":"node/13545848443","properties":{"access":"private","amenity":"parking_entrance","id":"node/13545848443"},"geometry":{"type":"Point","coordinates":[72.8328852,19.0111811]}},{"type":"Feature","id":"node/13546199521","properties":{"amenity":"parking_entrance","id":"node/13546199521"},"geometry":{"type":"Point","coordinates":[72.8316867,19.0200765]}},{"type":"Feature","id":"node/13546199523","properties":{"amenity":"parking_entrance","id":"node/13546199523"},"geometry":{"type":"Point","coordinates":[72.8317129,19.0201166]}},{"type":"Feature","id":"node/13552431973","properties":{"access":"private","amenity":"parking_entrance","id":"node/13552431973"},"geometry":{"type":"Point","coordinates":[72.8368959,19.0247068]}},{"type":"Feature","id":"node/13552431984","properties":{"access":"private","amenity":"parking_entrance","id":"node/13552431984"},"geometry":{"type":"Point","coordinates":[72.8367588,19.0246984]}},{"type":"Feature","id":"node/13565939575","properties":{"access":"private","amenity":"parking_entrance","id":"node/13565939575"},"geometry":{"type":"Point","coordinates":[72.8359398,19.0092421]}},{"type":"Feature","id":"node/13568936226","properties":{"access":"private","amenity":"parking_entrance","id":"node/13568936226"},"geometry":{"type":"Point","coordinates":[72.8407122,19.0284848]}},{"type":"Feature","id":"node/13568936229","properties":{"access":"private","amenity":"parking_entrance","id":"node/13568936229"},"geometry":{"type":"Point","coordinates":[72.8405099,19.0285983]}},{"type":"Feature","id":"node/13568936231","properties":{"access":"private","amenity":"parking_entrance","id":"node/13568936231"},"geometry":{"type":"Point","coordinates":[72.840841,19.0287269]}},{"type":"Feature","id":"node/13568936234","properties":{"access":"private","amenity":"parking_entrance","id":"node/13568936234"},"geometry":{"type":"Point","coordinates":[72.8399338,19.0288929]}},{"type":"Feature","id":"node/13568936238","properties":{"access":"private","amenity":"parking_entrance","id":"node/13568936238"},"geometry":{"type":"Point","coordinates":[72.8399289,19.0290242]}},{"type":"Feature","id":"node/13569032289","properties":{"access":"private","amenity":"parking_entrance","id":"node/13569032289"},"geometry":{"type":"Point","coordinates":[72.8470588,19.0329383]}},{"type":"Feature","id":"node/13569482443","properties":{"access":"private","amenity":"parking_entrance","id":"node/13569482443"},"geometry":{"type":"Point","coordinates":[72.8400411,19.0226679]}},{"type":"Feature","id":"node/13569599382","properties":{"access":"private","amenity":"parking_entrance","id":"node/13569599382"},"geometry":{"type":"Point","coordinates":[72.8408948,19.0228171]}},{"type":"Feature","id":"node/13569685058","properties":{"access":"private","amenity":"parking_entrance","id":"node/13569685058"},"geometry":{"type":"Point","coordinates":[72.8471384,19.0382483]}},{"type":"Feature","id":"node/13577417278","properties":{"name":"Echo Point","tourism":"viewpoint","id":"node/13577417278"},"geometry":{"type":"Point","coordinates":[72.8060382,18.9565193]}},{"type":"Feature","id":"node/13602294879","properties":{"amenity":"atm","branch":"Kalbadevi","brand":"Union Bank of India","brand:wikidata":"Q2004078","operator":"Union Bank of India","operator:wikidata":"Q2004078","id":"node/13602294879"},"geometry":{"type":"Point","coordinates":[72.8281496,18.9512437]}},{"type":"Feature","id":"node/13629391827","properties":{"name":"Jain Bandhu","shop":"printing","id":"node/13629391827"},"geometry":{"type":"Point","coordinates":[72.8285354,18.9514705]}},{"type":"Feature","id":"node/13633845989","properties":{"addr:city":"Mumbai","addr:district":"Mumbai","addr:postcode":"400012","addr:street":"Royal imperia building, Parmar guruji Marg, lane, next to Bharat bank, opposite to global hospital","amenity":"hospital","healthcare":"hospital","healthcare:speciality":"orthopaedic_and_spine_surgeon","name":"M J Speciality Clinic - Dr Manoj Jain","website":"https://www.drmanojjainortho.com/","id":"node/13633845989"},"geometry":{"type":"Point","coordinates":[72.8386903,19.0009418]}},{"type":"Feature","id":"node/13634287511","properties":{"addr:postcode":"400014","addr:street":"Swami Gyan Jiwandas Marg","amenity":"restaurant","check_date":"2026-03-20","cuisine":"indian","name":"Cafe Muttuswami","phone":"+91-8657941303","id":"node/13634287511"},"geometry":{"type":"Point","coordinates":[72.8446127,19.0171496]}},{"type":"Feature","id":"node/13663989647","properties":{"access":"private","amenity":"parking_entrance","id":"node/13663989647"},"geometry":{"type":"Point","coordinates":[72.8493618,19.004685]}},{"type":"Feature","id":"node/13664203925","properties":{"access":"private","amenity":"parking_entrance","id":"node/13664203925"},"geometry":{"type":"Point","coordinates":[72.8407039,19.0072381]}},{"type":"Feature","id":"node/13667662948","properties":{"bench":"yes","bin":"no","bus":"yes","highway":"bus_stop","name":"Mahim","name:en":"Mahim","name:hi":"माहीम","name:mr":"माहीम","operator":"BEST","public_transport":"platform","shelter":"yes","id":"node/13667662948"},"geometry":{"type":"Point","coordinates":[72.8411306,19.0409852]}},{"type":"Feature","id":"node/13667662963","properties":{"amenity":"bank","brand":"IDFC First Bank","brand:wikidata":"Q22031467","name":"IDFC First Bank","id":"node/13667662963"},"geometry":{"type":"Point","coordinates":[72.8414325,19.0404989]}},{"type":"Feature","id":"node/13671676573","properties":{"access":"private","amenity":"parking_entrance","id":"node/13671676573"},"geometry":{"type":"Point","coordinates":[72.8498185,19.0116378]}},{"type":"Feature","id":"node/13671676574","properties":{"access":"private","amenity":"parking_entrance","id":"node/13671676574"},"geometry":{"type":"Point","coordinates":[72.8498234,19.0116146]}},{"type":"Feature","id":"node/13673721189","properties":{"amenity":"pub","microbrewery":"yes","name":"Bira 91 Taproom","id":"node/13673721189"},"geometry":{"type":"Point","coordinates":[72.8289139,19.0029382]}},{"type":"Feature","id":"node/13673721192","properties":{"amenity":"restaurant","brand":"Nando's","brand:wikidata":"Q3472954","cuisine":"chicken;portuguese","name":"Nando's","id":"node/13673721192"},"geometry":{"type":"Point","coordinates":[72.8276944,19.0033808]}},{"type":"Feature","id":"node/13673721193","properties":{"amenity":"restaurant","name":"Demy Bar + Kitchen","id":"node/13673721193"},"geometry":{"type":"Point","coordinates":[72.8278712,19.0036412]}},{"type":"Feature","id":"node/13673721194","properties":{"amenity":"restaurant","cuisine":"barbecue;tex-mex;american","name":"Border Bean Barbecue","id":"node/13673721194"},"geometry":{"type":"Point","coordinates":[72.8273483,19.0042685]}},{"type":"Feature","id":"node/13673721195","properties":{"amenity":"restaurant","cuisine":"pasta","name":"Toast Pasta Bar","id":"node/13673721195"},"geometry":{"type":"Point","coordinates":[72.8290461,19.0028492]}},{"type":"Feature","id":"node/13697619170","properties":{"amenity":"restaurant","name":"The Nutcracker","id":"node/13697619170"},"geometry":{"type":"Point","coordinates":[72.8036912,18.9665434]}},{"type":"Feature","id":"node/13697619171","properties":{"amenity":"bank","branch":"Bhulabhai Desai Road Branch","brand":"ICICI Bank","brand:wikidata":"Q1653258","name":"ICICI Bank","short_name":"ICICI","id":"node/13697619171"},"geometry":{"type":"Point","coordinates":[72.8036901,18.9665147]}},{"type":"Feature","id":"node/13720153428","properties":{"amenity":"parking_entrance","id":"node/13720153428"},"geometry":{"type":"Point","coordinates":[72.8231917,18.9757941]}},{"type":"Feature","id":"node/13720211901","properties":{"addr:postcode":"400026","addr:street":"Gopalrao Deshmukh Marg","amenity":"restaurant","cuisine":"chicken;chinese;indian","name":"Light of Persia","opening_hours":"Mo-Su 07:00-00:00","id":"node/13720211901"},"geometry":{"type":"Point","coordinates":[72.8092014,18.9698731]}},{"type":"Feature","id":"node/13752994701","properties":{"addr:postcode":"400008","addr:street":"Dr Anand Rao Nair Marg","amenity":"ice_cream","name":"Naturals","id":"node/13752994701"},"geometry":{"type":"Point","coordinates":[72.8202336,18.9676912]}},{"type":"Feature","id":"node/13758898203","properties":{"amenity":"security_booth","id":"node/13758898203"},"geometry":{"type":"Point","coordinates":[72.8304628,19.009485]}},{"type":"Feature","id":"node/13770724901","properties":{"addr:postcode":"400004","addr:street":"Mama Paramanand Marg","amenity":"bank","name":"Federal Bank","id":"node/13770724901"},"geometry":{"type":"Point","coordinates":[72.8162714,18.9554829]}},{"type":"Feature","id":"node/13770724902","properties":{"addr:postcode":"400004","addr:street":"Mama Paramanand Marg","amenity":"bank","name":"Kotak Mahindra Bank","id":"node/13770724902"},"geometry":{"type":"Point","coordinates":[72.8163983,18.9550932]}},{"type":"Feature","id":"node/13770724903","properties":{"addr:postcode":"400004","addr:street":"Mama Paramanand Marg","amenity":"bank","name":"State Bank of India","id":"node/13770724903"},"geometry":{"type":"Point","coordinates":[72.8158498,18.9557912]}},{"type":"Feature","id":"node/13770774801","properties":{"addr:postcode":"400007","addr:street":"J Shankarsheth Marg","amenity":"bank","name":"IDBI Bank","id":"node/13770774801"},"geometry":{"type":"Point","coordinates":[72.8136322,18.9606624]}},{"type":"Feature","id":"node/13787342401","properties":{"addr:postcode":"400007","addr:street":"N Bharucha Marg","amenity":"bank","name":"SVC Co-Operative Bank (Shamrao Vithal Co-operative Bank)","id":"node/13787342401"},"geometry":{"type":"Point","coordinates":[72.8165804,18.9666814]}},{"type":"Feature","id":"node/13787385401","properties":{"addr:postcode":"400007","addr:street":"Dr Dadasaheb Bhadkamkar Marg","amenity":"bank","name":"Bank of India","id":"node/13787385401"},"geometry":{"type":"Point","coordinates":[72.8190551,18.9654107]}},{"type":"Feature","id":"node/13797667525","properties":{"amenity":"restaurant","diet:vegan":"limited","diet:vegetarian":"only","name":"Manohar Pav Bhaji","id":"node/13797667525"},"geometry":{"type":"Point","coordinates":[72.8180876,18.955324]}},{"type":"Feature","id":"node/13797673600","properties":{"amenity":"restaurant","name":"The Girgaum Kitchen - Girgaon द गिरगांव किचन - गिरगांव","id":"node/13797673600"},"geometry":{"type":"Point","coordinates":[72.8214369,18.9542623]}},{"type":"Feature","id":"node/13802896937","properties":{"access":"private","amenity":"parking_entrance","id":"node/13802896937"},"geometry":{"type":"Point","coordinates":[72.8317272,18.9844088]}},{"type":"Feature","id":"node/13805494399","properties":{"access":"private","amenity":"parking_entrance","id":"node/13805494399"},"geometry":{"type":"Point","coordinates":[72.8262883,18.982397]}},{"type":"Feature","id":"node/13805506802","properties":{"access":"private","amenity":"parking_entrance","id":"node/13805506802"},"geometry":{"type":"Point","coordinates":[72.8259591,18.9835222]}},{"type":"Feature","id":"node/13805506806","properties":{"access":"private","amenity":"parking_entrance","id":"node/13805506806"},"geometry":{"type":"Point","coordinates":[72.8261169,18.9836126]}},{"type":"Feature","id":"node/13805506809","properties":{"access":"private","amenity":"parking_entrance","id":"node/13805506809"},"geometry":{"type":"Point","coordinates":[72.8262581,18.9836919]}},{"type":"Feature","id":"node/13806130670","properties":{"access":"private","amenity":"parking_entrance","id":"node/13806130670"},"geometry":{"type":"Point","coordinates":[72.8280781,18.9863335]}},{"type":"Feature","id":"node/13814226349","properties":{"access":"private","amenity":"parking_entrance","id":"node/13814226349"},"geometry":{"type":"Point","coordinates":[72.8266554,18.9968997]}},{"type":"Feature","id":"node/13820549533","properties":{"access":"private","amenity":"parking_entrance","id":"node/13820549533"},"geometry":{"type":"Point","coordinates":[72.8245856,18.9781668]}},{"type":"Feature","id":"node/13820564813","properties":{"access":"private","amenity":"parking_entrance","id":"node/13820564813"},"geometry":{"type":"Point","coordinates":[72.8246295,18.978197]}},{"type":"Feature","id":"node/13821278161","properties":{"access":"private","amenity":"parking_entrance","id":"node/13821278161"},"geometry":{"type":"Point","coordinates":[72.824495,19.0013049]}},{"type":"Feature","id":"node/13823405461","properties":{"access":"private","amenity":"parking_entrance","id":"node/13823405461"},"geometry":{"type":"Point","coordinates":[72.8253953,19.0016433]}},{"type":"Feature","id":"node/13823405462","properties":{"access":"private","amenity":"parking_entrance","id":"node/13823405462"},"geometry":{"type":"Point","coordinates":[72.8254003,19.0015978]}},{"type":"Feature","id":"node/13823649951","properties":{"access":"private","amenity":"parking_entrance","id":"node/13823649951"},"geometry":{"type":"Point","coordinates":[72.8300066,19.0037301]}},{"type":"Feature","id":"node/13823649955","properties":{"access":"private","amenity":"parking_entrance","id":"node/13823649955"},"geometry":{"type":"Point","coordinates":[72.8304254,19.0043236]}},{"type":"Feature","id":"node/13823649956","properties":{"access":"private","amenity":"parking_entrance","id":"node/13823649956"},"geometry":{"type":"Point","coordinates":[72.8304092,19.004286]}},{"type":"Feature","id":"node/13823649963","properties":{"access":"private","amenity":"parking_entrance","id":"node/13823649963"},"geometry":{"type":"Point","coordinates":[72.8305761,19.0046475]}},{"type":"Feature","id":"node/13824117252","properties":{"access":"private","amenity":"parking_entrance","id":"node/13824117252"},"geometry":{"type":"Point","coordinates":[72.8327924,19.0080552]}},{"type":"Feature","id":"node/13827441904","properties":{"access":"private","amenity":"parking_entrance","id":"node/13827441904"},"geometry":{"type":"Point","coordinates":[72.8236354,19.0121447]}},{"type":"Feature","id":"node/13827441911","properties":{"access":"private","amenity":"parking_entrance","id":"node/13827441911"},"geometry":{"type":"Point","coordinates":[72.8233133,19.0126567]}},{"type":"Feature","id":"node/13827562776","properties":{"access":"private","amenity":"parking_entrance","id":"node/13827562776"},"geometry":{"type":"Point","coordinates":[72.823481,19.0111067]}},{"type":"Feature","id":"node/13851286821","properties":{"artwork_type":"Fishermen Statue","tourism":"artwork","id":"node/13851286821"},"geometry":{"type":"Point","coordinates":[72.8393873,19.0447031]}},{"type":"Feature","id":"node/13863638645","properties":{"addr:city":"Mumbai","addr:postcode":"400007","addr:street":"Marine Drive","air_conditioning":"yes","amenity":"restaurant","cuisine":"indian","diet:vegetarian":"yes","name":"Thackers","opening_hours":"Mo-Su 11:30-15:00; 19:00-23:00","phone":"+91-22-23649300/1/2/3/4;+91-9833386232","website":"http://www.thackersmenu.in/","id":"node/13863638645"},"geometry":{"type":"Point","coordinates":[72.8148405,18.9537804]}},{"type":"Feature","id":"node/13863638647","properties":{"addr:city":"Mumbai","addr:postcode":"400007","addr:street":"Marine Drive","amenity":"restaurant","cuisine":"asian","name":"Asian Street Kitchen","opening_hours":"Mo-Su 12:00-15:30; 18:30-23:00","phone":"+91-22-23633624;+91-22-23623621;+91-9136955855","id":"node/13863638647"},"geometry":{"type":"Point","coordinates":[72.8144865,18.9548548]}},{"type":"Feature","id":"node/13890770947","properties":{"hairdresser":"barber","name":"Truefitt & Hill Prabhadevi","opening_hours":"Mo-Su 08:00-21:00","phone":"+919769202555","shop":"hairdresser","website":"https://truefittandhill.in","id":"node/13890770947"},"geometry":{"type":"Point","coordinates":[72.8308835,19.0140511]}},{"type":"Feature","id":"node/13903727842","properties":{"access":"private","amenity":"parking_entrance","id":"node/13903727842"},"geometry":{"type":"Point","coordinates":[72.7983399,18.9550683]}},{"type":"Feature","id":"node/13903925701","properties":{"addr:postcode":"400026","addr:street":"Gopalrao Deshmukh Marg","amenity":"bank","name":"HDFC Bank","id":"node/13903925701"},"geometry":{"type":"Point","coordinates":[72.8091015,18.9731632]}},{"type":"Feature","id":"node/13904156987","properties":{"access":"private","amenity":"parking_entrance","id":"node/13904156987"},"geometry":{"type":"Point","coordinates":[72.799206,18.9504071]}},{"type":"Feature","id":"node/13906259768","properties":{"access":"private","amenity":"parking_entrance","id":"node/13906259768"},"geometry":{"type":"Point","coordinates":[72.8099306,18.9681199]}},{"type":"Feature","id":"node/13906259771","properties":{"access":"private","amenity":"parking_entrance","id":"node/13906259771"},"geometry":{"type":"Point","coordinates":[72.8098372,18.9679716]}},{"type":"Feature","id":"node/13906713843","properties":{"access":"private","amenity":"parking_entrance","id":"node/13906713843"},"geometry":{"type":"Point","coordinates":[72.8088353,18.9747002]}},{"type":"Feature","id":"node/13908617940","properties":{"access":"private","amenity":"parking_entrance","id":"node/13908617940"},"geometry":{"type":"Point","coordinates":[72.811305,18.9719947]}},{"type":"Feature","id":"node/13908617943","properties":{"access":"private","amenity":"parking_entrance","id":"node/13908617943"},"geometry":{"type":"Point","coordinates":[72.8113383,18.9722028]}},{"type":"Feature","id":"node/13909297086","properties":{"access":"private","amenity":"parking_entrance","id":"node/13909297086"},"geometry":{"type":"Point","coordinates":[72.8214635,18.9957773]}},{"type":"Feature","id":"node/13917290071","properties":{"access":"private","amenity":"parking_entrance","parking":"multi-storey","id":"node/13917290071"},"geometry":{"type":"Point","coordinates":[72.8327135,19.007639]}},{"type":"Feature","id":"node/13917290074","properties":{"access":"private","amenity":"parking_entrance","parking":"multi-storey","id":"node/13917290074"},"geometry":{"type":"Point","coordinates":[72.8325248,19.0072861]}},{"type":"Feature","id":"node/13930069861","properties":{"female":"yes","male":"yes","name":"फ्लोरियन हरेल हेयर कॉचर एंड स्पा (वालकेश्वर)","name:en":"Florian Hurel Hair Couture and Spa (Walkeshwar)","name:mr":"फ्लोरियन हरेल हेयर कॉचर एंड स्पा (वालकेश्वर)","opening_hours":"Mo-Su 08:00-21:00","payment:credit_cards":"yes","payment:debit_cards":"yes","phone":"+9191674 41414","shop":"hairdresser","website":"https://florianhurelhaircouture.com/","id":"node/13930069861"},"geometry":{"type":"Point","coordinates":[72.8035787,18.9514249]}},{"type":"Feature","id":"node/13978447153","properties":{"bus":"yes","highway":"bus_stop","name":"Bandra Reclamation Bus Station","name:en":"Bandra Reclamation Bus Station","operator":"BEST","public_transport":"platform","ref":"19044","shelter":"yes","id":"node/13978447153"},"geometry":{"type":"Point","coordinates":[72.82691,19.0481487]}},{"type":"Feature","id":"node/13978699969","properties":{"bus":"yes","highway":"bus_stop","name":"Sewri Naka","name:en":"Sewri Naka","name:hi":"शिवड़ी नाका","name:mr":"शिवडी नाका","operator":"BEST","public_transport":"platform","id":"node/13978699969"},"geometry":{"type":"Point","coordinates":[72.8497891,18.9986907]}},{"type":"Feature","id":"node/13978699971","properties":{"alt_name":"Parel Village","alt_name:en":"Parel Village","bench":"no","bus":"yes","highway":"bus_stop","name":"Parel Gaon","name:en":"Parel Gaon","operator":"BEST","public_transport":"platform","ref":"02181","shelter":"no","id":"node/13978699971"},"geometry":{"type":"Point","coordinates":[72.8460972,19.0005294]}},{"type":"Feature","id":"node/13978699972","properties":{"alt_name":"Parel Village","alt_name:en":"Parel Village","bench":"yes","bus":"yes","highway":"bus_stop","name":"Parel Gaon","name:en":"Parel Gaon","operator":"BEST","public_transport":"platform","shelter":"yes","id":"node/13978699972"},"geometry":{"type":"Point","coordinates":[72.8459705,19.0007703]}},{"type":"Feature","id":"node/13978699973","properties":{"bench":"no","bus":"yes","highway":"bus_stop","name":"Haffkine Institute","name:en":"Haffkine Institute","operator":"BEST","public_transport":"platform","shelter":"no","id":"node/13978699973"},"geometry":{"type":"Point","coordinates":[72.8444329,19.0015293]}},{"type":"Feature","id":"node/13978699974","properties":{"bench":"yes","bus":"yes","highway":"bus_stop","name":"Wadia Maternity Hospital","name:en":"Wadia Maternity Hospital","operator":"BEST","public_transport":"platform","shelter":"yes","id":"node/13978699974"},"geometry":{"type":"Point","coordinates":[72.8428571,19.0025862]}},{"type":"Feature","id":"node/13978699975","properties":{"bench":"yes","bus":"yes","highway":"bus_stop","name":"Wadia Maternity Hospital","name:en":"Wadia Maternity Hospital","operator":"BEST","public_transport":"platform","shelter":"yes","id":"node/13978699975"},"geometry":{"type":"Point","coordinates":[72.8427498,19.0029856]}},{"type":"Feature","id":"node/13978699976","properties":{"bench":"yes","bus":"yes","highway":"bus_stop","name":"Tata Hospital","name:en":"Tata Hospital","operator":"BEST","public_transport":"platform","ref":"02250","shelter":"yes","id":"node/13978699976"},"geometry":{"type":"Point","coordinates":[72.8426921,19.0040241]}},{"type":"Feature","id":"node/13978699977","properties":{"alt_name":"Bhoiwada","alt_name:en":"Bhoiwada","bench":"yes","bus":"yes","highway":"bus_stop","name":"Mane Master Chowk","name:en":"Mane Master Chowk","operator":"BEST","public_transport":"platform","shelter":"yes","id":"node/13978699977"},"geometry":{"type":"Point","coordinates":[72.8446582,19.0053466]}},{"type":"Feature","id":"node/13978699978","properties":{"alt_name":"Bhoiwada","alt_name:en":"Bhoiwada","bench":"no","bus":"yes","highway":"bus_stop","name":"Mane Master Chowk","name:en":"Mane Master Chowk","operator":"BEST","public_transport":"platform","shelter":"no","id":"node/13978699978"},"geometry":{"type":"Point","coordinates":[72.8464124,19.0059286]}},{"type":"Feature","id":"node/13978699979","properties":{"bench":"yes","bus":"yes","highway":"bus_stop","name":"Naigaon Police Colony","name:en":"Naigaon Police Colony","name:mr":"नायगांव पोलीस वसाहत","operator":"BEST","public_transport":"platform","shelter":"yes","id":"node/13978699979"},"geometry":{"type":"Point","coordinates":[72.8472465,19.0074974]}},{"type":"Feature","id":"node/13978699980","properties":{"bench":"yes","bus":"yes","highway":"bus_stop","name":"Spring Mill","name:en":"Spring Mill","name:hi":"स्प्रिंग मिल","name:mr":"स्प्रिंग मिल","operator":"BEST","public_transport":"platform","shelter":"yes","id":"node/13978699980"},"geometry":{"type":"Point","coordinates":[72.8481866,19.009924]}},{"type":"Feature","id":"node/13978699981","properties":{"bench":"no","bus":"yes","highway":"bus_stop","name":"Dadasaheb Sarfare Chowk","name:en":"Dadasaheb Sarfare Chowk","operator":"BEST","public_transport":"platform","shelter":"no","id":"node/13978699981"},"geometry":{"type":"Point","coordinates":[72.8488498,19.0127687]}},{"type":"Feature","id":"node/13978699982","properties":{"bench":"yes","bin":"no","bus":"yes","highway":"bus_stop","name":"Shivaji Mandir","name:en":"Shivaji Mandir","public_transport":"platform","shelter":"yes","id":"node/13978699982"},"geometry":{"type":"Point","coordinates":[72.8416903,19.0233753]}},{"type":"Feature","id":"node/13978699983","properties":{"bench":"yes","bin":"no","bus":"yes","highway":"bus_stop","name":"Shivaji Mandir","name:en":"Shivaji Mandir","public_transport":"platform","ref":"07333","shelter":"yes","id":"node/13978699983"},"geometry":{"type":"Point","coordinates":[72.8423233,19.0231116]}},{"type":"Feature","id":"node/13978699984","properties":{"bench":"yes","bin":"no","bus":"yes","highway":"bus_stop","name":"Shivaji Mandir","name:en":"Shivaji Mandir","public_transport":"platform","shelter":"yes","id":"node/13978699984"},"geometry":{"type":"Point","coordinates":[72.8421061,19.023284]}},{"type":"Feature","id":"node/13978699985","properties":{"bench":"yes","bus":"yes","highway":"bus_stop","name":"Citylight Cinema","name:en":"Citylight Cinema","name:hi":"सिटीलाइट सिनेमा","name:mr":"सिटीलाइट सिनेमा","public_transport":"platform","ref":"07059","shelter":"yes","id":"node/13978699985"},"geometry":{"type":"Point","coordinates":[72.8417735,19.0298121]}},{"type":"Feature","id":"node/13978699986","properties":{"bench":"yes","bin":"no","bus":"yes","highway":"bus_stop","name":"Sitaladevi Temple","name:en":"Sitaladevi Temple","public_transport":"platform","ref":"19330","shelter":"yes","id":"node/13978699986"},"geometry":{"type":"Point","coordinates":[72.8422657,19.0325531]}},{"type":"Feature","id":"node/13978699987","properties":{"bench":"yes","bin":"no","bus":"yes","highway":"bus_stop","name":"Sitaladevi Temple","name:en":"Sitaladevi Temple","public_transport":"platform","shelter":"yes","id":"node/13978699987"},"geometry":{"type":"Point","coordinates":[72.842318,19.0334976]}},{"type":"Feature","id":"node/13978699988","properties":{"bench":"yes","bus":"yes","highway":"bus_stop","name":"Sitaladevi Temple","name:en":"Sitaladevi Temple","public_transport":"platform","ref":"19327","shelter":"yes","id":"node/13978699988"},"geometry":{"type":"Point","coordinates":[72.8423247,19.033613]}},{"type":"Feature","id":"node/13978951183","properties":{"bench":"no","bus":"yes","highway":"bus_stop","name":"Haffkine Institute","name:en":"Haffkine Institute","operator":"BEST","public_transport":"platform","shelter":"no","id":"node/13978951183"},"geometry":{"type":"Point","coordinates":[72.8443633,19.001419]}},{"type":"Feature","id":"node/13980187709","properties":{"amenity":"fast_food","name":"K. K restaurant","id":"node/13980187709"},"geometry":{"type":"Point","coordinates":[72.8394252,18.9552468]}},{"type":"Feature","id":"node/13980187710","properties":{"amenity":"dormitory","name":"Indian seamens hostel","id":"node/13980187710"},"geometry":{"type":"Point","coordinates":[72.8394949,18.9553648]}},{"type":"Feature","id":"node/13997077168","properties":{"access":"private","amenity":"parking_entrance","id":"node/13997077168"},"geometry":{"type":"Point","coordinates":[72.8215798,18.9590661]}},{"type":"Feature","id":"node/13997126320","properties":{"access":"private","amenity":"parking_entrance","id":"node/13997126320"},"geometry":{"type":"Point","coordinates":[72.8213965,18.9595207]}},{"type":"Feature","id":"node/13999310704","properties":{"access":"private","amenity":"parking_entrance","id":"node/13999310704"},"geometry":{"type":"Point","coordinates":[72.8202107,18.9683436]}},{"type":"Feature","id":"node/13999489597","properties":{"access":"private","amenity":"parking_entrance","id":"node/13999489597"},"geometry":{"type":"Point","coordinates":[72.819136,18.9974986]}},{"type":"Feature","id":"node/13999701440","properties":{"access":"private","amenity":"parking_entrance","id":"node/13999701440"},"geometry":{"type":"Point","coordinates":[72.8170661,19.0074133]}},{"type":"Feature","id":"node/13999701444","properties":{"access":"private","amenity":"parking_entrance","id":"node/13999701444"},"geometry":{"type":"Point","coordinates":[72.8172467,19.0078805]}},{"type":"Feature","id":"node/14002014050","properties":{"access":"private","amenity":"parking_entrance","id":"node/14002014050"},"geometry":{"type":"Point","coordinates":[72.8243168,19.0136261]}},{"type":"Feature","id":"node/14002256150","properties":{"access":"private","amenity":"parking_entrance","id":"node/14002256150"},"geometry":{"type":"Point","coordinates":[72.8270826,19.0123573]}},{"type":"Feature","id":"node/14002256153","properties":{"access":"private","amenity":"parking_entrance","id":"node/14002256153"},"geometry":{"type":"Point","coordinates":[72.8269507,19.0118488]}},{"type":"Feature","id":"node/14002256154","properties":{"access":"private","amenity":"parking_entrance","id":"node/14002256154"},"geometry":{"type":"Point","coordinates":[72.8270484,19.0118498]}},{"type":"Feature","id":"node/14002256156","properties":{"access":"private","amenity":"parking_entrance","id":"node/14002256156"},"geometry":{"type":"Point","coordinates":[72.827352,19.011864]}},{"type":"Feature","id":"node/14002260632","properties":{"access":"private","amenity":"parking_entrance","id":"node/14002260632"},"geometry":{"type":"Point","coordinates":[72.8295454,19.0122061]}},{"type":"Feature","id":"node/14002260650","properties":{"access":"private","amenity":"parking_entrance","id":"node/14002260650"},"geometry":{"type":"Point","coordinates":[72.8301359,19.0131132]}},{"type":"Feature","id":"node/14002260651","properties":{"access":"private","amenity":"parking_entrance","id":"node/14002260651"},"geometry":{"type":"Point","coordinates":[72.8293405,19.0130498]}},{"type":"Feature","id":"node/14007854500","properties":{"access":"private","amenity":"parking_entrance","id":"node/14007854500"},"geometry":{"type":"Point","coordinates":[72.8286945,19.0130287]}},{"type":"Feature","id":"node/14008577220","properties":{"access":"private","amenity":"parking_entrance","id":"node/14008577220"},"geometry":{"type":"Point","coordinates":[72.8412374,18.9819699]}},{"type":"Feature","id":"node/14013954728","properties":{"access":"private","amenity":"parking_entrance","id":"node/14013954728"},"geometry":{"type":"Point","coordinates":[72.8388504,18.9890107]}},{"type":"Feature","id":"node/14014150598","properties":{"access":"private","amenity":"parking_entrance","id":"node/14014150598"},"geometry":{"type":"Point","coordinates":[72.8305018,18.9818011]}},{"type":"Feature","id":"node/14014151936","properties":{"access":"private","amenity":"parking_entrance","id":"node/14014151936"},"geometry":{"type":"Point","coordinates":[72.8306864,18.9804145]}},{"type":"Feature","id":"node/14014287825","properties":{"addr:city":"Mumbai","addr:postcode":"400004","addr:street":"Vithalbhai Patel Road","amenity":"restaurant","cuisine":"indian","diet:vegetarian":"yes","name":"Navam Dining","phone":"+91-9372814589","id":"node/14014287825"},"geometry":{"type":"Point","coordinates":[72.8201612,18.9570597]}},{"type":"Feature","id":"node/14017255231","properties":{"access":"private","amenity":"parking_entrance","id":"node/14017255231"},"geometry":{"type":"Point","coordinates":[72.8486826,18.9973395]}},{"type":"Feature","id":"node/14017255237","properties":{"access":"private","amenity":"parking_entrance","id":"node/14017255237"},"geometry":{"type":"Point","coordinates":[72.8495418,18.9982814]}},{"type":"Feature","id":"node/14021631465","properties":{"access":"private","amenity":"parking_entrance","id":"node/14021631465"},"geometry":{"type":"Point","coordinates":[72.8288362,18.9637462]}},{"type":"Feature","id":"node/14021974262","properties":{"addr:city":"Mumbai","addr:district":"Lower Parel","addr:housenumber":"Ground Floor, Unit. No. 2","addr:postcode":"400013","addr:street":"Process House, Kamala Mills, Senapati Bapat Marg","amenity":"restaurant","brand":"Veronica's","cuisine":"burger;american;diner;fast_food;seafood;fries;french;grill;cocktail","name":"Veronica’s","opening_hours":"Mo-Su 08:00-22:00","phone":"+917400280187","id":"node/14021974262"},"geometry":{"type":"Point","coordinates":[72.8276657,19.0032964]}},{"type":"Feature","id":"node/14049050942","properties":{"amenity":"fast_food","cuisine":"dessert;sandwich;pizza","name":"The Croffle Guy's","id":"node/14049050942"},"geometry":{"type":"Point","coordinates":[72.8133625,18.9558073]}},{"type":"Feature","id":"node/14050491755","properties":{"addr:city":"Mumbai","addr:district":"Mumbai","addr:housenumber":"Dr Bhalerao Marg","addr:postcode":"400004","addr:street":"Kelewadi","amenity":"fast_food","cuisine":"sandwich;indian;pizza","diet:vegetarian":"yes","name":"Om  Yadav Fast food Centre","id":"node/14050491755"},"geometry":{"type":"Point","coordinates":[72.8199086,18.9544379]}},{"type":"Feature","id":"node/14051035256","properties":{"addr:city":"Mumbai","addr:district":"Maharashtra","addr:housenumber":"Jogani Industrail Estate","addr:postcode":"400028","addr:street":"Senapati Bapat Marg","amenity":"fast_food","cuisine":"tea","name":"Dharmendra Tea Stall","id":"node/14051035256"},"geometry":{"type":"Point","coordinates":[72.8371141,19.0140222]}},{"type":"Feature","id":"node/14096269137","properties":{"name":"Hype clothing","shop":"clothes","id":"node/14096269137"},"geometry":{"type":"Point","coordinates":[72.8375969,18.9970883]}},{"type":"Feature","id":"node/14096269284","properties":{"amenity":"bank","brand":"Bank of Baroda","brand:wikidata":"Q2003797","name":"Bank of Baroda","id":"node/14096269284"},"geometry":{"type":"Point","coordinates":[72.8373842,18.9965759]}},{"type":"Feature","id":"node/14096295159","properties":{"amenity":"bank","brand":"Punjab National Bank","brand:wikidata":"Q2743499","name":"Punjab National Bank","id":"node/14096295159"},"geometry":{"type":"Point","coordinates":[72.8373445,18.9965151]}},{"type":"Feature","id":"node/14096296778","properties":{"amenity":"bank","brand":"IDFC First Bank","brand:wikidata":"Q22031467","name":"IDFC First Bank","id":"node/14096296778"},"geometry":{"type":"Point","coordinates":[72.8375639,18.9969038]}},{"type":"Feature","id":"node/14096311624","properties":{"amenity":"bank","brand":"ICICI Bank","brand:wikidata":"Q1653258","name":"ICICI Bank","short_name":"ICICI","id":"node/14096311624"},"geometry":{"type":"Point","coordinates":[72.8370376,18.9957073]}},{"type":"Feature","id":"node/14096962736","properties":{"amenity":"pharmacy","name":"Apollo","id":"node/14096962736"},"geometry":{"type":"Point","coordinates":[72.8152935,19.001655]}},{"type":"Feature","id":"node/14096991858","properties":{"shop":"ticket","id":"node/14096991858"},"geometry":{"type":"Point","coordinates":[72.8206824,18.9915694]}},{"type":"Feature","id":"node/14101220341","properties":{"addr:city":"Mumbai,Dadar(East)","addr:district":"Mumbai","addr:postcode":"400014","addr:street":"Dr Babasaheb Ambedkar Marg (Vincent Road)","branch":"Dadar","building:name":"Latif Building","floor":"3","leisure":"fitness_centre","level":"0","name":"Cloud 9 Fitness Club - Dadar","opening_hours":"Mo-Fr 06.00-22.00; Su 06.30-12.00","phone":"02224137945","toilets":"yes","wheelchair":"no","id":"node/14101220341"},"geometry":{"type":"Point","coordinates":[72.8436733,19.0115821]}},{"type":"Feature","id":"node/14101252979","properties":{"name":"Girgaon Chowpatty;Kranti Nagar","name:en":"Girgaon Chowpatty;Kranti Nagar","name:hi":"गिरगाव चौपाटी;क्रांती नगर","name:mr":"गिरगाव चौपाटी;क्रांती नगर","railway":"subway_entrance","ref":"B1","id":"node/14101252979"},"geometry":{"type":"Point","coordinates":[72.8219144,18.9523652]}},{"type":"Feature","id":"node/14101252991","properties":{"amenity":"post_box","operator":"India Post","operator:wikidata":"Q3519720","id":"node/14101252991"},"geometry":{"type":"Point","coordinates":[72.8135839,18.9562474]}},{"type":"Feature","id":"node/14101252994","properties":{"name":"James Ferreira","shop":"interior_decoration","id":"node/14101252994"},"geometry":{"type":"Point","coordinates":[72.8205184,18.9552654]}},{"type":"Feature","id":"node/14101276001","properties":{"amenity":"bank","atm":"yes","brand":"Yes Bank","brand:wikidata":"Q2040394","check_date":"2026-08-17","name":"Yes Bank","id":"node/14101276001"},"geometry":{"type":"Point","coordinates":[72.8214011,18.9529265]}},{"type":"Feature","id":"node/14101276003","properties":{"brand":"Reliance Digital","brand:wikidata":"Q7311012","name":"Reliance Digital","shop":"electronics","id":"node/14101276003"},"geometry":{"type":"Point","coordinates":[72.8149013,18.9567607]}},{"type":"Feature","id":"node/14101276006","properties":{"information":"map","tourism":"information","id":"node/14101276006"},"geometry":{"type":"Point","coordinates":[72.8209946,18.9552609]}},{"type":"Feature","id":"node/14101276010","properties":{"amenity":"bank","branch":"Opera House","brand":"Bank of Baroda","brand:wikidata":"Q2003797","check_date":"2026-08-17","name":"Bank of Baroda","id":"node/14101276010"},"geometry":{"type":"Point","coordinates":[72.8153047,18.9569749]}},{"type":"Feature","id":"node/14101276012","properties":{"bench":"yes","bus":"yes","highway":"bus_stop","name":"Wilson College","operator":"BEST","public_transport":"platform","shelter":"yes","id":"node/14101276012"},"geometry":{"type":"Point","coordinates":[72.8106981,18.9562161]}},{"type":"Feature","id":"node/14101276014","properties":{"information":"office","name":"BEST","tourism":"information","id":"node/14101276014"},"geometry":{"type":"Point","coordinates":[72.8046226,18.9550667]}},{"type":"Feature","id":"node/14101276019","properties":{"bench":"yes","bus":"yes","highway":"bus_stop","name":"Chowpatty Band Stand","operator":"BEST","public_transport":"platform","shelter":"yes","id":"node/14101276019"},"geometry":{"type":"Point","coordinates":[72.8085624,18.9557637]}},{"type":"Feature","id":"node/14101276023","properties":{"shop":"dairy","id":"node/14101276023"},"geometry":{"type":"Point","coordinates":[72.8199479,18.9547292]}},{"type":"Feature","id":"node/14101276024","properties":{"name":"47A","tourism":"gallery","id":"node/14101276024"},"geometry":{"type":"Point","coordinates":[72.8210002,18.9553494]}},{"type":"Feature","id":"node/14101276025","properties":{"bench":"yes","bus":"yes","highway":"bus_stop","name":"Sukh Sagar","operator":"BEST","public_transport":"platform","shelter":"yes","id":"node/14101276025"},"geometry":{"type":"Point","coordinates":[72.813421,18.9561854]}},{"type":"Feature","id":"node/14101276031","properties":{"amenity":"taxi","id":"node/14101276031"},"geometry":{"type":"Point","coordinates":[72.8075708,18.9552519]}},{"type":"Feature","id":"node/14101544520","properties":{"addr:city":"Dadar(East), Mumbai","addr:district":"Mumbai","addr:postcode":"400014","addr:street":"Dr Babasaheb Ambedkar Marg (Vincent Road)","description":"Motorcycle Parts Store","level":"0","mobile":"08169309638","name":"RS 46 BIKERS","name:hi":"आर एस ४६ बाईकर्स","name:mr":"आर एस ४६ बाईकर्स","opening_hours":"Mo-Su 10:30-22:00","payment:credit_cards":"yes","payment:debit_cards":"yes","payment:nfc_mobile_payments":"yes","shop":"motorcycle_parts","id":"node/14101544520"},"geometry":{"type":"Point","coordinates":[72.8440558,19.0121526]}},{"type":"Feature","id":"node/14101580361","properties":{"addr:city":"Dadar(East), Mumbai","addr:district":"Mumbai","addr:floor":"ground","addr:housenumber":"8","addr:postcode":"400014","addr:street":"Dr Babasaheb Ambedkar Marg (Vincent Road)","amenity":"pharmacy","delivery":"yes","description":"Medical Supply Store","drive_through":"no","healthcare":"pharmacy","level":"0","mobile":"09892449174","name":"MAHALAXMI MEDICAL AND GENERAL STORES","name:hi":"महालक्ष्मी मेडिकल आणि जनरल स्टोअर्स","name:mr":"महालक्ष्मी मेडिकल आणि जनरल स्टोअर्स","opening_hours":"Mo 08:00-23:30; Tu-Su 08:00-23:00","payment:credit_cards":"yes","payment:debit_cards":"yes","payment:nfc_mobile_payments":"yes","id":"node/14101580361"},"geometry":{"type":"Point","coordinates":[72.8439271,19.0119181]}},{"type":"Feature","id":"node/14101608679","properties":{"addr:city":"Dadar(East), Mumbai","addr:district":"Mumbai","addr:housenumber":"3","addr:postcode":"400014","addr:street":"Dr Babasaheb Ambedkar Marg (Vincent Road)","delivery":"yes","internet_access":"wlan","internet_access:fee":"no","level":"0","lgbtq":"welcome","mobile":"09619923712","name":"Duroflex - Mattress, Dadar East","name:hi":"ड्यूरोफ्लेक्स - मैट्रेस, दादर ईस्ट","name:mr":"ड्यूरोफ्लेक्स - मैट्रेस, दादर ईस्ट","opening_hours":"Mo-Su 10:30-20:30","payment:credit_cards":"yes","payment:debit_cards":"yes","payment:google_pay":"yes","payment:nfc_mobile_payments":"yes","payment:upi":"yes","shop":"bed","website":"https://www.duroflexworld.com/","id":"node/14101608679"},"geometry":{"type":"Point","coordinates":[72.8436957,19.0116081]}},{"type":"Feature","id":"node/14101624140","properties":{"addr:city":"Dadar(East), Mumbai","addr:district":"Mumbai","addr:housenumber":"13","addr:postcode":"400014","addr:street":"Dr Babasaheb Ambedkar Marg (Vincent Road)","level":"0","mobile":"09833443831","name":"Suman Jewellers","opening_hours":"Mo-Su 10:00-22:30","payment:credit_cards":"yes","payment:debit_cards":"yes","payment:google_pay":"yes","payment:nfc_mobile_payments":"yes","payment:upi":"yes","shop":"jewelry","id":"node/14101624140"},"geometry":{"type":"Point","coordinates":[72.843826,19.0118135]}},{"type":"Feature","id":"node/14102345690","properties":{"addr:city":"Dadar(East), Mumbai","addr:district":"Mumbai","addr:housenumber":"4","addr:postcode":"400014","addr:street":"Dr Babasaheb Ambedkar Marg (Vincent Road)","delivery":"yes","level":"0","mobile":"09619702425","name":"Ajanta Hardware And Tools Centre","opening_hours":"Mo-Su 09:15-22:30","shop":"hardware","id":"node/14102345690"},"geometry":{"type":"Point","coordinates":[72.8437181,19.0116429]}},{"type":"Feature","id":"node/14102428806","properties":{"addr:city":"Dadar(East), Mumbai","addr:district":"Mumbai","addr:floor":"ground","addr:housenumber":"27","addr:postcode":"400014","addr:street":"Dr Babasaheb Ambedkar Marg (Vincent Road)","level":"0","name":"Lucky interiors","name:hi":"लक्की इंटीरियर्स","name:mr":"लक्की इंटीरियर्स","shop":"furniture","id":"node/14102428806"},"geometry":{"type":"Point","coordinates":[72.8442046,19.0123841]}},{"type":"Feature","id":"node/14103030905","properties":{"addr:city":"Naigaon, Dadar(East), Mumbai","addr:district":"Mumbai","addr:housenumber":"2","addr:postcode":"400014","addr:street":"Jyotiba Phule Marg","amenity":"pharmacy","dispensing":"yes","drive_through":"no","healthcare":"pharmacy","mobile":"09594503175","name":"J.P. Chemist","name:hi":"जे.पी केमिस्ट","name:mr":"जे.पी केमिस्ट","opening_hours":"Mo-Sa 08:00-23:00; Su 09:00-21:00","id":"node/14103030905"},"geometry":{"type":"Point","coordinates":[72.8463239,19.0128028]}},{"type":"Feature","id":"node/14104719212","properties":{"addr:city":"Naigaon, Dadar(East), Mumbai","addr:district":"Mumbai","addr:postcode":"400014","addr:street":"V V D Buva Road","payment:cash":"yes","payment:google_pay":"yes","payment:upi":"yes","shop":"general","id":"node/14104719212"},"geometry":{"type":"Point","coordinates":[72.8473878,19.011803]}},{"type":"Feature","id":"node/14104719213","properties":{"shop":"tailor","id":"node/14104719213"},"geometry":{"type":"Point","coordinates":[72.8473755,19.0117769]}},{"type":"Feature","id":"node/14104719241","properties":{"addr:city":"Dadar(East), Mumbai","addr:district":"Mumbai","addr:floor":"ground","addr:postcode":"400014","addr:street":"Dr Babasaheb Ambedkar Marg (Vincent Road)","level":"0","name":"Latest Mobiles","shop":"mobile_phone","id":"node/14104719241"},"geometry":{"type":"Point","coordinates":[72.8447386,19.0131702]}},{"type":"Feature","id":"node/14104719242","properties":{"addr:city":"Dadar(East), Mumbai","addr:district":"Mumbai","addr:housenumber":"1/2","addr:postcode":"400014","addr:street":"Dr Babasaheb Ambedkar Marg (Vincent Road)","floor":"ground","level":"0","name":"Furniture Gallery","shop":"furniture","id":"node/14104719242"},"geometry":{"type":"Point","coordinates":[72.8446851,19.0130916]}},{"type":"Feature","id":"node/14104719252","properties":{"addr:city":"Dadar(East), Mumbai","addr:district":"Mumbai","addr:floor":"ground","addr:housenumber":"3/4","addr:postcode":"400014","addr:street":"Dr Babasaheb Ambedkar Marg (Vincent Road)","level":"0","name":"Sleepwell Gallery","shop":"bed","id":"node/14104719252"},"geometry":{"type":"Point","coordinates":[72.8446484,19.0130417]}},{"type":"Feature","id":"node/14119124912","properties":{"name":"Museum of Solutions","phone":"+91 8828481000","short_name":"MuSo","tourism":"museum","website":"https://www.museumofsolutions.in/","wheelchair":"yes","id":"node/14119124912"},"geometry":{"type":"Point","coordinates":[72.8273915,19.0056826]}},{"type":"Feature","id":"node/14124408617","properties":{"amenity":"veterinary","name":"Dogs and Cats Veterinary Clinic","id":"node/14124408617"},"geometry":{"type":"Point","coordinates":[72.8423564,19.026018]}},{"type":"Feature","id":"node/14124408621","properties":{"hairdresser":"barber","name":"Ratnagiri Hair Cutting Salon","shop":"hairdresser","id":"node/14124408621"},"geometry":{"type":"Point","coordinates":[72.842392,19.0260317]}},{"type":"Feature","id":"node/14124408622","properties":{"name":"Arihant General Stores","shop":"general","id":"node/14124408622"},"geometry":{"type":"Point","coordinates":[72.842424,19.026044]}},{"type":"Feature","id":"node/14124408623","properties":{"amenity":"clinic","healthcare":"clinic","name":"Radhalakshmi Clinic","id":"node/14124408623"},"geometry":{"type":"Point","coordinates":[72.8424602,19.0260594]}},{"type":"Feature","id":"node/14133035690","properties":{"amenity":"restaurant","name":"cafe sunrise","id":"node/14133035690"},"geometry":{"type":"Point","coordinates":[72.8160249,18.962334]}},{"type":"Feature","id":"node/14144234143","properties":{"addr:city":"Mumbai","addr:district":"Mumbai","addr:housenumber":"23","addr:postcode":"400033","addr:street":"Ganesh Nagar Lane","amenity":"cafe","cuisine":"mexican;regional","delivery":"no","internet_access":"no","name":"high protein","opening_hours":"09:00-11:00","id":"node/14144234143"},"geometry":{"type":"Point","coordinates":[72.8397216,18.9888462]}},{"type":"Feature","id":"node/14144234144","properties":{"addr:city":"Mumbai","addr:district":"Mumbai","addr:postcode":"400033","addr:street":"Shrikanth Hadkar Marg","amenity":"cafe","cuisine":"burger;pizza;sandwich;regional","internet_access":"yes","internet_access:fee":"no","name":"food dudes","opening_hours":"10:00-12:00","id":"node/14144234144"},"geometry":{"type":"Point","coordinates":[72.8414255,18.9880005]}},{"type":"Feature","id":"node/14144234145","properties":{"amenity":"cafe","id":"node/14144234145"},"geometry":{"type":"Point","coordinates":[72.8419283,18.9890136]}},{"type":"Feature","id":"node/14144295508","properties":{"internet_access:fee":"no","name":"SBI-Dadar Metro","network":"Mumbai Metro","network:wikidata":"Q646414","operator":"MMRDA","public_transport":"station","railway":"station","station":"subway","subway":"yes","id":"node/14144295508"},"geometry":{"type":"Point","coordinates":[72.839928,19.0246547]}}]}